date,open,high,low,close,volume
2019-01-02,56928.3406,57021.2091,55721.0512,56278.2617,1934295
2019-01-03,55906.7723,55999.6407,53399.3257,53585.0625,3337621
2019-01-04,53399.3301,54328.0141,52656.3829,54142.2773,3388087
2019-01-07,54792.3513,55442.4300,54235.1409,54513.7461,2273750
2019-01-08,53770.7969,56185.3750,53492.1917,54978.0859,3062192
2019-01-09,55349.5685,59250.0415,55163.8317,59064.3047,4928656
2019-01-10,59528.6417,60921.6677,59435.7734,60643.0625,6034432
2019-01-11,60735.9294,61200.2714,59621.5087,60457.3242,2890639
2019-01-14,59714.3862,60457.3335,57578.4128,57671.2812,3282892
2019-01-15,57764.1461,59435.7773,57764.1461,59435.7773,2413868
2019-01-16,59250.0348,60271.5871,58228.4825,60178.7188,2478497
2019-01-17,60828.7963,61478.8750,59992.9808,60271.5859,2830122
2019-01-18,60364.4580,61014.5367,59342.9056,59992.9844,2263599
2019-01-21,61200.2796,62593.3057,60364.4639,62221.8320,3977425
2019-01-22,63057.6527,63150.5211,61014.5476,61850.3633,4047917
2019-01-23,60828.7968,62407.5595,60178.7181,62036.0859,2825017
2019-01-24,62128.9750,65472.2383,62128.9750,65472.2383,6914092
2019-01-25,66493.7686,69465.5571,66029.4266,69279.8203,7163871
2019-01-28,69372.6831,69558.4199,66122.2897,66679.5000,4972189
2019-01-29,66308.0534,68536.8956,65936.5797,68165.4219,3368642
2019-01-30,68258.2831,70858.5986,67793.9410,70487.1250,5304841
2019-01-31,71415.7940,71601.5308,68444.0054,68629.7422,4447535
2019-02-01,70022.7829,70951.4671,69372.7041,70487.1250,3349965
2019-02-07,71973.0097,72623.0885,71137.1941,71230.0625,4249110
2019-02-08,69837.0362,70115.6414,67793.9314,68258.2734,4012485
2019-02-11,67793.9474,68815.5000,67051.0000,68815.5000,3374192
2019-02-12,68815.4936,70951.4671,68629.7568,70487.1250,3526701
2019-02-13,71787.2711,72065.8763,70672.8504,70765.7188,2378193
2019-02-14,70394.2386,71880.1328,69744.1599,71880.1328,2313376
2019-02-15,71322.9350,71415.8034,68536.8828,68536.8828,4154616
2019-02-18,69001.2217,69929.9057,68722.6165,69372.6953,1772434
2019-02-19,69186.9550,69465.5602,67793.9290,68444.0078,1462071
2019-02-20,68443.9995,70579.9723,68351.1311,70301.3672,3134257
2019-02-21,69929.9049,71694.4045,69279.8261,71230.0625,2874589
2019-02-22,70208.5101,71230.0625,69929.9049,71230.0625,1882653
2019-02-25,71787.2730,72065.8782,69465.5630,70022.7734,2865712
2019-02-26,69651.2945,70487.1100,68815.4789,69837.0312,2483512
2019-02-27,69929.9021,70301.3757,68444.0078,68444.0078,2864044
2019-02-28,67329.5929,67422.4613,64915.0144,65007.8828,7869451
2019-03-04,65286.4751,66308.0273,64915.0015,65100.7383,4931703
2019-03-05,63429.1006,65007.8629,63429.1006,64729.2578,3465521
2019-03-06,63614.8682,64636.4208,62593.3156,63243.3945,4958303
2019-03-07,62407.5787,63986.3419,62314.7103,63243.3945,3402570
2019-03-08,63057.6395,63336.2447,61478.8768,61943.2188,3571792
2019-03-11,62221.8369,62964.7842,61478.8896,61850.3633,2869008
2019-03-12,62871.8945,63707.7100,62686.1578,62871.8945,2753535
2019-03-13,62871.9015,62964.7699,61200.2704,62036.0859,2851596
2019-03-14,62593.2942,62593.2942,61664.6103,62500.4258,3107100
2019-03-15,62593.3156,63800.6051,61943.2366,63243.3945,3645592
2019-03-18,64264.9310,64357.7994,62500.4315,62964.7734,2158588
2019-03-19,62500.4368,63150.5156,61850.3580,63150.5156,2285169
2019-03-20,63522.0014,65565.1067,62779.0540,65472.2383,3642962
2019-03-21,68258.2831,70579.9934,67422.4674,70487.1250,10030131
2019-03-22,73273.1667,73273.1667,70487.1148,70672.8516,5286455
2019-03-25,68444.0097,68908.3517,67422.4573,67701.0625,3752230
2019-03-26,67701.0493,68072.5228,66400.8919,67515.3125,2987678
2019-03-27,66679.5271,68815.5008,66122.3166,68165.4219,2744175
2019-03-28,67143.8594,68351.1487,66586.6489,67143.8594,2774932
2019-03-29,67701.0547,69558.4225,67515.3179,68908.3438,3214170
2019-04-01,70208.4959,71601.5216,70115.6275,71137.1797,3579070
2019-04-02,72344.4631,72437.3315,70672.8324,70951.4375,2719440
2019-04-03,71322.9086,74201.8281,71044.3035,74201.8281,4674142
2019-04-04,74666.1882,75594.8721,72251.6100,72808.8203,5436236
2019-04-05,72623.0764,73644.6286,72344.4712,73366.0234,2191720
2019-04-08,73273.1605,73551.7656,72065.8714,72344.4766,2663493
2019-04-09,72158.7332,73087.4170,71880.1280,72251.6016,2322860
2019-04-10,71230.0553,73180.2915,70765.7133,72994.5547,2689591
2019-04-11,73551.7675,73830.3726,72437.3467,72808.8203,2614388
2019-04-12,71880.1477,73180.3054,71880.1477,72530.2266,2317264
2019-04-15,73366.0306,74201.8462,72994.5570,74016.1094,2019931
2019-04-16,74201.8455,75037.6611,73458.8984,74666.1875,2206997
2019-04-17,75223.4003,76430.6894,74294.7163,74480.4531,2886956
2019-04-18,75037.6679,75409.1415,72901.6946,73551.7734,3295697
2019-04-19,74759.0700,76523.5698,74387.5964,75966.3594,3040186
2019-04-22,75687.7307,75966.3358,74201.8366,74759.0469,1887109
2019-04-23,75223.4062,75966.3535,74666.1958,75223.4062,1779318
2019-04-24,75687.7393,75687.7393,71973.0036,72901.6875,5318487
2019-04-25,72808.8220,75687.7423,72530.2168,74480.4531,5586360
2019-04-26,72901.6863,74201.8438,72065.8708,72994.5547,5183181
2019-04-29,73087.4219,74387.5793,72623.0799,74294.7109,2987384
2019-04-30,73737.4970,74944.7860,72530.2080,73366.0234,2960242
2019-05-02,74016.0975,75409.1231,73458.8872,74944.7812,3092434
2019-05-03,75316.2662,75502.0030,74573.3191,74666.1875,2481811
2019-05-07,73551.7495,74666.1700,73087.4077,74201.8281,2700371
2019-05-08,73087.4337,74759.0649,72437.3548,74573.3281,2731620
2019-05-09,73923.2468,74016.1152,69837.0372,70579.9844,5939278
2019-05-10,70672.8646,71230.0751,68165.4174,69094.1016,5702537
2019-05-13,68629.7470,69651.2994,67608.1946,68258.2734,3062929
2019-05-14,67050.9789,69744.1623,66493.7686,69279.8203,3712697
2019-05-15,69465.5505,69744.1556,68629.7350,69186.9453,2056131
2019-05-16,69094.0687,69744.1473,66493.7543,66772.3594,3467027
2019-05-17,67329.5732,68072.5202,66308.0211,66493.7578,2412668
2019-05-20,66679.5109,67608.1949,65657.9585,65843.6953,1970694
2019-05-21,65472.2251,67050.9880,64729.2779,65286.4883,3893536
2019-05-22,66215.1697,66215.1697,63614.8545,63986.3281,3128787
2019-05-23,63521.9892,64172.0681,62500.4368,63150.5156,3108370
2019-05-24,62500.4377,63707.7270,62221.8325,62779.0430,3339145
2019-05-27,63057.6410,63336.2462,61664.6151,62128.9570,2214176
2019-05-28,62407.5586,63429.1109,61200.2695,61200.2695,12052399
2019-05-29,60921.6736,61943.2261,60271.5948,61386.0156,6056903
2019-05-30,61571.7431,62128.9534,61107.4011,61200.2695,3023108
2019-05-31,61200.2729,62128.9568,60085.8521,60643.0625,3191350
2019-06-03,60550.2055,62407.5738,59621.5214,61850.3633,4020572
2019-06-04,61757.4817,61943.2185,60457.3242,60457.3242,2892681
2019-06-05,62128.9553,62779.0341,60271.5874,60457.3242,4832796
2019-06-07,60550.1968,61293.1440,59992.9864,60735.9336,2355869
2019-06-10,61386.0072,62221.8227,61107.4020,62036.0859,3091757
2019-06-11,62128.9612,62964.7768,61943.2244,62407.5664,2429182
2019-06-12,62036.0994,62314.7046,61014.5469,61014.5469,2437640
2019-06-13,60271.5952,60457.3320,58785.7007,58971.4375,5947811
2019-06-14,58692.8176,59435.7647,58135.6073,58599.9492,3686472
2019-06-17,58321.3524,59250.0364,57949.8788,59157.1680,2435039
2019-06-18,59250.0400,59621.5136,58785.6980,58878.5664,1549497
2019-06-19,61107.4088,62500.4348,60550.1984,62407.5664,6230370
2019-06-20,62407.5574,62593.2942,61478.8735,62500.4258,2773637
2019-06-21,62314.6902,62500.4270,61200.2695,61200.2695,2403002
2019-06-24,61200.2731,62593.2990,60921.6679,62128.9570,2164462
2019-06-25,61943.2188,62593.2975,61571.7452,61943.2188,1873766
2019-06-26,63429.1177,64636.4069,63057.6441,63986.3281,5024201
2019-06-27,65100.7488,66493.7748,64729.2752,65193.6172,5361201
2019-06-28,65843.6927,65843.6927,63521.9828,64543.5352,3117569
2019-07-01,65936.5669,65936.5669,64729.2776,65007.8828,3538183
2019-07-02,64729.2839,66586.6521,64172.0734,66308.0469,2495399
2019-07-03,66029.4224,66586.6327,64079.1863,64172.0547,2790684
2019-07-04,64636.4068,65657.9592,64357.8016,65193.6172,1503707
2019-07-05,65286.4839,65936.5627,63521.9844,63521.9844,2043271
2019-07-08,61664.6168,63150.5112,61478.8800,62593.3008,2202260
2019-07-09,63521.9831,65472.2194,63057.6411,64822.1406,2912514
2019-07-10,66400.9049,68165.4045,65936.5629,67701.0625,4346179
2019-07-11,68722.6070,70115.6328,68722.6070,70115.6328,5111929
2019-07-12,70208.5109,70394.2477,69094.0901,69372.6953,2638271
2019-07-15,69186.9560,71044.3239,69094.0876,70765.7188,2122090
2019-07-16,69465.5624,71044.3252,69465.5624,70672.8516,2450278
2019-07-17,69279.8203,69837.0307,68722.6100,69279.8203,2805672
2019-07-18,69001.2217,69837.0373,68629.7481,69372.6953,1902110
2019-07-19,70487.1218,71508.6743,70208.5166,71322.9375,2635348
2019-07-22,72251.6100,73551.7675,71508.6628,72808.8203,3213786
2019-07-23,74016.0966,74944.7804,72623.0710,73180.2812,4814941
2019-07-24,73180.3037,74480.4614,71601.5408,72065.8828,3562342
2019-07-25,74016.1154,74666.1942,72158.7474,73551.7734,3963383
2019-07-26,72530.1986,74573.3028,72437.3302,74108.9609,3095260
2019-07-29,73366.0400,73737.5136,71044.3298,71508.6719,2616782
2019-07-30,72623.0853,74294.7164,72158.7433,73273.1641,2371300
2019-07-31,72437.3492,73458.9016,69929.9025,71415.7969,3712241
2019-08-01,69929.9007,73087.4261,69929.9007,72158.7422,3397831
2019-08-02,70022.7728,71322.9304,69558.4308,70672.8516,4845952
2019-08-05,70115.6418,70579.9838,69558.4314,70022.7734,2889902
2019-08-06,67886.8024,68629.7497,66772.3816,66865.2500,5008247
2019-08-07,66865.2575,69001.2310,66865.2575,68072.5469,2692841
2019-08-08,68351.1487,69186.9644,66865.2541,67143.8594,2943206
2019-08-09,67979.6785,68815.4942,67143.8627,68072.5469,2100380
2019-08-12,68443.9982,69651.2872,68258.2615,69186.9453,1254926
2019-08-13,68722.6034,69744.1556,68443.9982,69186.9453,1304708
2019-08-14,71694.4021,72344.4808,70765.7181,71415.7969,2561643
2019-08-16,70394.2273,70951.4375,69744.1486,70951.4375,2015785
2019-08-19,71787.2687,71973.0055,69465.5589,69744.1641,1591728
2019-08-20,70115.6221,71137.1742,69744.1486,70951.4375,1694275
2019-08-21,70487.1028,71415.7866,70115.6292,70394.2344,1898789
2019-08-22,69929.9089,70579.9877,68536.8828,68536.8828,2309550
2019-08-23,68258.2858,69837.0489,68165.4174,69094.1016,1695532
2019-08-26,67422.4471,67793.9206,66400.8948,66679.5000,2645491
2019-08-27,67329.5955,68444.0164,67329.5955,67793.9375,2512610
2019-08-28,68258.2837,68444.0205,67329.5996,68072.5469,1380522
2019-08-29,68258.2837,68815.4942,66865.2575,68072.5469,2050860
2019-08-30,69279.8179,72437.3431,69279.8179,71880.1328,3839246
2019-09-02,71508.6724,72623.0932,71044.3303,72065.8828,1431352
2019-09-03,71694.4087,72065.8823,70858.5930,71508.6719,1611563
2019-09-04,71880.1328,74294.7109,71787.2644,74294.7109,2723541
2019-09-05,75594.8867,77080.7812,75409.1498,77080.7812,4068631
2019-09-06,78009.4631,78009.4631,75687.7529,76059.2266,2418057
2019-09-09,77173.6417,78566.6677,76616.4313,78288.0625,2642174
2019-09-10,78195.1693,78195.1693,76802.1437,77173.6172,1761883
2019-09-11,77452.2441,78288.0596,75502.0077,76709.2969,3650902
2019-09-16,75223.3930,75223.3930,73366.0253,73830.3672,5174391
2019-09-17,74294.7103,74666.1839,73458.8948,73737.5000,2538780
2019-09-18,74387.5847,74851.9267,73830.3744,74480.4531,2706678
2019-09-19,74851.9353,76802.1719,74573.3301,76802.1719,3612220
2019-09-20,76895.0307,77452.2410,76244.9519,76337.8203,2447172
2019-09-23,76059.2389,77359.3968,76059.2389,76895.0547,1413663
2019-09-24,76616.4189,77545.1028,75594.8666,77452.2344,1662830
2019-09-25,76337.8318,76895.0422,75687.7529,76059.2266,1644881
2019-09-26,77080.7620,77545.1040,76616.4201,77359.3672,1734941
2019-09-27,74480.4619,75687.7512,74387.5935,75594.8828,2625620
2019-09-30,74851.9260,76987.8991,74666.1892,76337.8203,2442478
2019-10-01,75966.3413,76616.4201,75873.4730,76152.0781,2370210
2019-10-02,75780.6033,75780.6033,73830.3672,73830.3672,2188097
2019-10-04,73273.1705,75502.0122,73273.1705,74573.3281,2430603
2019-10-07,74944.8017,75873.4858,74108.9861,74573.3281,1229105
2019-10-08,74666.1737,75316.2524,73737.4900,75130.5156,1816880
2019-10-10,73273.1551,73923.2337,72530.2080,73366.0234,4389324
2019-10-11,74108.9742,74759.0529,73737.5006,74294.7109,2186536
2019-10-14,76152.0726,76430.6777,74666.1785,74759.0469,1972409
2019-10-15,74944.7909,75873.4748,74759.0541,75409.1328,1518810
2019-10-16,76523.5781,76802.1834,76059.2360,76523.5781,2436269
2019-10-17,76152.0903,76337.8271,74851.9326,75223.4062,1713942
2019-10-18,75687.7367,75873.4735,71787.2644,71880.1328,13625664
2019-10-21,72251.6208,72808.8313,71601.5420,71973.0156,2096581
2019-10-22,73273.1617,73644.6352,72623.0829,73458.8984,3453958
2019-10-23,72901.6893,72994.5577,72158.7422,72158.7422,5373911
2019-10-24,74201.8425,74387.5793,73087.4219,74294.7109,3076100
2019-10-25,76523.5642,76987.9062,75687.7486,76987.9062,4229200
2019-10-28,77452.2483,78009.4587,76709.3010,76987.9062,1977758
2019-10-29,78009.4654,78009.4654,76987.9128,77080.7812,1645070
2019-10-30,77452.2417,77452.2417,75223.4002,75687.7422,1927042
2019-10-31,76059.2097,77452.2356,75780.6046,76152.0781,1978755
2019-11-01,76430.6702,77266.4856,75780.5916,77173.6172,1848046
2019-11-04,78009.4447,78845.2602,77823.7080,78659.5234,2182879
2019-11-05,79031.0000,79309.6052,78566.6580,79031.0000,1953720
2019-11-06,78752.4064,79123.8801,77545.1172,77545.1172,2127745
2019-11-07,77730.8528,78288.0632,76895.0372,77637.9844,1594558
2019-11-08,78566.6525,78566.6525,76152.0745,76430.6797,2074339
2019-11-11,76616.4286,76616.4286,74944.7974,75502.0078,2174477
2019-11-12,76059.2109,77266.5000,75502.0006,77266.5000,1555211
2019-11-13,77359.3660,77637.9711,76430.6821,77452.2344,1370289
2019-11-14,77266.4976,77823.7079,76987.8924,77452.2344,1517137
2019-11-15,78195.1987,79123.8828,77452.2515,79123.8828,2394138
2019-11-18,79866.8264,80331.1684,78659.5372,79402.4844,1827506
2019-11-19,79309.6106,79866.8210,78566.6634,79216.7422,2260299
2019-11-20,78380.9348,79123.8820,76709.3035,76802.1719,3315169
2019-11-21,75873.4626,76616.4096,74759.0421,75130.5156,3346746
2019-11-22,75130.5526,76244.9737,74944.8158,75873.5000,2089767
2019-11-25,76430.7105,77359.3947,75687.7632,75873.5000,2602474
2019-11-26,76152.0745,78102.3106,76152.0745,76430.6797,4521090
2019-11-27,76523.5667,77266.5139,76152.0930,76802.1719,1326621
2019-11-28,77173.6600,77823.7389,76616.4494,76895.0547,1413983
2019-11-29,76616.4096,76895.0148,74944.7789,75130.5156,2139440
2019-12-02,75130.5204,75966.3358,74759.0469,74759.0469,1945991
2019-12-03,72530.2115,73644.6322,71787.2644,73087.4219,11657151
2019-12-04,72437.3474,72530.2158,71322.9266,72158.7422,6164549
2019-12-05,74108.9650,74201.8334,72437.3342,73180.2812,3667358
2019-12-06,73644.6251,75037.6508,73458.8884,74851.9141,3054204
2019-12-09,75501.9915,75966.3334,74944.7812,74944.7812,2290088
2019-12-10,74108.9658,75130.5180,73737.4923,74944.7812,1831960
2019-12-11,74944.7824,75223.3876,74387.5722,74851.9141,2009331
2019-12-12,76152.0770,77545.1028,76152.0770,77452.2344,5247299
2019-12-13,80981.2260,81909.9098,79681.0687,81631.3047,5831965
2019-12-16,80981.2409,83024.3456,80795.5041,82281.3984,2652685
2019-12-17,84510.2438,87110.5590,83767.2966,86181.8750,5070618
2019-12-18,86739.0751,87760.6274,85253.1809,86367.6016,3434310
2019-12-19,88596.4594,89525.1435,86739.0913,86924.8281,4938375
2019-12-20,87389.1687,88317.8528,87017.6951,88224.9844,2791176
2019-12-23,88967.9128,89339.3863,87389.1503,87853.4922,1720279
2019-12-24,88224.9596,88782.1699,87110.5391,87110.5391,1464093
2019-12-26,87296.2872,88317.8395,86831.9453,88039.2344,1559839
2019-12-27,88977.8389,91042.7254,88414.6880,90104.1406,2229470
2019-12-30,89728.7053,90385.7146,88320.8281,88320.8281,1862634
2020-01-02,90104.1130,90291.8299,88320.8024,88883.9531,2342070
2020-01-03,90573.4193,91887.4378,88508.5331,88696.2500,3021380
2020-01-06,87288.3789,89447.1238,87100.6620,88508.5391,2577573
2020-01-07,88696.2533,89540.9795,88226.9609,88226.9609,2489429
2020-01-08,90479.5560,93389.1683,89353.2545,91418.1406,7014748
2020-01-09,92826.0087,92919.8672,91418.1320,92919.8672,3586413
2020-01-10,93013.7169,93576.8675,91887.4156,92826.0000,2867925
2020-01-13,92919.8731,94797.0423,91981.2886,94327.7500,2242008
2020-01-14,95266.3346,97143.5037,93764.5993,94327.7500,2913343
2020-01-15,93764.6175,93764.6175,91981.3065,92169.0234,2745625
2020-01-16,91418.1491,93295.3185,91418.1491,93107.6016,2824804
2020-01-17,94327.7440,95266.3285,92732.1503,92919.8672,2246394
2020-01-20,93858.4678,94797.0525,93483.0340,93764.6094,1781639
2020-01-21,94327.7705,94327.7705,92919.8933,93201.4688,1483291
2020-01-22,92919.8853,94797.0547,92919.8853,94797.0547,2257478
2020-01-23,94797.0574,94797.0574,92169.0201,92638.3125,2780104
2020-01-28,89634.8354,90948.8539,89165.5431,90385.7031,3630362
2020-01-29,90948.8528,92919.8806,90761.1359,91887.4375,2741459
2020-01-30,91793.5828,91793.5828,88039.2440,88226.9609,3223436
2020-01-31,88696.2645,91512.0189,87757.6797,87757.6797,4597139
2020-02-03,86162.0580,89728.6792,85880.4827,88883.9531,3725535
2020-02-04,88977.8256,91512.0042,88696.2502,91136.5703,3169743
2020-02-05,93201.4700,93201.4700,90948.8665,91699.7344,2911995
2020-02-06,92826.0147,94797.0423,92262.8639,94327.7500,2861441
2020-02-07,93858.4781,94327.7705,92356.7424,93201.4688,1827393
2020-02-10,91981.2731,93107.5744,91418.1224,92732.1406,1825648
2020-02-11,93764.6085,94327.7593,92919.8823,93670.7500,1820578
2020-02-12,94327.7611,94797.0534,93013.7425,93858.4688,2616573
2020-02-13,94797.0636,97143.5256,94327.7713,95735.6484,3519491
2020-02-14,95266.3399,98551.3861,94797.0475,98082.0938,1893163
2020-02-17,98082.1061,99489.9832,97143.5213,98551.3984,1190162
2020-02-18,97612.8180,98082.1104,95266.3560,95735.6484,2789667
2020-02-19,96204.9232,97143.5078,94797.0463,97143.5078,2315634
2020-02-20,98082.0970,99489.9740,96204.9277,97612.8047,3093782
2020-02-21,95266.3572,97143.5268,94797.0648,96674.2344,4064719
2020-02-24,94327.7644,94327.7644,92826.0289,93389.1797,5550758
2020-02-25,91793.5799,93013.7400,90479.5614,91981.2969,6594059
2020-02-26,89634.8277,90197.9784,88602.3846,88790.1016,6405409
2020-02-27,88883.9671,89447.1179,86537.5055,87100.6562,4644449
2020-02-28,85411.1901,86537.4915,82313.8612,82501.5781,8171939
2020-03-02,84472.6054,87382.2173,82877.0117,86443.6328,6382279
2020-03-03,89165.5425,89259.4010,86725.2224,87100.6562,5573006
2020-03-04,85692.7849,89165.5484,85692.7849,88508.5391,4984561
2020-03-05,89353.2551,90010.2643,88039.2366,89071.6797,4028776
2020-03-06,87569.9546,88508.5393,86349.7945,86912.9453,3281612
2020-03-09,86912.9453,86912.9453,86912.9453,86912.9453,0
2020-03-10,81563.0121,83909.4739,81281.4366,83627.8984,6579153
2020-03-11,82783.1709,83064.7463,79873.5583,80248.9922,5226251
2020-03-12,78653.3972,79404.2649,74711.3415,77714.8125,8191818
2020-03-13,72177.1603,79498.1206,71332.4341,77433.2344,8160758
2020-03-16,78559.5180,79591.9609,75462.1894,75649.9062,5097762
2020-03-17,72740.3153,77996.3897,72271.0229,75462.2109,7107436
2020-03-18,76588.5262,77433.2526,68516.6962,68610.5547,7949482
2020-03-19,70863.1357,71144.7111,61758.8653,64762.3359,11140367
2020-03-20,67390.3788,71520.1513,65794.7849,70206.1328,8750101
2020-03-23,65419.3488,67202.6596,63823.7550,65137.7734,8192363
2020-03-24,68516.6988,73960.4913,67671.9724,73866.6328,7247345
2020-03-25,76963.9369,79498.1154,74899.0508,79310.3984,8787217
2020-03-26,79779.6788,82501.5737,75462.1903,75743.7656,7895289
2020-03-27,80436.6967,80436.6967,75556.0570,78184.0938,8085695
2020-03-30,76025.3604,79685.8407,75086.7757,78559.5391,5270037
2020-03-31,78841.1029,80248.9798,76963.9338,78184.0938,5333479
2020-04-01,77057.8187,78090.2621,73585.0547,73585.0547,6845675
2020-04-02,73960.4718,75086.7734,71801.7271,75086.7734,5394371
2020-04-03,75086.7698,75837.6375,73678.8929,74711.3359,3755301
2020-04-06,76025.3551,78184.0997,75274.4874,77996.3828,5784159
2020-04-07,81281.4381,81375.2966,78559.5424,80530.5703,6188649
2020-04-08,80530.5584,81187.5676,79310.3984,79310.3984,3749575
2020-04-09,80906.0127,81187.5882,79310.4185,79779.7109,3555538
2020-04-10,78841.1025,79216.5363,77902.5179,78934.9609,3675338
2020-04-13,78090.2414,78277.9583,76119.2137,76400.7891,3615318
2020-04-14,77151.6572,78559.5341,76213.0725,77245.5156,3344109
2020-04-16,75649.9127,77245.5064,75649.9127,76306.9219,4470072
2020-04-17,78465.6687,80624.4131,78090.2348,78934.9609,6205624
2020-04-20,78747.2562,78747.2562,76963.9453,76963.9453,5027876
2020-04-21,75649.9127,77151.6479,75274.4789,76306.9219,5090721
2020-04-22,75649.9433,78747.2734,75086.7923,78747.2734,5335787
2020-04-23,79967.4139,79967.4139,76963.9429,77527.0938,6519481
2020-04-24,76963.9398,77433.2322,75837.6383,76400.7891,3193144
2020-04-27,76682.3675,78090.2446,76213.0752,77527.0938,3235430
2020-04-28,77433.2347,78747.2533,77339.3763,78277.9609,3205535
2020-04-29,78371.8221,79591.9822,77808.6713,78559.5391,3750568
2020-05-04,77808.6783,77808.6783,75837.6502,76025.3672,5280026
2020-05-06,76963.9411,77433.2335,75931.4980,77339.3750,3351424
2020-05-07,77339.3750,78277.9596,76776.2242,77339.3750,2660512
2020-05-08,77902.5413,80249.0034,77902.5413,79779.7109,5039635
2020-05-11,79310.3984,79967.4077,78934.9646,79310.3984,2800047
2020-05-12,79310.4016,81187.5708,78090.2415,80436.7031,3574409
2020-05-13,78371.8134,78934.9642,77902.5211,78465.6719,5371416
2020-05-14,77151.6414,77433.2167,75649.9062,75649.9062,6409652
2020-05-15,76494.6521,77245.5198,75743.7843,76870.0859,4168866
2020-05-18,75462.2095,76776.2280,74335.9078,76119.2188,5294177
2020-05-19,77339.3777,78090.2455,76682.3684,77620.9531,4620614
2020-05-20,76870.0749,79028.8194,76776.2165,78934.9609,3924403
2020-05-21,79685.8379,79685.8379,78090.2440,78277.9609,2678953
2020-05-22,77996.3740,78184.0909,76025.3465,76306.9219,3471700
2020-05-25,76494.6475,76776.2229,75556.0629,76400.7891,2850294
2020-05-26,75649.9258,77057.8029,75649.9258,76870.0859,3040122
2020-05-27,76119.2137,77620.9491,76025.3552,76400.7891,2946278
2020-05-28,78934.9904,80155.1508,77339.3961,78747.2734,9227823
2020-05-29,77527.0995,77620.9579,76306.9393,76494.6562,6815185
2020-06-01,77057.7950,78559.5303,77057.7950,78465.6719,4205357
2020-06-02,77620.9430,78465.6691,77620.9430,78184.0938,3114162
2020-06-03,78277.9621,83721.7533,78277.9621,83252.4609,11642239
2020-06-04,84472.6358,85974.3715,81750.7397,82313.8906,6678244
2020-06-05,83064.7285,85223.4729,82313.8609,84848.0391,4000557
2020-06-08,87288.3804,87288.3804,85035.7770,85411.2109,3789382
2020-06-09,85411.1841,86349.7686,83627.8737,84284.8828,3410081
2020-06-10,84284.9152,85505.0754,83909.4813,85223.5000,3045250
2020-06-11,83815.6020,84754.1866,82126.1498,83064.7344,5467344
2020-06-12,79310.4048,80530.5649,79310.4048,79967.4141,4742329
2020-06-15,78934.9732,81187.5765,76963.9453,76963.9453,4710114
2020-06-16,78277.9558,80436.7004,78184.0973,80155.1250,3518785
2020-06-17,79591.9868,82032.3071,78371.8266,81469.1562,4160612
2020-06-18,80812.1493,81469.1587,80155.1400,80906.0078,2484147
2020-06-19,81187.5681,81656.8604,79310.3989,80155.1250,3216102
2020-06-22,79216.5514,80624.4285,79122.6929,79685.8438,2167216
2020-06-23,80342.8378,80905.9885,78747.2440,78934.9609,2955819
2020-06-24,79028.8365,82032.3077,78841.1195,80718.2891,4079834
2020-06-25,79122.6797,80342.8396,78841.1043,79122.6797,3397112
2020-06-26,80718.2763,80812.1347,79310.3994,79404.2578,2889494
2020-06-29,78841.1057,80061.2657,78371.8134,78465.6719,2932433
2020-06-30,80905.9978,81938.4409,79779.6962,79873.5547,4983607
2020-07-01,81469.1584,81938.4508,79685.8473,80061.2812,2382552
2020-07-02,79591.9650,79967.3988,78841.0975,79216.5312,3295340
2020-07-03,79779.6912,80342.8419,79310.3989,80155.1250,2195897
2020-07-06,80718.2891,81656.8738,80530.5721,80718.2891,2561766
2020-07-07,81938.4462,81938.4462,79404.2674,79591.9844,3196352
2020-07-08,78653.3975,79685.8407,78465.6806,78559.5391,3523620
2020-07-09,79028.8408,79404.2748,77902.5391,77902.5391,4002365
2020-07-10,78184.1048,78371.8218,77339.3786,77714.8125,2201557
2020-07-13,77996.3975,78371.8315,77433.2467,77902.5391,2080934
2020-07-14,77527.0965,77808.6719,76963.9456,77808.6719,2048671
2020-07-15,77996.3975,78747.2654,77808.6806,77902.5391,3024429
2020-07-16,77902.5285,77996.3870,77245.5193,77620.9531,2312310
2020-07-17,77620.9549,78371.8227,77527.0965,77808.6719,1579078
2020-07-20,77714.8070,77902.5240,77057.7978,77151.6562,2008624
2020-07-21,78277.9518,79498.1117,77902.5179,78934.9609,4181015
2020-07-22,78934.9763,79028.8347,77808.6746,78090.2500,2876295
2020-07-23,78841.1104,78841.1104,77245.5165,77339.3750,3591647
2020-07-24,77245.5205,78559.5391,77151.6620,78559.5391,3667416
2020-07-27,77996.3879,78841.1141,77714.8125,77714.8125,2784652
2020-07-28,78747.2505,78747.2505,77620.9490,77996.3828,4538720
2020-07-29,77808.6746,78653.4008,77527.0992,78090.2500,3719681
2020-07-30,78184.1117,81093.7245,77902.5363,80061.2812,6870841
2020-07-31,80436.7081,80718.2835,77714.8125,77714.8125,4848989
2020-08-03,77339.3695,77527.0864,76494.6434,76776.2188,3483106
2020-08-04,76776.2169,77433.2261,76400.7831,76588.5000,3005937
2020-08-05,76213.0579,76306.9163,75556.0487,75743.7656,4537005
2020-08-06,75743.7849,76870.0865,75743.7849,76119.2188,3391939
2020-08-07,76213.0569,76306.9154,75086.7556,75649.9062,4946631
2020-08-10,75180.6290,76870.0814,74899.0537,76400.7891,3277238
2020-08-11,76682.3557,76963.9310,76025.3465,76306.9219,3234013
2020-08-12,76119.2257,76306.9426,75274.4994,76025.3672,3595828
2020-08-13,76870.0670,76963.9254,75368.3318,75743.7656,4049387
2020-08-14,75274.4922,76119.2184,75180.6337,75274.4922,2589552
2020-08-18,75086.7798,75274.4967,73209.6103,73303.4688,4946279
2020-08-19,72552.6044,73209.6138,70393.8594,70393.8594,8028305
2020-08-20,69830.6869,69830.6869,66921.0749,67390.3672,7260223
2020-08-21,68328.9456,72271.0001,68047.3702,69924.5391,7700029
2020-08-24,70018.4067,72458.7265,69173.6806,70863.1328,4298619
2020-08-25,71614.0219,72928.0406,70769.2955,72271.0312,3473488
2020-08-26,73209.5933,74242.0363,72364.8672,73960.4609,4741965
2020-08-27,75274.4900,75274.4900,73960.4715,74242.0469,4223450
2020-08-28,74617.4767,74711.3351,72928.0244,73021.8828,2511956
2020-08-31,73397.3154,73960.4661,70487.7031,70487.7031,5113128
2020-09-01,70581.5625,71801.7225,70581.5625,70581.5625,2538676
2020-09-02,71238.5666,71707.8589,70299.9821,70863.1328,2369360
2020-09-03,72928.0479,74805.2177,72458.7554,73866.6328,7002529
2020-09-04,71707.8875,74523.6423,71426.3120,73866.6328,4582566
2020-09-07,73772.7717,74617.4981,72834.1868,73585.0547,2786930
2020-09-08,73866.6080,75086.7679,73397.3157,74523.6172,3380355
2020-09-09,73115.7288,73585.0210,72458.7197,72552.5781,3918435
2020-09-10,73209.5965,73397.3134,71895.5781,71895.5781,3541520
2020-09-11,71989.4604,73678.9132,71614.0264,73585.0547,2831262
2020-09-14,74242.0472,75180.6319,74054.3303,75086.7734,4099644
2020-09-15,76306.9351,77057.8029,75274.4920,76870.0859,5899410
2020-09-16,76682.3732,77339.3825,75556.0715,76494.6562,3119110
2020-09-17,76870.0809,77808.6655,76213.0716,77151.6562,4055050
2020-09-18,77808.6713,78747.2560,77151.6620,78559.5391,5199334
2020-09-21,78559.5308,79779.6907,78465.6723,79310.3984,4102947
2020-09-22,79216.5339,79591.9677,75274.4789,76306.9219,4139983
2020-09-23,77245.5119,79591.9734,75556.0596,78465.6719,4439085
2020-09-24,77714.8028,80155.1227,77245.5105,79122.6797,6401560
2020-09-25,80530.5675,80624.4260,77151.6626,77808.6719,3205596
2020-09-28,78277.9606,78559.5360,76306.9328,77433.2344,3154068
2020-09-29,77996.3987,79685.8513,77151.6723,78841.1250,4707898
2020-10-05,77902.5331,78934.9763,77245.5237,78090.2500,3396894
2020-10-06,78841.1239,79028.8408,77527.1051,77902.5391,2750145
2020-10-07,77808.6686,78559.5363,77433.2347,78277.9609,2254356
2020-10-08,79122.6905,79310.4074,77808.6719,77808.6719,3330824
2020-10-12,78747.2567,80248.9922,78371.8228,80248.9922,4464264
2020-10-13,80248.9704,83534.0160,79404.2444,82783.1484,6375448
2020-10-14,82595.4393,83440.1654,80812.1287,81187.5625,3223767
2020-10-15,80812.1419,81938.4435,80624.4249,81750.7266,2802900
2020-10-16,81656.8754,82501.6017,79685.8473,80061.2812,2435541
2020-10-19,80812.1383,82501.5906,80530.5629,81375.2891,3150011
2020-10-20,80061.2725,85317.3467,78559.5371,79967.4141,6622637
2020-10-21,80061.2835,80906.0098,77714.8214,78653.4062,4925877
2020-10-22,79028.8199,79122.6783,77433.2261,78184.0938,2593975
2020-10-23,77714.8300,79498.1414,77245.5376,78747.2734,2609595
2020-10-26,79122.6932,79498.1271,77902.5331,78090.2500,1662847
2020-10-27,77245.5183,78277.9615,76776.2260,77527.0938,2265817
2020-10-28,77057.8041,78465.6812,76963.9456,77808.6719,1773556
2020-10-29,76870.0920,77339.3843,76025.3657,76682.3750,2637314
2020-10-30,76588.5000,77057.7923,74992.9062,74992.9062,2710477
2020-11-02,75274.4867,75649.9206,74335.9021,74711.3359,2000394
2020-11-03,74711.3367,76400.7891,74711.3367,76400.7891,2057723
2020-11-04,77057.8068,79216.5517,76213.0805,78090.2500,3782296
2020-11-05,78934.9789,80906.0069,78184.1111,80812.1484,4082325
2020-11-06,81187.5763,82313.8780,80718.2840,80999.8594,2863808
2020-11-09,81187.5814,81938.4492,80342.8552,80718.2891,2444330
2020-11-10,81562.9963,81844.5717,80624.4118,81187.5625,2849783
2020-11-11,80812.1410,81844.5841,80624.4240,81656.8672,2638617
2020-11-12,82219.9968,82970.8644,81656.8462,82689.2891,4006433
2020-11-13,82689.3114,84472.6223,82126.1606,84191.0469,3774278
2020-11-16,86443.6474,92075.1553,85505.0627,91981.2969,9274278
2020-11-17,91418.1470,93483.0333,90573.4208,92075.1562,5218295
2020-11-18,93670.7493,94327.7585,90667.2783,91981.2969,3734037
2020-11-19,90291.8539,92262.8819,90104.1370,92169.0234,2766688
2020-11-20,92919.8864,92919.8864,90855.0000,90855.0000,2424003
2020-11-23,91324.2901,94797.0534,90667.2808,93858.4688,4149013
2020-11-24,94797.0564,95735.6412,92262.8777,92544.4531,3766043
2020-11-25,94327.7429,94327.7429,90385.6880,91230.4141,4081524
2020-11-26,90854.9848,93389.1631,90385.6926,93295.3047,2933290
2020-11-27,93483.0082,93764.5835,92168.9900,92732.1406,1976047
2020-11-30,93576.8702,93670.7286,91324.2675,91511.9844,3877841
2020-12-01,92544.4393,95266.3346,91793.5716,94327.7500,4455519
2020-12-02,96674.2261,102775.0267,96674.2261,102305.7344,7488361
2020-12-03,103713.6029,107467.9414,102305.7259,104652.1875,6617912
2020-12-04,108875.8033,112160.8490,105590.7575,107937.2188,8258814
2020-12-07,111222.2688,112630.1457,108875.8075,110752.9766,5191354
2020-12-08,110752.9723,110752.9723,106998.6342,107937.2188,4536460
2020-12-09,108875.8221,113568.7455,107937.2374,113099.4531,5490760
2020-12-10,109814.4095,111222.2866,108406.5325,109345.1172,8205744
2020-12-11,110753.0009,110753.0009,107937.2467,108406.5391,3944552
2020-12-14,108875.8293,111691.5835,108406.5370,109814.4141,3066761
2020-12-15,111222.2800,111222.2800,107937.2337,110283.6953,2755902
2020-12-16,111691.5723,112160.8646,109814.4030,110283.6953,2213552
2020-12-17,111222.2903,112160.8750,109814.4132,112160.8750,3649945
2020-12-18,111222.2812,111691.5736,110283.6966,111222.2812,3010798
2020-12-21,110753.0055,110753.0055,107467.9587,108875.8359,3585805
2020-12-22,107937.2431,108406.5354,105590.7812,105590.7812,4270842
2020-12-23,106060.0816,108875.8359,105590.7892,108875.8359,3173156
2020-12-24,108875.8075,111222.2688,108406.5152,110752.9766,3486636
2020-12-28,111691.5857,112160.8781,107937.2467,108406.5391,4825132
2020-12-29,111886.3952,112360.4901,108093.6360,109990.0156,4208916
2020-12-30,109990.0024,112360.4766,108567.7179,112360.4766,4195192
2021-01-04,118049.6062,121368.2698,114256.8478,119471.8906,7995016
2021-01-05,118049.6344,125635.1531,117575.5395,123738.7734,7180224
2021-01-06,125635.1361,129901.9898,123264.6619,124212.8516,8525749
2021-01-07,125635.1516,130376.1007,124686.9618,127531.5312,5981299
2021-01-08,128953.7926,130850.1719,125635.1288,130850.1719,8713010
2021-01-11,130850.1992,132746.5789,124212.8703,126109.2500,11154671
2021-01-12,125161.0538,126583.3385,118997.8201,122316.4844,8700877
2021-01-13,122316.4906,126583.3449,121842.3957,126109.2500,6791044
2021-01-14,125635.1531,126109.2480,122316.4887,123738.7734,5380278
2021-01-15,126109.2309,128005.6103,120420.0926,120894.1875,4838114
2021-01-18,119471.9052,124212.8538,118523.7154,123264.6641,5927419
2021-01-19,124212.8684,125161.0582,121842.3938,123738.7734,4513315
2021-01-20,127057.4379,128005.6277,123264.6785,123738.7734,4913282
2021-01-21,124686.9297,126109.2141,123264.6453,124686.9297,3067677
2021-01-22,124686.9441,125161.0389,121842.3750,121842.3750,3927767
2021-01-25,123264.6458,128005.5938,122790.5510,128005.5938,5061864
2021-01-26,127057.4334,127057.4334,121842.3895,122316.4844,6270106
2021-01-27,122790.5647,125161.0389,120894.1853,121842.3750,5068456
2021-01-28,117575.5257,118997.8102,115205.0514,116627.3359,6270829
2021-01-29,121842.3724,121842.3724,115205.0447,116153.2344,7391307
2021-02-01,114730.9598,119471.9085,111886.3905,118523.7188,5620305
2021-02-02,121842.3795,125635.1384,120420.0949,123264.6641,4880067
2021-02-03,124212.8538,124686.9486,121842.3795,123264.6641,3693688
2021-02-04,120894.1931,121842.3829,117575.5290,118523.7188,4600618
2021-02-05,119945.9978,121368.2824,118049.6184,120894.1875,3497303
2021-02-08,120894.1931,121368.2880,118523.7188,118523.7188,2876471
2021-02-09,120894.1920,123264.6663,118523.7176,118997.8125,5177095
2021-02-10,118997.7958,120420.0802,118049.6062,119471.8906,4262526
2021-02-15,123264.6597,125635.1339,123264.6597,125161.0391,5384526
2021-02-16,125635.1406,127057.4252,123738.7611,125635.1406,3218689
2021-02-17,124212.8538,124212.8538,121368.2846,123264.6641,3621178
2021-02-18,121842.3646,123264.6491,118997.7958,119471.8906,3792425
2021-02-19,122316.4906,126109.2500,121842.3957,126109.2500,6986526
2021-02-22,128953.8114,132272.4756,128005.6216,129427.9062,7961516
2021-02-23,126583.3174,132746.5501,124686.9381,131324.2656,6400037
2021-02-24,130376.0893,136065.2277,127057.4252,128953.8047,9074809
2021-02-25,133694.7639,141754.3773,132746.5741,140806.1875,9936495
2021-02-26,136065.2073,137487.4917,130850.1645,134168.8281,10843268
2021-03-02,141280.2758,142702.5605,133694.7577,137013.4219,9376523
2021-03-03,135117.0217,139383.8750,132272.4528,139383.8750,5827221
2021-03-04,135591.1272,137961.6015,132272.4632,134642.9375,6586562
2021-03-05,130850.1830,134168.8471,129427.8984,132746.5625,6091444
2021-03-08,135591.1011,135591.1011,128479.6797,128479.6797,5587787
2021-03-09,127057.4318,130376.0960,123738.7675,129427.9062,7822152
2021-03-10,133220.6739,133220.6739,125635.1551,126109.2500,5614476
2021-03-11,127531.5102,131798.3637,127057.4154,129901.9844,6707671
2021-03-12,133220.6574,135117.0368,132272.4676,132746.5625,4548695
2021-03-15,134168.8552,134642.9501,128953.8114,129427.9062,4289990
2021-03-16,131324.2460,133220.6250,130850.1512,133220.6250,3304561
2021-03-17,133694.7522,133694.7522,131324.2779,132746.5625,2588319
2021-03-18,135117.0324,137487.5066,133694.7478,134642.9375,4426840
2021-03-19,130850.1719,132272.4564,129901.9822,130850.1719,4015627
2021-03-22,131324.2667,132746.5512,129901.9822,130850.1719,2727719
2021-03-23,131798.3521,132272.4469,127057.4042,128005.5938,3839090
2021-03-24,126109.2255,127531.5100,124686.9410,126583.3203,3894080
2021-03-25,126109.2500,127531.5348,123738.7754,126109.2500,4157799
2021-03-26,127057.4042,128005.5938,125161.0250,128005.5938,3835443
2021-03-29,128479.7030,128479.7030,124686.9442,125161.0391,3575226
2021-03-30,126109.2465,128479.7211,125161.0567,127531.5312,3304184
2021-03-31,127531.5201,128005.6150,125161.0458,125635.1406,3309680
2021-04-01,130850.1512,133220.6250,129427.8670,133220.6250,5833436
2021-04-02,134642.9555,135591.1453,132746.5758,133694.7656,3432245
2021-04-05,134642.9508,137013.4253,133694.7610,135591.1406,2616440
2021-04-06,139383.8998,139383.8998,134168.8559,135591.1406,3753217
2021-04-07,138435.6929,138435.6929,135117.0291,136065.2188,2424687
2021-04-08,136065.2177,138435.6918,135117.0280,136539.3125,3774932
2021-04-09,136539.3214,137487.5112,132272.4676,132746.5625,3276077
2021-04-12,133220.6631,133220.6631,128953.8091,130376.0937,3878457
2021-04-13,128953.7894,132746.5479,128479.6946,132272.4531,2876178
2021-04-14,131798.3637,131798.3637,129427.8895,129901.9844,2777203
2021-04-15,128953.8091,131798.3784,128953.8091,130376.0937,2291160
2021-04-16,131324.2835,131798.3784,130376.0937,130376.0937,1982877
2021-04-19,130850.1719,131798.3615,129901.9822,130850.1719,1906782
2021-04-20,129427.8863,131324.2656,129427.8863,131324.2656,2167732
2021-04-21,130850.1842,130850.1842,125161.0458,125635.1406,5120577
2021-04-22,127531.5348,128479.7246,126109.2500,126109.2500,3007457
2021-04-23,123738.7611,125635.1406,121842.3817,125635.1406,4854412
2021-04-26,125635.1193,125635.1193,123738.7401,124686.9297,2904879
2021-04-27,126109.2146,128953.7833,125635.1198,128005.5938,3394650
2021-04-28,127531.5178,128005.6127,123264.6641,123264.6641,5596760
2021-04-29,125161.0435,126109.2332,122316.4743,123264.6641,3738266
2021-04-30,123264.6686,123738.7635,119946.0044,121368.2891,3955947
2021-05-03,120894.1714,125635.1193,120420.0766,124686.9297,4085398
2021-05-04,123738.7545,125161.0391,122316.4700,125161.0391,2547004
2021-05-06,123264.6742,123738.7691,121368.2946,122316.4844,4211535
2021-05-07,121368.2703,124212.8391,120420.0807,122790.5547,3450323
2021-05-10,124212.8538,124212.8538,121842.3795,123264.6641,3067077
2021-05-11,120420.0948,120894.1897,115679.1462,116627.3359,9882491
2021-05-12,116627.3359,117101.4308,112834.5770,113308.6719,8272196
2021-05-13,109990.0122,112360.4866,109515.9174,111412.2969,6042025
2021-05-14,112360.4766,113782.7611,111886.3817,112360.4766,3227201
2021-05-17,113782.7713,113782.7713,110938.2020,111412.2969,3110127
2021-05-18,111412.2892,115679.1428,111412.2892,114730.9531,3470048
2021-05-20,114730.9499,117575.5189,113308.6654,116153.2344,4600751
2021-05-21,118049.6137,118997.8034,114730.9499,116153.2344,4062695
2021-05-24,115679.1462,116153.2410,112834.5770,113308.6719,3188734
2021-05-25,115205.0514,116627.3359,114256.8616,116627.3359,3258364
2021-05-26,117575.5257,118049.6205,115679.1462,116627.3359,3015522
2021-05-27,118049.6228,119471.9074,116627.3381,118997.8125,4539067
2021-05-28,119946.0034,119946.0034,117575.5290,118523.7188,2332971
2021-05-31,119471.9040,120420.0938,117575.5246,120420.0938,2448074
2021-06-01,120420.0905,122316.4698,119471.9008,121842.3750,2819179
2021-06-02,121842.3646,122316.4594,118997.7958,119471.8906,2885654
2021-06-03,120420.1048,123264.6742,119946.0099,122316.4844,3353993
2021-06-04,120894.1853,122316.4698,119945.9956,121842.3750,2555891
2021-06-07,122790.5647,123264.6595,121368.2802,121842.3750,2562918
2021-06-08,120420.0926,120894.1875,118523.7132,120894.1875,4194955
2021-06-09,118997.8034,119471.8982,116153.2344,116153.2344,6087592
2021-06-10,116153.2411,117575.5257,114256.8616,116627.3359,4533076
2021-06-11,118049.6249,121842.3839,117575.5300,121368.2891,4868608
2021-06-14,120420.0938,120894.1886,118997.8092,120420.0938,2022730
2021-06-15,121842.3750,122790.5647,121368.2802,121842.3750,1975082
2021-06-16,121368.2703,122790.5547,120420.0807,122790.5547,1893752
2021-06-17,120420.0870,121368.2767,119471.8974,119945.9922,2123793
2021-06-18,120894.1783,120894.1783,118049.6094,118049.6094,2506112
2021-06-21,114730.9664,116627.3461,114256.8715,115679.1562,3275288
2021-06-22,116153.2512,117101.4410,115679.1562,115679.1562,2179712
2021-06-23,116153.2466,118049.6261,115679.1517,117575.5312,2703658
2021-06-24,117575.5114,119945.9854,117101.4166,119471.8906,2646407
2021-06-25,121368.2802,122316.4698,120894.1853,121842.3750,2531018
2021-06-28,122316.4594,122790.5543,119471.8906,119471.8906,2402730
2021-06-29,120894.1931,121368.2880,118523.7188,118523.7188,2211572
2021-06-30,119945.9978,122790.5669,119471.9029,120894.1875,4346027
2021-07-01,120894.1783,121368.2731,117575.5146,118049.6094,3336174
2021-07-02,116153.2344,117101.4240,115205.0447,116153.2344,3983921
2021-07-05,117101.4308,118049.6205,116153.2411,116627.3359,1632551
2021-07-06,117575.5290,119471.9085,117101.4341,118523.7188,2067135
2021-07-07,118523.7064,118997.8012,116153.2322,117101.4219,2229140
2021-07-08,117101.4262,117101.4262,114730.9520,115205.0469,3165552
2021-07-09,114256.8616,114256.8616,111886.3873,113308.6719,4823577
2021-07-12,114730.9632,115679.1530,113308.6785,113782.7734,2477201
2021-07-13,114730.9565,117101.4308,114730.9565,116627.3359,2879072
2021-07-14,116153.2322,117575.5167,115205.0426,117101.4219,2443087
2021-07-15,117101.4219,117575.5167,116153.2322,117101.4219,1500981
2021-07-16,115679.1417,116153.2366,114256.8572,115205.0469,2905546
2021-07-19,112834.5859,113782.7757,112360.4910,112834.5859,2066638
2021-07-20,111412.2869,113308.6662,111412.2869,112360.4766,2070074
2021-07-21,113308.6696,113782.7644,110464.1005,110938.1953,2864601
2021-07-22,111886.3873,113782.7667,111886.3873,113308.6719,1919233
2021-07-23,112360.4766,112834.5714,111412.2869,112360.4766,1747651
2021-07-26,113308.6696,113782.7644,110938.1953,110938.1953,1836657
2021-07-27,111886.3952,112834.5850,109990.0156,109990.0156,2916330
2021-07-28,109041.8147,109515.9095,106671.3405,108093.6250,6033084
2021-07-29,109041.8147,109515.9095,107145.4353,108093.6250,3054699
2021-07-30,108093.6283,108093.6283,106671.3438,106671.3438,2888566
2021-08-02,107619.5412,110938.2054,107145.4463,109990.0156,4276730
2021-08-03,111886.3939,114256.8683,110938.2041,113782.7734,4396423
2021-08-04,115679.1428,116627.3325,114256.8583,114730.9531,4162635
2021-08-05,114730.9632,115205.0581,111886.3939,113782.7734,3491584
2021-08-06,112834.5804,113308.6753,111412.2957,111886.3906,2209875
2021-08-09,111412.3003,111886.3952,109990.0156,109990.0156,2755724
2021-08-10,109041.8181,109515.9129,106197.2489,106671.3438,5420223
2021-08-11,103352.6797,104300.8694,99559.9208,100034.0156,13715267
2021-08-12,96715.3312,98611.7102,94629.3142,95293.0469,19150647
2021-08-13,94439.6973,96241.2578,93775.9645,96241.2578,11622957
2021-08-17,95767.1629,98137.6373,95293.0681,96241.2578,7851717
2021-08-18,97663.5524,100034.0269,96241.2676,98611.7422,8047599
2021-08-19,97663.5323,100034.0064,96241.2479,97189.4375,6161038
2021-08-20,98611.7220,99085.8168,96715.3427,97189.4375,4719139
2021-08-23,99085.8315,99559.9264,97663.5469,97663.5469,4515699
2021-08-24,99085.8192,100034.0089,98611.7244,99559.9141,4454743
2021-08-25,100508.1070,100508.1070,97189.4431,98137.6328,3194555
2021-08-26,100508.1218,100982.2168,98137.6473,98611.7422,3694741
2021-08-27,98137.6328,99085.8225,95767.1586,98137.6328,3507782
2021-08-30,99559.9173,100034.0122,98137.6328,98137.6328,1815758
2021-08-31,98137.6340,100982.2031,96715.3495,100982.2031,4979276
2021-09-01,100508.0820,102404.4609,99085.7979,102404.4609,4736183
2021-09-02,102404.4877,102878.5825,100508.1083,100982.2031,2724565
2021-09-03,100982.2020,101930.3917,100508.1072,101456.2969,2513486
2021-09-06,100982.2042,101456.2991,99559.9197,100508.1094,1888595
2021-09-07,100034.0100,100508.1048,98611.7255,99085.8203,2547667
2021-09-08,98611.7300,101930.3939,98137.6351,100508.1094,2891267
2021-09-09,99559.9264,100508.1162,97663.5469,97663.5469,3233011
2021-09-10,98137.6296,100034.0089,97663.5347,99559.9141,1999369
2021-09-13,99559.9186,101456.2980,98611.7289,100982.2031,1923344
2021-09-14,101930.4141,102878.6040,100982.2242,101930.4141,2463248
2021-09-15,101930.4141,101930.4141,100034.0343,101930.4141,2933797
2021-09-16,101456.3117,101930.4066,98611.7422,98611.7422,3602821
2021-09-17,99085.8226,101930.3917,98611.7278,101456.2969,3386517
2021-09-23,100034.0156,101456.3002,99559.9208,100034.0156,2493313
2021-09-24,100508.1218,100982.2168,98611.7422,98611.7422,2236954
2021-09-27,98611.7255,100034.0100,98137.6306,99085.8203,1839358
2021-09-28,99559.9173,100034.0122,97663.5380,98137.6328,2951945
2021-09-29,95767.1584,96715.3481,94534.5118,94818.9688,6353977
2021-09-30,94724.1586,98137.6418,94439.7016,97663.5469,3910557
2021-10-01,96715.3481,97189.4430,94818.9688,94818.9688,2681124
2021-10-05,93775.9553,94344.8690,92164.0329,92827.7656,3244145
2021-10-06,93301.8492,93586.3060,90836.5564,91500.2891,2816951
2021-10-07,91310.6559,91784.7507,90078.0095,90741.7422,3834957
2021-10-08,91215.8454,91310.6643,88655.7333,89129.8281,4098832
2021-10-12,87612.7301,88086.8250,86095.6266,86759.3594,4728215
2021-10-13,86190.4367,88655.7297,85811.1609,87233.4453,3045438
2021-10-14,87612.7220,89603.9202,87328.2651,88940.1875,2414639
2021-10-15,91026.2271,93396.7018,90741.7702,93301.8828,4229748
2021-10-18,93207.0464,93207.0464,91689.9429,92069.2188,2111399
2021-10-19,93491.5114,93491.5114,92069.2268,92638.1406,1400175
2021-10-20,93112.2225,93491.4984,92164.0329,92827.7656,2010529
2021-10-21,92258.8458,93207.0354,91121.0183,91310.6562,2152221
2021-10-22,90552.1335,94060.4360,90552.1335,93396.7031,1962833
2021-10-25,94344.8739,96241.2533,93207.0463,94818.9688,2950459
2021-10-26,96241.2645,98137.6441,95767.1696,96715.3594,3458645
2021-10-27,97663.5424,98611.7321,96241.2578,96241.2578,2859255
2021-10-28,96715.3495,101930.3928,96241.2546,100982.2031,6329703
2021-10-29,101456.3060,102878.5906,97663.5469,97663.5469,4007223
2021-11-01,98137.6340,101456.2980,97189.4443,100982.2031,3118661
2021-11-02,101456.3191,102878.6040,100982.2242,101930.4141,2892292
2021-11-03,102878.5848,103352.6797,99085.8259,100034.0156,3116506
2021-11-04,101456.2991,102404.4888,100034.0145,100508.1094,2059242
2021-11-05,102404.4866,102878.5814,100034.0123,101456.2969,2523345
2021-11-08,101456.3191,102404.5090,98611.7494,101930.4141,2212348
2021-11-09,102404.4822,104300.8615,101930.3874,103352.6719,3440686
2021-11-10,102878.5938,103826.7836,101930.4039,102878.5938,2361295
2021-11-11,101930.4141,102404.5090,100034.0343,101930.4141,2731498
2021-11-12,103352.6774,103826.7722,100034.0134,100982.2031,1786165
2021-11-15,102878.5958,105723.1652,102404.5008,105249.0703,4701568
2021-11-16,105249.0525,107145.4318,103352.6732,106197.2422,3767311
2021-11-17,107145.4272,107145.4272,104300.8583,104774.9531,3062491
2021-11-18,104300.8672,105249.0569,103352.6775,104300.8672,1928891
2021-11-19,104300.8562,106671.3302,104300.8562,105723.1406,2324668
2021-11-22,110464.1027,114730.9565,109990.0078,113308.6719,9786492
2021-11-23,113308.6808,114730.9655,111412.3012,112834.5859,4847270
2021-11-24,114256.8616,116153.2410,111886.3873,113308.6719,4001111
2021-11-25,114256.8662,114730.9610,110938.2020,111412.2969,3339835
2021-11-26,110464.1117,112360.4913,107145.4474,109515.9219,4337936
2021-11-29,107145.4463,112360.4901,107145.4463,109990.0156,4412863
2021-11-30,111886.3838,112834.5735,106671.3405,108093.6250,7449608
2021-12-01,108567.7221,111412.2913,106197.2479,110464.1016,4214135
2021-12-02,109515.9194,114256.8683,109041.8245,113782.7734,6980518
2021-12-03,112834.5804,113308.6753,109515.9162,111886.3906,4567843
2021-12-06,109990.0024,112834.5714,109515.9075,112360.4766,4318893
2021-12-07,112834.5727,116153.2366,111886.3830,115205.0469,5112025
2021-12-08,117575.5326,118523.7223,113308.6785,113782.7734,6168137
2021-12-09,114256.8529,117101.4219,112834.5684,117101.4219,5631833
2021-12-10,114256.8516,115205.0412,113308.6619,114256.8516,2512642
2021-12-13,114730.9520,117575.5211,114730.9520,115205.0469,3329176
2021-12-14,114256.8583,116627.3325,113782.7634,114730.9531,2201003
2021-12-15,113782.7581,117101.4219,113782.7581,117101.4219,2681332
2021-12-16,118523.7210,118997.8159,116153.2466,117575.5312,3869086
2021-12-17,114256.8715,116627.3461,114256.8715,115679.1562,3850444
2021-12-20,115205.0412,117101.4205,114256.8516,114256.8516,2846815
2021-12-21,117575.5146,118049.6094,116153.2301,118049.6094,3678590
2021-12-22,120894.1886,121842.3783,119471.9040,120420.0938,3817689
2021-12-23,122316.4721,122316.4721,119945.9978,120894.1875,2398358
2021-12-24,122316.4788,123264.6686,121368.2891,121368.2891,2462683
2021-12-27,121842.3646,122316.4594,119471.8906,119471.8906,2684135
2021-12-28,119945.9978,121368.2824,118049.6184,120894.1875,4086063
2021-12-29,122372.2506,123332.0329,120452.6858,121892.3594,3832154
2021-12-30,125731.5000,128130.9561,124771.7176,125731.5000,5172987
2022-01-04,124291.8136,124771.7048,122372.2489,123332.0312,3622369
2022-01-05,123811.9097,123811.9097,116613.5429,120452.6719,7414954
2022-01-06,118533.1233,121892.3616,118053.2321,119972.7969,3725569
2022-01-07,121892.3594,123811.9241,121412.4682,121892.3594,3270119
2022-01-10,121412.4551,121892.3463,118053.2172,119492.8906,3449197
2022-01-11,120452.6848,123332.0318,119492.9024,122852.1406,3958787
2022-01-12,124291.8136,124771.7048,121412.4666,123332.0312,3552174
2022-01-13,123332.0224,124771.6958,122852.1313,124291.8047,4155984
2022-01-14,123332.0312,123811.9224,120932.5754,123332.0312,3769648
2022-01-17,122372.2506,122852.1417,119492.9035,121892.3594,3730393
2022-01-18,121412.4688,122372.2511,119972.7952,121412.4688,3607850
2022-01-19,118533.1211,123332.0329,118533.1211,121892.3594,4094609
2022-01-20,120932.5792,121412.4704,118533.1233,119972.7969,5441986
2022-01-21,116613.5655,117573.3479,113254.3269,114214.1094,6465040
2022-01-24,111814.6533,115653.7830,111814.6533,114214.1094,4883822
2022-01-25,113254.3203,115173.8851,111814.6467,113254.3203,5702595
2022-01-26,113254.3203,113254.3203,113254.3203,113254.3203,0
2022-01-27,114693.9828,114693.9828,106535.8334,108935.2891,6679404
2022-01-28,110374.9630,116613.5479,109895.0719,115653.7656,4776510
2022-02-03,119492.8990,121892.3548,119013.0078,119013.0078,5171178
2022-02-04,120452.6729,121892.3463,119012.9995,119492.8906,3037097
2022-02-07,118053.2266,118533.1177,114693.9884,118053.2266,4804261
2022-02-08,118053.2266,118053.2266,118053.2266,118053.2266,0
2022-02-09,118053.2266,118053.2266,118053.2266,118053.2266,0
2022-02-10,123811.9135,125731.4781,121892.3490,124291.8047,7269729
2022-02-11,125251.5999,127171.1646,124771.7087,126691.2734,6057207
2022-02-14,124771.7005,127171.1562,124291.8093,127171.1562,4962205
2022-02-15,126211.3800,126691.2712,121892.3594,121892.3594,5097120
2022-02-16,125731.4849,127171.1584,124771.7026,125251.5938,3499809
2022-02-17,125251.5988,128610.8371,124771.7076,127651.0547,5433402
2022-02-18,126211.3672,127651.0406,124291.8027,126211.3672,3108887
2022-02-21,126211.3672,126211.3672,126211.3672,126211.3672,0
2022-02-22,126211.3672,126211.3672,126211.3672,126211.3672,0
2022-02-23,126211.3672,126211.3672,126211.3672,126211.3672,0
2022-02-24,120452.6909,120932.5821,117093.4526,117573.3438,5748069
2022-02-25,120452.6824,120932.5736,117573.3354,118053.2266,3309625
2022-02-28,118053.2266,118053.2266,118053.2266,118053.2266,0
2022-03-02,119492.9057,121412.4704,118053.2321,119972.7969,2903340
2022-03-03,122852.1628,124291.8366,121892.3803,123811.9453,3088097
2022-03-04,123811.9453,123811.9453,123811.9453,123811.9453,0
2022-03-07,114214.1010,116133.6657,114214.1010,114693.9922,5203286
2022-03-08,112294.5379,114693.9939,111814.6467,113254.3203,3619045
2022-03-10,113254.3203,113254.3203,113254.3203,113254.3203,0
2022-03-11,113254.3203,113254.3203,113254.3203,113254.3203,0
2022-03-14,110854.8666,112294.5402,109895.0842,111334.7578,3172353
2022-03-15,111334.7578,111334.7578,111334.7578,111334.7578,0
2022-03-16,111334.7578,111334.7578,111334.7578,111334.7578,0
2022-03-17,111334.7578,111334.7578,111334.7578,111334.7578,0
2022-03-18,119013.0078,119972.7901,116133.6608,119013.0078,4493159
2022-03-21,119013.0078,119013.0078,119013.0078,119013.0078,0
2022-03-22,116133.6537,119013.0005,116133.6537,118533.1094,2246439
2022-03-23,119013.0005,119492.8916,117093.4360,118533.1094,4085633
2022-03-24,116133.6568,117093.4391,114693.9833,115653.7656,4215272
2022-03-25,117093.4498,118053.2322,113254.3203,113254.3203,5514940
2022-03-28,112774.4291,114693.9939,111814.6467,113254.3203,3234792
2022-03-29,114693.9916,115653.7740,113734.2093,115173.8828,3375247
2022-03-30,118349.1022,118349.1022,115943.6327,116424.7266,3436282
2022-03-31,114981.4537,115462.5477,113057.0779,113538.1719,4558063
2022-04-01,112575.9769,113057.0708,111613.7891,111613.7891,3851558
2022-04-04,110651.6009,113057.0705,110170.5070,112575.9766,2470792
2022-04-05,113057.0628,113538.1567,111613.7811,112094.8750,2101474
2022-04-06,110170.5083,111132.6962,108727.2266,108727.2266,4541938
2022-04-07,107283.9446,110170.5082,106321.7568,109208.3203,5027865
2022-04-08,108727.2190,109689.4068,106321.7496,107765.0312,4268316
2022-04-11,106802.8436,108727.2192,106321.7497,107283.9375,2390786
2022-04-12,106321.7421,108727.2114,106321.7421,106802.8359,2738163
2022-04-13,107765.0387,108727.2266,106802.8509,108727.2266,2484490
2022-04-14,108727.2196,108727.2196,105840.6562,105840.6562,4715700
2022-04-15,103916.2812,104397.3751,102954.0935,103916.2812,3694012
2022-04-18,102954.1008,105359.5705,102473.0069,104878.4766,2670439
2022-04-19,105840.6556,108246.1250,105359.5617,108246.1250,3021192
2022-04-20,108246.1250,108727.2189,106802.8433,108246.1250,2905007
2022-04-21,108246.1326,110651.6023,108246.1326,108727.2266,3199858
2022-04-22,106321.7500,107765.0317,106321.7500,106321.7500,2360834
2022-04-25,104878.4690,105359.5629,103916.2812,103916.2812,2282343
2022-04-26,105359.5544,106802.8359,103916.2728,106802.8359,2969516
2022-04-27,103916.2811,105359.5628,103435.1872,104397.3750,3261290
2022-04-28,105359.5625,105840.6564,103916.2808,105359.5625,2804966
2022-04-29,105840.6556,108246.1250,105359.5617,108246.1250,3752415
2022-05-02,105840.6561,107283.9378,105840.6561,106321.7500,2175384
2022-05-03,106802.8440,107765.0318,105359.5624,105840.6562,2676115
2022-05-04,106321.7503,106802.8442,104397.3747,105359.5625,2491890
2022-05-06,103916.2892,104397.3832,102473.0074,103435.1953,2566813
2022-05-10,102954.0929,106802.8440,102954.0929,105840.6562,4141923
2022-05-11,106321.7500,108246.1256,103916.2805,106321.7500,3658168
2022-05-12,105359.5705,107283.9462,104397.3826,104878.4766,4132948
2022-05-13,104878.4678,108246.1250,104878.4678,108246.1250,4003349
2022-05-16,109208.3133,109689.4072,105840.6561,106321.7500,3930044
2022-05-17,106802.8433,108727.2189,106321.7494,108246.1250,2056143
2022-05-18,109689.4142,110651.6021,108727.2264,109208.3203,3570113
2022-05-19,106321.7421,108246.1175,105840.6482,106802.8359,3680049
2022-05-20,107283.9372,108727.2189,106802.8433,108246.1250,2398978
2022-05-23,108727.2266,109208.3205,106802.8509,108727.2266,3160028
2022-05-24,107283.9384,107765.0323,104397.3750,104397.3750,4491835
2022-05-25,105359.5629,105840.6568,102954.0935,103916.2812,4151560
2022-05-26,103435.1889,104397.3767,97662.0620,99105.3438,8523001
2022-05-27,101510.8124,102954.0940,101029.7185,101991.9062,3686487
2022-05-30,103916.2894,103916.2894,101991.9137,102954.1016,2054526
2022-05-31,102472.9996,103916.2812,101510.8118,103916.2812,4024509
2022-06-02,101991.9137,103435.1955,101991.9137,102954.1016,3097583
2022-06-03,103916.2894,104397.3834,102954.1016,102954.1016,1638006
2022-06-07,101510.8288,101991.9228,99586.4529,100067.5469,3174521
2022-06-08,100548.6246,103435.1879,100548.6246,101991.9062,3075530
2022-06-09,101510.8125,102954.0942,100548.6247,101510.8125,4640744
2022-06-10,100067.5236,100548.6174,98624.2420,99586.4297,3480289
2022-06-13,96218.7737,97180.9614,95256.5859,95256.5859,4133447
2022-06-14,93235.9993,95833.9064,93139.7805,95352.8125,3242550
2022-06-15,94775.4923,95160.3674,93043.5544,94198.1797,2578500
2022-06-16,96122.5633,97662.0638,93428.4374,93717.0938,3810703
2022-06-17,91504.0775,92754.9219,91407.8587,92754.9219,3965464
2022-06-20,93043.5552,93139.7740,89579.6793,90926.7422,2386222
2022-06-21,91119.1873,92273.8127,90349.4371,91600.2812,2707302
2022-06-22,92081.3600,92081.3600,88232.6093,88713.7031,3509830
2022-06-23,88617.4767,89483.4456,86308.2265,86789.3203,3983116
2022-06-24,87078.0073,88521.2892,87078.0073,88136.4141,3045970
2022-06-27,89194.8041,92466.2425,89098.5853,91407.8359,3408749
2022-06-28,90926.7420,91696.4922,90156.9918,91696.4922,2022966
2022-06-29,90055.6228,91599.9850,89669.5322,90731.2812,2529973
2022-06-30,88318.1912,89862.5530,87835.5781,87835.5781,3098854
2022-07-01,87835.5806,89283.4199,84071.1986,84457.2891,4959176
2022-07-04,84457.2943,86484.2694,83299.0228,86001.6562,4331728
2022-07-05,87256.4545,90152.1333,87256.4545,89283.4297,3560085
2022-07-06,89572.9864,90345.1673,87739.0567,88897.3281,3981326
2022-07-07,88125.1540,91889.5363,88125.1540,90634.7422,3330794
2022-07-08,92565.1942,93144.3299,91213.8774,91503.4453,2814478
2022-07-11,91696.4894,92372.1477,90248.6501,90441.6953,1885425
2022-07-12,90731.2678,90731.2678,88511.2474,90055.6094,2385688
2022-07-13,91310.4171,93047.8246,90538.2360,90731.2812,2721816
2022-07-14,89573.0096,92179.1208,89090.3964,90731.2812,2550307
2022-07-15,92565.2099,95557.4117,92179.1193,95267.8438,4457208
2022-07-18,97487.8516,99900.9172,96522.6253,97487.8516,4564780
2022-07-19,96522.6250,97005.2381,95267.8309,96522.6250,2709084
2022-07-20,99418.3202,100866.1598,97487.8673,98453.0938,3981053
2022-07-21,98453.0822,99418.3085,97005.2427,98935.6953,2143984
2022-07-22,98935.6906,98935.6906,96522.6250,96522.6250,3126556
2022-07-25,95653.9214,97970.4644,95460.8761,96522.6250,2185108
2022-07-26,97005.2344,97487.8475,95653.9177,97005.2344,1636970
2022-07-27,97487.8512,97970.4644,95171.3083,96522.6250,3159499
2022-07-28,97487.8542,97970.4674,95460.8790,95943.4922,3359717
2022-07-29,96426.0850,96522.6076,94013.0198,94495.6328,3899079
2022-08-01,93820.0070,94688.7108,93144.3485,93723.4844,2007646
2022-08-02,93819.9943,93819.9943,92854.7681,93144.3359,1916851
2022-08-03,93530.4190,94109.5547,92758.2380,94109.5547,1703330
2022-08-04,94592.1678,94688.6904,93723.4642,94109.5547,1960526
2022-08-05,94688.6908,95267.8265,94013.0324,95074.7812,2052852
2022-08-08,94302.6138,94302.6138,92468.6837,92951.2969,3206548
2022-08-09,92661.7271,92758.2498,91213.8876,91793.0234,3152955
2022-08-10,88607.7734,89766.0450,88607.7734,88607.7734,4356568
2022-08-11,90248.6546,91117.3583,89379.9510,90055.6094,5206962
2022-08-12,89572.9962,91117.3583,89379.9510,90055.6094,1910127
2022-08-16,91213.8850,94206.0865,91117.3623,93337.3828,4267280
2022-08-17,93433.9165,94206.0976,92565.2127,93723.4844,1764674
2022-08-18,92565.1937,93047.8068,91986.0580,92372.1484,1889587
2022-08-19,93626.9483,94109.5614,92565.1994,93047.8125,1890839
2022-08-22,91889.5391,92275.6296,90731.2676,91889.5391,2293601
2022-08-23,90827.8007,92082.5950,90345.1875,90345.1875,1932822
2022-08-24,90634.7443,90924.3122,89766.0407,89959.0859,1447036
2022-08-25,90345.1993,90827.8125,88897.3595,90827.8125,2189458
2022-08-26,92082.5913,93433.9082,91406.9329,91793.0234,2301949
2022-08-29,89476.4749,90055.6107,88800.8166,89283.4297,2619260
2022-08-30,89476.4728,90152.1312,89186.9049,89959.0859,1595242
2022-08-31,89379.9508,92179.1069,88897.3377,91889.5391,2421669
2022-09-01,90634.7456,90634.7456,89090.3836,89186.9062,2337521
2022-09-02,89476.4842,90055.6200,88414.7352,88511.2578,2036818
2022-09-05,88607.7677,89186.9035,87256.4510,87932.1094,1706148
2022-09-06,88704.2961,89669.5224,87932.1150,88607.7734,1389821
2022-09-07,87932.1115,87932.1115,86773.8400,87256.4531,2053413
2022-09-08,87352.9758,87835.5889,86870.3626,87256.4531,2012123
2022-09-13,88511.2440,91889.5358,88511.2440,91503.4453,3288428
2022-09-14,88511.2604,90152.1452,88125.1698,89766.0547,2444928
2022-09-15,89669.5240,89766.0466,88318.2072,88800.8203,1755820
2022-09-16,87739.0727,88221.6859,86870.3690,88028.6406,2243179
2022-09-19,87642.5561,88318.2146,86870.3750,86870.3750,2078633
2022-09-20,85905.1483,87449.5105,84457.3087,84939.9219,4259789
2022-09-21,84457.3087,85422.5351,83299.0370,84939.9219,2954420
2022-09-22,83299.0210,83878.1567,82912.9305,83009.4531,2204430
2022-09-23,82526.8591,83588.6082,80403.3610,80596.4062,3932242
2022-09-26,78665.9301,80306.8145,78665.9301,79631.1562,3281145
2022-09-27,79341.5921,79824.2052,77893.7528,79148.5469,2606333
2022-09-28,79052.0413,80596.4035,77700.7243,78376.3828,3068181
2022-09-29,79926.4537,80313.9759,77988.8427,78279.4844,2064798
2022-09-30,78376.3776,81282.7945,77891.9747,80507.7500,4711130
2022-10-04,82542.2489,84479.8604,82542.2489,83511.0547,4277404
2022-10-05,87192.4955,87580.0177,85351.7650,86998.7344,5927256
2022-10-06,88064.4385,89130.1248,86998.7522,87095.6328,3039698
2022-10-07,86804.9890,88936.3615,85061.1388,88355.0781,3100583
2022-10-11,86901.8706,88355.0791,85254.9009,87386.2734,3840842
2022-10-12,88161.3173,91067.7344,88064.4368,91067.7344,4648231
2022-10-13,90486.4478,91939.6562,89905.1644,91939.6562,4390570
2022-10-14,93005.3325,93586.6158,91358.3630,92520.9297,3516437
2022-10-17,91649.0290,92327.1931,91067.7455,92230.3125,2134558
2022-10-18,92908.4430,93199.0847,91648.9960,92811.5625,2618680
2022-10-19,91745.8891,91939.6502,89808.2779,90002.0391,3684934
2022-10-20,88161.3180,88936.3625,86223.7066,87386.2734,4547678
2022-10-21,86998.7423,88548.8313,86901.8618,87676.9062,2206754
2022-10-24,89323.8659,90195.7909,88355.0605,88936.3438,2165991
2022-10-25,89033.2468,91842.7834,88161.3216,90583.3359,2656194
2022-10-26,90389.5682,92520.9406,90292.6876,90970.8516,3310322
2022-10-27,92133.4083,92133.4083,86998.7389,87192.5000,4550273
2022-10-28,84382.9715,85061.1355,80410.8684,80798.3906,7748514
2022-10-31,81670.3156,82736.0018,79829.5849,80120.2266,6271574
2022-11-01,80120.2301,81282.7969,78860.7827,81282.7969,3820185
2022-11-02,81573.4209,82832.8680,80992.1376,81864.0625,2536363
2022-11-03,80023.3460,80895.2711,79345.1820,80120.2266,2901380
2022-11-04,80120.2126,81960.9430,79151.4072,81864.0625,3032985
2022-11-07,82735.9859,84092.3135,82348.4637,83801.6719,2765284
2022-11-08,84867.3772,86223.7052,84673.6161,84964.2578,2799575
2022-11-09,85351.7748,86417.4609,83898.5663,86417.4609,2619752
2022-11-10,86223.7054,87967.5556,85545.5414,86320.5859,3856811
2022-11-11,92230.3057,92327.1863,89614.5302,90583.3359,5002149
2022-11-14,90970.8465,90970.8465,88064.4297,88064.4297,2483441
2022-11-15,88451.9599,89227.0044,87580.0347,88742.6016,2460465
2022-11-16,89130.1294,89517.6517,87483.1597,88645.7266,2609199
2022-11-17,79829.5877,85739.3024,79442.0655,84964.2578,3703870
2022-11-18,85933.0636,88645.7195,85351.7802,85642.4219,2981192
2022-11-21,84867.3929,84964.2735,83414.1841,83607.9453,2111523
2022-11-22,82832.8760,83898.5622,82251.5927,82542.2344,1617131
2022-11-23,83414.1594,83995.4427,82251.5927,82542.2344,1480400
2022-11-24,84189.2031,84479.8448,83026.6365,84189.2031,2148255
2022-11-25,84479.8672,84576.7478,82445.3750,82445.3750,1439011
2022-11-28,81476.5557,81573.4362,80313.9889,80507.7500,2471506
2022-11-29,80120.2333,81185.9196,79538.9499,81089.0391,1501783
2022-11-30,80604.6265,82735.9988,80507.7459,82348.4766,3332708
2022-12-01,84576.7305,84576.7305,81960.9554,82057.8359,2878591
2022-12-02,81282.7829,81282.7829,79248.2913,79345.1719,4594058
2022-12-05,79345.1908,79732.7131,78182.6239,78473.2656,3516456
2022-12-06,77407.5793,78570.1462,77310.6987,78473.2656,2781352
2022-12-07,77407.5792,78182.6238,76245.0123,76438.7734,3589926
2022-12-08,75760.6072,77310.6963,75760.6072,76341.8906,3809847
2022-12-09,76923.1721,78957.6641,76826.2915,78957.6641,2985508
2022-12-12,77601.3349,78763.9018,77020.0515,78570.1406,1242007
2022-12-13,78763.8975,80120.2254,77988.8530,79732.7031,2761104
2022-12-14,79538.9386,80023.3413,78570.1330,79248.2969,2357491
2022-12-15,78085.7253,78570.1281,77407.5615,77698.2031,1713617
2022-12-16,75276.1955,76923.1650,75082.4343,75954.3594,3827227
2022-12-19,75857.4922,77601.3426,75857.4922,76535.6562,1813544
2022-12-20,75760.6194,76438.7835,75373.0971,75857.5000,1361926
2022-12-21,76051.2466,76729.4106,75566.8438,75566.8438,1513864
2022-12-22,76051.2423,76826.2868,75469.9589,76729.4062,2061883
2022-12-23,75373.0703,75857.4731,74888.6675,75373.0703,1554446
2022-12-26,75276.2188,75276.2188,74113.6517,74598.0547,1414717
2022-12-27,75082.4576,75179.3382,74113.6517,74598.0547,1694225
2022-12-28,74695.2789,74889.7979,73333.6463,73917.2031,1891221
2022-12-29,73139.1283,73528.1662,72652.8309,72944.6094,1736661
2023-01-02,73041.8960,74598.0483,72944.6365,73625.4531,1376985
2023-01-03,73528.1875,74209.0041,71096.6998,73528.1875,2719437
2023-01-04,73333.6778,79655.5466,73139.1588,78780.2109,5154609
2023-01-05,81017.1729,81017.1729,78585.6851,79169.2422,3510964
2023-01-06,79169.2292,81308.9381,78877.4507,80822.6406,3687430
2023-01-09,82573.3096,83643.1641,81211.6767,83643.1641,3948670
2023-01-10,83156.8660,84810.2774,82670.5686,84129.4609,3105311
2023-01-11,85393.8444,85977.4014,84129.4708,84907.5469,3083961
2023-01-12,85685.6156,85685.6156,83448.6472,84421.2422,3065582
2023-01-13,84421.2372,85102.0536,83059.6043,83351.3828,2058890
2023-01-16,83643.1909,84129.4885,82573.3362,83448.6719,1512876
2023-01-17,84032.2020,84810.2780,83351.3856,83643.1641,1586136
2023-01-18,84032.2253,84129.4848,82184.2944,82767.8516,1494262
2023-01-19,81697.9748,83448.6457,81697.9748,83156.8672,1674834
2023-01-20,83934.9391,85393.8315,83740.4202,85199.3125,2386074
2023-01-25,89478.7367,89478.7367,88117.1037,88895.1797,5019
2023-01-26,88311.6227,89770.5152,87630.8062,88895.1797,4542
2023-01-27,88797.9185,90256.8109,87825.3236,88992.4375,5083
2023-01-30,88797.9242,89089.7027,87533.5507,88214.3672,6289
2023-01-31,88311.6247,88311.6247,84421.2448,86074.6562,29971
2023-02-01,88700.6607,88895.1797,86074.6543,88895.1797,8975
2023-02-02,92299.2621,92299.2621,90159.5531,88895.1797,8254
2023-02-03,89867.7768,90645.8528,88797.9223,89673.2578,13644
2023-02-06,88895.1793,89478.7363,86658.2109,86658.2109,14291
2023-02-07,86366.4274,88700.6551,86366.4274,88311.6172,6885
2023-02-08,89186.9616,92396.5251,89089.7021,92299.2656,18320
2023-02-09,92202.0061,92202.0061,90062.2971,92299.2656,12117
2023-02-10,91715.7088,92104.7468,90548.5948,90937.6328,4669
2023-02-13,89478.7583,89478.7583,87436.3084,88117.1250,22453
2023-02-14,89284.2306,90937.6423,89089.7116,90840.3828,11361
2023-02-15,91229.4024,91618.4404,88700.6557,89186.9531,6599
2023-02-16,89381.4831,90840.3756,89089.7046,90354.0781,4182
2023-02-17,88895.1852,90159.5587,88408.8877,89478.7422,5053
2023-02-20,90159.5581,90743.1151,88214.3680,89965.0391,5083
2023-02-21,89965.0296,90062.2891,88408.8778,88700.6562,4942
2023-02-22,87436.2869,87825.3249,86074.6540,86658.2109,7566
2023-02-23,87533.5331,91132.1339,87144.4951,90159.5391,7805
2023-02-24,90937.6280,91423.9255,88506.1406,88506.1406,11917
2023-02-27,87630.8064,87825.3254,86658.2114,87533.5469,1893345
2023-02-28,88506.1521,88506.1521,86269.1834,86950.0000,2082486
2023-03-02,86949.9907,87825.3261,85102.0602,85685.6172,2744038
2023-03-03,86074.6609,86755.4774,84810.2874,84907.5469,2239958
2023-03-06,85491.1101,87339.0408,85102.0720,87241.7812,2374415
2023-03-07,87241.7713,87533.5498,86366.4358,86463.6953,1610948
2023-03-08,85296.5776,85393.8371,84032.2042,84421.2422,2790989
2023-03-09,84907.5443,85393.8418,82962.3543,83254.1328,3315016
2023-03-10,81503.4537,82087.0107,80822.6373,81017.1562,3559824
2023-03-13,80919.8956,82378.7880,80141.8197,81989.7500,2860341
2023-03-14,80336.3456,80725.3836,78877.4531,78877.4531,3359381
2023-03-15,79655.5317,80044.5697,76640.4871,76932.2656,5357314
2023-03-16,74598.0392,78002.1219,74598.0392,76835.0078,4804196
2023-03-17,78974.7107,82476.0525,78877.4512,81697.9766,6239588
2023-03-20,81503.4548,82767.8282,80725.3789,81406.1953,2223378
2023-03-21,81795.2428,82767.8379,80628.1288,81308.9453,1880231
2023-03-22,82865.0733,84907.5223,81503.4406,84518.4844,2667268
2023-03-23,83059.6118,86074.6562,82767.8333,86074.6562,3091673
2023-03-24,86658.2179,88214.3700,84323.9899,84907.5469,4670908
2023-03-27,85102.0571,85393.8355,82378.7912,83156.8672,3211190
2023-03-28,82962.3539,86269.1769,82865.0944,85977.3984,3180431
2023-03-29,85004.7818,86269.1549,84129.4465,84518.4844,3070422
2023-03-30,87739.1778,88324.7563,85592.0566,86665.6172,4264354
2023-03-31,87056.0004,87348.7896,85494.4577,86470.4219,2676327
2023-04-03,87543.9967,87543.9967,84518.5074,85104.0859,2502220
2023-04-04,83640.1336,83835.3265,81688.2052,82468.9766,16808036
2023-04-05,82273.7966,83640.1467,82078.6038,82566.5859,4380498
2023-04-06,81883.4089,82664.1804,80712.2517,81785.8125,5379170
2023-04-07,85787.2570,87251.2033,83932.9249,86958.4141,10867359
2023-04-10,86568.0324,90276.6967,86372.8395,88519.9609,5387514
2023-04-11,88519.9473,89983.8935,87739.1760,89593.5078,5001836
2023-04-12,89691.1210,89788.7175,87543.9995,88129.5781,4751001
2023-04-13,87348.8027,88129.5741,86080.0491,86568.0312,4907552
2023-04-14,87934.3808,88129.5736,86470.4344,87153.6094,2324722
2023-04-17,86860.8023,86860.8023,85592.0491,86372.8203,1877825
2023-04-18,87153.6000,87153.6000,85201.6717,85494.4609,1763334
2023-04-19,85884.8540,86372.8362,84518.5041,86080.0469,2024519
2023-04-20,84518.4941,86275.2296,84128.1085,85592.0547,1746001
2023-04-21,85592.0641,87641.5890,85104.0820,86958.4141,2624982
2023-04-24,85982.4538,86665.6288,84908.8931,85104.0859,2054455
2023-04-25,85396.8739,85689.6631,81688.2096,83444.9453,4096411
2023-04-26,84323.3015,86568.0190,84128.1087,85299.2656,3240654
2023-04-27,85787.2494,87056.0029,83932.9175,86665.6172,2980163
2023-04-28,88617.5503,89203.1289,86568.0255,87348.7969,3737493
2023-05-02,88715.1515,88715.1515,86763.2230,88031.9766,2427349
2023-05-03,86860.7913,88129.5445,86470.4058,87641.5625,1779615
2023-05-04,86763.2241,87446.3991,85396.8741,86568.0312,1794303
2023-05-08,87543.9955,87836.7848,85592.0670,86568.0312,2615242
2023-05-09,86275.2404,86470.4332,84616.1011,85201.6797,2297473
2023-05-10,85104.0705,85592.0525,84225.7028,84811.2812,2137658
2023-05-11,84811.2895,85201.6751,82956.9575,84225.7109,2806299
2023-05-12,84225.7181,85494.4717,84128.1216,85104.0859,2712372
2023-05-15,84908.8753,85006.4717,83444.9292,84323.2969,2357794
2023-05-16,87348.8117,88519.9690,86372.8474,88227.1797,5121364
2023-05-17,89788.7136,89788.7136,88129.5743,89691.1172,3340386
2023-05-18,90569.4941,91740.6514,89788.7226,91350.2656,3473641
2023-05-19,92716.6102,95546.9067,92619.0138,94961.3281,5062669
2023-05-22,95351.7132,97010.8525,94766.1346,95839.6953,4248401
2023-05-23,96620.4591,96620.4591,94668.5306,95546.8984,2472514
2023-05-24,95058.9294,95449.3152,93985.3686,95351.7188,2097933
2023-05-25,101793.0604,101793.0604,98669.9751,101012.2891,7431586
2023-05-26,104916.1576,107844.0504,103549.8077,106575.2969,10136706
2023-05-30,110479.1638,110674.3567,106868.0957,107648.8672,9058509
2023-05-31,107356.0766,108234.4445,105892.1301,105989.7266,8166685
2023-06-01,103452.2205,107844.0601,103452.2205,107648.8672,5553560
2023-06-02,108332.0422,109991.1816,106575.3064,107648.8672,3991904
2023-06-05,107453.6703,107844.0561,105892.1275,106087.3203,3316020
2023-06-07,106087.3077,106672.8863,105404.1328,105404.1328,3313460
2023-06-08,104428.1777,107063.2812,104135.3884,107063.2812,4355468
2023-06-09,107648.8558,112821.4663,105696.9273,112626.2734,7950947
2023-06-12,111650.3096,113016.6596,111259.9239,112040.6953,2637721
2023-06-13,114187.8160,117213.3051,114187.8160,116627.7266,6232477
2023-06-14,115944.5469,116822.9147,115261.3719,115944.5469,3240260
2023-06-15,117310.9071,118189.2750,115163.7857,116139.7500,3778592
2023-06-16,114480.6056,116920.5163,113504.6414,116042.1484,4303391
2023-06-19,115163.7809,115651.7630,110771.9418,112040.6953,4208396
2023-06-20,111259.9205,114187.8131,110479.1491,113309.4453,3319570
2023-06-21,113407.0372,114675.7906,111845.4945,112333.4766,2728146
2023-06-22,111455.1069,113114.2460,110674.3356,111259.9141,2612402
2023-06-23,111259.9248,112431.0819,109795.9784,110869.5391,2987472
2023-06-26,110381.5440,111162.3153,108527.2122,110771.9297,3350758
2023-06-27,111259.9015,111259.9015,108136.8166,110283.9375,3602087
2023-06-28,111455.1145,112431.0787,110088.7646,111552.7109,3178571
2023-06-29,112726.9596,114879.7313,112041.9867,113705.4922,4398301
2023-06-30,112139.8336,113020.5129,110769.8880,112726.9531,2674318
2023-07-03,112824.8124,116347.5299,112824.8124,115075.4375,3022009
2023-07-04,115662.5441,115858.2506,114684.0116,115368.9844,1988592
2023-07-05,115564.6877,115662.5409,113607.6227,114194.7422,2483034
2023-07-06,113509.7715,113607.6248,110672.0272,111357.0000,3465047
2023-07-07,110280.6325,110574.1923,108812.8335,109399.9531,2781723
2023-07-10,109399.9553,110476.3413,107345.0366,107932.1562,3163245
2023-07-11,109106.3742,110965.5859,108812.8144,110965.5859,2209391
2023-07-12,110769.8923,112922.6641,110378.4793,112922.6641,2228477
2023-07-13,112922.6548,114488.3069,111161.2962,111650.5625,3421492
2023-07-14,113020.5047,117619.6075,112824.7982,115466.8359,5817889
2023-07-17,114390.4559,116151.8145,113509.7766,114684.0156,2427281
2023-07-18,114977.5731,116445.3719,114194.7470,115271.1328,2299880
2023-07-19,116151.8172,116543.2303,114194.7521,114977.5781,2580301
2023-07-20,113999.0401,114977.5726,112726.9478,114390.4531,1949776
2023-07-21,112237.6885,112629.1016,110769.8896,112629.1016,2745384
2023-07-24,111650.5642,112433.3902,110476.3251,111552.7109,2761991
2023-07-25,111552.7054,111748.4119,109791.3469,110965.5859,2678385
2023-07-26,113509.7774,113607.6306,108910.6743,110574.1797,4995935
2023-07-27,112531.2604,121338.0547,111650.5810,121338.0547,9638980
2023-07-28,123490.8132,126230.7045,119380.9763,125252.1719,8718746
2023-07-31,125252.1799,125741.4462,119870.2503,120750.9297,4623350
2023-08-01,121338.0593,123686.5379,118108.9013,122414.4453,4656047
2023-08-02,120653.0805,122120.8795,116151.8301,116934.6562,3765478
2023-08-03,116445.3737,118695.9986,114684.0151,117423.9062,3498537
2023-08-04,115760.4146,118304.5996,115564.7081,117521.7734,2375384
2023-08-07,118011.0326,122218.7228,117913.1793,119283.1250,3724826
2023-08-08,119283.1264,119772.3927,115760.4090,116053.9688,2729243
2023-08-09,115956.1172,116641.0900,114684.0248,115956.1172,2551668
2023-08-10,114879.7313,115956.1172,112629.1062,115956.1172,2622604
2023-08-11,115466.8346,116836.7801,112726.9436,112824.7969,2412381
2023-08-14,112139.8231,114781.8608,111552.7036,112433.3828,2038360
2023-08-16,114684.0001,115956.0922,112531.2287,113314.0547,3870479
2023-08-17,111846.2650,113020.5040,110084.9065,112335.5312,3064253
2023-08-18,110182.7659,116151.8145,109399.9398,114684.0156,3329697
2023-08-21,114781.8747,115956.1138,113118.3692,113901.1953,2621973
2023-08-22,117423.9190,118304.5984,112433.4024,113999.0547,3349473
2023-08-23,113705.4799,114292.5995,111650.5616,113509.7734,2573292
2023-08-24,119674.5394,120946.6318,117717.4742,118304.5938,6368401
2023-08-25,114879.7341,115760.4135,112824.8155,113999.0547,3533647
2023-08-28,114488.2998,114977.5660,113020.5011,113411.9141,1746882
2023-08-29,115760.4090,117717.4742,114586.1698,116053.9688,2682352
2023-08-30,119772.4028,120163.8159,116836.8047,116836.8047,2629711
2023-08-31,118402.4551,120163.8139,117423.9224,119185.2812,4403695
2023-09-01,118793.8518,119968.0909,117032.4932,117423.9062,2886011
2023-09-04,115760.4066,117130.3522,113705.4881,116641.0859,3491280
2023-09-05,115564.7122,118402.4570,115173.2991,116836.8047,1749591
2023-09-06,116053.9521,117423.8975,115271.1261,115662.5391,1615519
2023-09-07,115662.5574,118304.5955,114586.1715,115956.1172,2995088
2023-09-08,114488.3058,114586.1590,110378.4692,111259.1484,4943255
2023-09-11,111259.1426,113509.7673,110476.3166,113411.9141,2542590
2023-09-12,112922.6499,114977.5682,111454.8512,114194.7422,2749688
2023-09-13,115368.9976,118108.8890,114390.4650,115956.1172,3860589
2023-09-14,116053.9624,119576.6797,116053.9624,119576.6797,3948784
2023-09-15,120261.6726,121729.4717,118989.5801,119772.4062,3579662
2023-09-18,117717.4752,120261.6601,116249.6763,116445.3828,2356621
2023-09-19,116836.7925,118696.0044,116053.9664,116641.0859,1921912
2023-09-20,116347.5152,117130.3412,114194.7437,115466.8359,2228681
2023-09-21,113509.7884,114390.4678,111650.5763,113999.0547,3151900
2023-09-22,111846.2848,114781.8828,111748.4315,114781.8828,2938386
2023-09-25,113411.9267,115173.2853,113216.2201,114488.3125,2181722
2023-09-26,114782.6195,114978.8291,111152.7418,112820.5234,3237819
2023-09-27,110858.4370,113016.7428,110171.7033,112526.2188,3060751
2023-10-04,110858.4376,114390.2109,110858.4376,113212.9531,4447702
2023-10-05,120570.8143,120570.8143,115861.7833,117921.9844,6112858
2023-10-06,117921.9857,119295.4531,116744.7279,118118.1953,4158083
2023-10-10,120472.7168,121944.2891,117235.2578,117235.2578,5580659
2023-10-11,120668.9204,121551.8637,116940.9375,116940.9375,4293299
2023-10-12,118804.9457,121846.1953,118216.3167,121846.1953,4016352
2023-10-13,120767.0261,123906.3801,120178.3972,122336.7031,3205273
2023-10-16,122336.7070,122827.2311,120080.2962,121748.0781,3008476
2023-10-17,122631.0096,128321.0885,121159.4375,127536.2500,6411880
2023-10-18,126162.7827,128222.9837,124789.3154,127536.2500,4760148
2023-10-19,125181.7494,126457.1120,122729.1289,123317.7578,5089745
2023-10-20,121944.2743,124789.3137,120472.7022,123808.2656,3868266
2023-10-23,124396.9195,124789.3388,121159.4602,121649.9844,2432303
2023-10-24,123023.4466,124593.1237,121551.8742,124396.9141,2802010
2023-10-25,125083.6328,126555.2050,123710.1655,125083.6328,3053002
2023-10-26,119785.9824,122434.8125,117235.2572,117725.7812,5961584
2023-10-27,117529.5618,118608.7147,115273.1512,116842.8281,5486088
2023-10-30,116842.8281,119393.5532,116450.4089,116842.8281,2798497
2023-10-31,117529.5589,118608.7118,114095.8906,114095.8906,3166739
2023-11-01,115665.5858,118020.1016,114782.6424,118020.1016,2707225
2023-11-02,121551.8685,123023.4408,120767.0300,122925.3359,3736208
2023-11-03,124102.5852,124789.3189,122631.0131,123415.8516,2796773
2023-11-06,123415.8742,130479.4219,123415.8742,130479.4219,6923192
2023-11-07,129498.3488,130969.9210,126849.5190,127928.6719,4940510
2023-11-08,129105.9347,130185.0877,124200.6941,125181.7422,3328279
2023-11-09,125279.8418,127340.0428,124298.7937,125574.1562,2228081
2023-11-10,125476.0484,128321.0879,124593.1052,128026.7734,2656526
2023-11-13,130479.4062,131558.5592,128517.3099,129302.1484,2644761
2023-11-14,130969.9183,130969.9183,127536.2500,127536.2500,2589591
2023-11-15,131362.3373,131656.6517,129596.4507,131558.5469,3616292
2023-11-16,130479.4056,131852.8730,128713.5189,129792.6719,2456351
2023-11-17,129007.8254,129498.3495,126653.3100,127438.1484,2438499
2023-11-20,126849.5255,129498.3555,126849.5255,128909.7266,2004403
2023-11-21,129498.3594,130773.7220,129105.9401,129498.3594,2439306
2023-11-22,127143.8354,129105.9316,127045.7306,128811.6172,2128566
2023-11-23,128124.8756,128909.7140,127045.7227,127634.3516,1839516
2023-11-24,128124.8813,128517.3005,125574.1562,125574.1562,1925668
2023-11-27,126751.4277,128223.0000,125966.5891,128223.0000,2264243
2023-11-28,129596.4603,129596.4603,127438.1543,128909.7266,2562226
2023-11-29,127732.4623,128517.3007,126457.0997,127928.6719,2227853
2023-11-30,127438.1361,131362.3281,127438.1361,131362.3281,3625365
2023-12-01,129694.5573,130479.3958,128321.0900,130086.9766,3641222
2023-12-04,130871.8169,132049.0746,128615.4062,128615.4062,2680820
2023-12-05,127241.9439,127536.2583,123023.4369,123513.9609,4375531
2023-12-06,124396.9062,125083.6399,123023.4388,123219.6484,2667583
2023-12-07,123219.6484,125377.9544,122140.4955,123219.6484,2478565
2023-12-08,125672.2617,126653.3098,125083.6328,125083.6328,2762531
2023-12-11,126260.8919,126653.3112,124887.4246,126457.1016,3696790
2023-12-12,128124.8854,129400.2480,128026.7806,128517.3047,3126577
2023-12-13,127536.2579,129890.7734,127536.2579,128713.5156,2852873
2023-12-14,131166.1368,135678.9583,131068.0320,134109.2812,8217135
2023-12-15,134403.5901,137346.7344,134403.5901,137346.7344,5011719
2023-12-18,136365.6863,138131.5729,136267.5815,137346.7344,2540812
2023-12-19,137346.7461,138131.5847,135482.7546,135580.8594,2309721
2023-12-20,137248.6523,138131.5957,136660.0233,137837.2812,3108011
2023-12-21,136561.9185,137935.3861,135482.7654,137837.2812,2737124
2023-12-22,139995.5762,140976.6244,137935.3750,137935.3750,3183709
2023-12-26,139308.8405,139308.8405,136758.1152,138229.6875,2239789
2023-12-27,138426.3191,139212.8323,136853.2927,138033.0625,2336777
2023-12-28,138524.6152,139212.8141,137148.2173,139114.5000,2459473
2024-01-02,137344.8618,140392.6003,137344.8618,139999.3438,2147458
2024-01-03,137639.7866,138426.2997,134493.7344,134493.7344,3257820
2024-01-04,134493.7566,136460.0396,133510.6151,134100.5000,2661970
2024-01-05,133510.6280,135181.9688,133510.6280,135181.9688,1846781
2024-01-08,135181.9307,135575.1872,133117.3340,133707.2188,2498302
2024-01-09,136656.6354,137148.2060,134297.0964,135083.6094,3473806
2024-01-10,135378.5527,135771.8092,129872.9616,131249.3594,3769252
2024-01-11,130167.9100,134788.6742,130167.9100,133707.2188,3594909
2024-01-12,134100.4909,134985.3182,131151.0666,131839.2656,1878915
2024-01-15,132527.4646,132822.4071,131249.3808,131839.2656,353911
2024-01-16,130364.5473,131446.0028,128889.8352,129872.9766,3670169
2024-01-17,131544.3194,132232.5183,126825.2406,128791.5234,3822702
2024-01-18,129283.1249,134493.7756,128398.2975,133903.8906,3050556
2024-01-19,136361.7228,138917.8906,135083.6389,138917.8906,4946040
2024-01-22,142752.1683,142948.7966,139901.0575,140196.0000,3784276
2024-01-23,139901.0404,140392.6112,135968.4743,138426.3281,2912611
2024-01-24,137639.7880,139311.1283,135280.2488,139114.5000,2580665
2024-01-25,140294.2581,141277.3993,134592.0387,135083.6094,4708651
2024-01-26,133903.8470,136263.3862,133707.2188,133707.2188,3247410
2024-01-29,133215.6802,134690.3925,132724.1094,132724.1094,2311854
2024-01-30,133019.0516,135476.9055,132134.2243,134592.0781,2297631
2024-01-31,132527.4704,134297.1250,131347.7006,132429.1562,2815362
2024-02-01,130856.1473,133314.0013,129479.7490,130462.8906,3778274
2024-02-02,130069.6288,133019.0535,129971.3147,132625.7969,3708253
2024-02-05,132625.7850,133510.6124,129479.7323,130069.6172,3300954
2024-02-06,131446.0075,136066.7722,129774.6671,135673.5156,4672324
2024-02-07,134297.1176,136165.0863,133215.6621,135673.5156,3348045
2024-02-08,136656.6716,140589.2377,135575.2159,140392.6094,5780714
2024-02-13,144325.1661,147471.2188,142555.5115,147471.2188,6902585
2024-02-14,143833.6010,146684.7114,142457.2029,146193.1406,4396924
2024-02-15,148749.2893,150125.6872,145504.9228,146389.7500,3560211
2024-02-16,148061.0935,148061.0935,143243.7007,144325.1562,3265836
2024-02-19,143735.2605,150617.2498,143538.6323,148749.2812,3997323
2024-02-20,147766.1678,148552.6810,145013.3716,147077.9688,3507601
2024-02-21,144620.0939,149634.1148,144620.0939,146488.0625,4278500
2024-02-22,151895.3268,153861.6094,150027.3584,153861.6094,5966352
2024-02-23,164086.3093,164086.3093,157106.0049,158679.0312,7012032
2024-02-26,155729.6310,162021.7373,155729.6310,159072.3125,4329477
2024-02-27,156319.5080,157302.6495,150715.6011,151207.1719,6107954
2024-02-28,151895.3641,156516.1292,151207.1650,155336.3594,3666960
2024-02-29,152288.6192,155729.6144,151895.3626,153566.7031,3386307
2024-03-04,158285.7691,165266.0732,157990.8266,163693.0469,5230909
2024-03-05,162316.6603,166150.9121,161333.5188,163004.8594,3612530
2024-03-06,161333.5041,162709.9020,159957.1061,160153.7344,2672526
2024-03-07,161726.7435,163103.1413,158285.7489,162120.0000,3052700
2024-03-08,166937.3877,171951.4082,166445.8171,169001.9844,5089650
2024-03-11,162218.3331,166052.5846,161923.3907,163791.3594,3450905
2024-03-12,163299.8191,164381.2749,161235.2218,162906.5625,3102706
2024-03-13,165757.6446,166839.1002,159268.9112,160841.9375,5072935
2024-03-14,160841.9499,161431.8348,158384.0962,159170.6094,3655060
2024-03-15,156909.3799,160153.7468,155926.2384,158482.4062,4099531
2024-03-18,158482.4021,161726.7689,158285.7738,161530.1406,2696598
2024-03-19,158973.9778,159072.2920,154943.0978,157499.2656,4159293
2024-03-20,157499.2321,158679.0016,151502.0703,153861.6094,5692523
2024-03-21,162414.9527,168510.4292,159858.7852,167134.0312,9205769
2024-03-22,166150.9087,170968.3019,164577.8823,166937.4219,5400916
2024-03-25,167625.6433,171853.1522,165659.3601,166544.1875,3434516
2024-03-26,169100.3153,176473.8756,169002.0012,173622.7656,6549669
2024-03-27,173721.0825,179914.8732,172639.6270,178145.2188,5774536
2024-03-28,175289.3894,179326.9540,175289.3894,175486.3438,3424716
2024-03-29,176471.1169,181099.5447,174895.4820,180213.2500,3035080
2024-04-01,183561.4665,187599.0310,182182.7860,182675.1719,2723474
2024-04-02,185137.1122,187106.6559,181591.9334,183463.0000,4207759
2024-04-03,179228.4705,180902.5825,175486.3376,176471.1094,5416518
2024-04-04,181591.9460,185629.5110,181198.0372,185137.1250,5344102
2024-04-05,181985.8406,184743.2018,179031.5250,180016.2969,4043133
2024-04-08,181099.5402,181099.5402,177258.9300,178440.6562,3278855
2024-04-09,179523.9025,182478.2180,178933.0394,180114.7656,2302751
2024-04-11,180114.7705,185531.0156,179622.3846,185531.0156,4098231
2024-04-12,185826.4377,188485.3216,184152.3257,184546.2344,3097301
2024-04-15,182576.7167,185531.0325,180213.2641,185334.0781,2672047
2024-04-16,181591.9315,182675.1805,175584.8231,176372.6406,4956035
2024-04-17,176865.0448,179720.8835,174993.9780,175978.7500,4340591
2024-04-18,173319.8437,180508.6781,172728.9806,179523.9062,4170243
2024-04-19,174501.5951,175781.7987,166918.8508,170660.9844,7545976
2024-04-22,168100.5647,169774.6769,164456.9086,168986.8594,5882906
2024-04-23,169971.6351,171054.8842,167115.7965,168396.0000,3975371
2024-04-24,176175.6741,177455.8775,173615.2675,177061.9688,4254632
2024-04-25,171153.3321,174009.1702,168002.0625,168002.0625,5332149
2024-04-26,173516.7870,175584.8078,172236.5837,175092.4219,5471765
2024-04-29,176372.6450,177652.8485,172925.9434,173221.3750,2892809
2024-04-30,173221.3621,176274.1547,171153.3413,171547.2500,3655060
2024-05-02,166426.4402,172039.6396,166426.4402,170956.3906,3168250
2024-05-03,174304.6014,174796.9873,170562.4688,170562.4688,2336256
2024-05-07,176668.0300,178145.1875,176569.5529,176864.9844,4349589
2024-05-08,174895.4663,176668.0555,173319.8315,175289.3750,2304744
2024-05-09,176274.1471,176668.0558,172728.9688,172728.9688,2861600
2024-05-10,173812.2289,177357.4075,173713.7517,177160.4531,2813668
2024-05-13,177258.9448,181198.0325,176274.1729,181001.0781,3230023
2024-05-14,181394.9697,182970.6047,179031.5174,182478.2188,2763069
2024-05-16,188189.9022,191045.7406,188189.9022,190060.9688,5083178
2024-05-17,189076.2085,190553.3664,187008.1875,187008.1875,2841394
2024-05-20,189371.6230,190257.9177,185727.9673,187205.1250,3592128
2024-05-21,190454.8995,190553.3767,188288.4012,189076.2188,2468109
2024-05-22,188977.7292,194689.4062,187992.9573,194689.4062,3949439
2024-05-23,200401.0448,200893.4306,195181.7547,196954.3438,4681849
2024-05-24,196757.4137,199416.2977,194492.4385,195575.6875,3793872
2024-05-27,200401.0592,205817.3040,196068.0633,198431.5156,4774882
2024-05-28,199416.3125,202370.6282,197446.7687,199416.3125,2084945
2024-05-29,206802.1019,206802.1019,197446.7687,199416.3125,3073139
2024-05-30,199416.3082,199416.3082,192719.8594,192719.8594,2402236
2024-05-31,191439.6576,192227.4752,185334.0718,186318.8438,5958829
2024-06-03,186614.2752,191636.6119,185334.0717,191242.7031,2982443
2024-06-04,193409.1991,193507.6763,189962.4975,190356.4062,1996780
2024-06-05,186515.8087,192227.4861,185924.9455,190750.3281,2709631
2024-06-07,196461.9966,204340.1719,194295.4984,204340.1719,4805326
2024-06-10,202863.0032,206309.7047,201878.2313,204832.5469,2448961
2024-06-11,206802.0860,211725.9452,202862.9987,209264.0156,3070163
2024-06-12,208771.6375,212710.7250,207786.8656,211725.9531,2151331
2024-06-13,222558.4469,223050.8329,215665.0437,218619.3594,5777279
2024-06-14,221573.6814,221573.6814,212710.7342,217634.5938,3311223
2024-06-17,215665.0376,226005.1421,215665.0376,219604.1250,2198340
2024-06-18,223543.2262,230929.0156,223543.2262,230929.0156,3136231
2024-06-19,231421.3765,239299.5510,227974.6751,229944.2188,3758652
2024-06-20,229944.2405,234868.1000,227482.3107,233883.3281,2927358
2024-06-21,226989.9080,230928.9953,226497.5220,230436.6094,3848394
2024-06-24,224527.9843,226497.5280,216649.8094,219604.1250,5080726
2024-06-25,212218.3540,221573.6875,211725.9681,221573.6875,5730999
2024-06-26,224527.9755,234868.0796,224035.5896,233390.9219,5166862
2024-06-27,226291.5942,235658.7844,224319.5542,233193.7344,3763005
2024-06-28,232207.7144,234179.7544,229249.6543,233193.7344,2368287
2024-07-01,230235.6632,233193.7231,228756.6332,232207.7031,1709955
2024-07-02,232207.7106,233686.7406,227277.6106,228756.6406,2343947
2024-07-03,227770.6035,232700.7031,221854.4839,232700.7031,3315677
2024-07-04,237137.7871,237137.7871,221854.4786,226784.5781,7599882
2024-07-05,225305.5537,234179.7330,224319.5337,232700.7031,4041293
2024-07-08,230728.6662,233686.7260,229249.6363,230235.6562,2309023
2024-07-09,232207.7211,237630.8314,229742.6710,235165.7812,4810781
2024-07-10,234179.7512,235658.7812,230728.6812,235658.7812,2579373
2024-07-11,239109.8425,245025.9623,237630.8125,237630.8125,5336097
2024-07-12,228756.6363,232700.7162,226784.5963,229742.6562,4972976
2024-07-15,231714.6776,232207.6876,223333.5085,226784.5781,3301380
2024-07-16,223333.5264,231714.6962,220868.4764,229742.6562,3982189
2024-07-17,226291.5861,226784.5961,217417.4062,217417.4062,6051510
2024-07-18,209529.2500,211994.3000,206078.1800,209529.2500,8847665
2024-07-19,205585.1675,211008.2774,204106.1375,206571.1875,4519170
2024-07-22,206078.1736,206571.1836,197697.0039,202134.0938,6662441
2024-07-23,205585.1636,206571.1836,197697.0039,202134.0938,5976519
2024-07-24,199176.0418,209529.2519,197204.0018,205585.1719,4838734
2024-07-25,193457.1208,196020.7727,186357.7769,187343.7969,12503762
2024-07-26,188132.6206,191780.8947,183498.3265,189118.6406,8769107
2024-07-29,192273.9036,192964.1176,189513.0476,192865.5156,4017366
2024-07-30,188625.6356,189513.0537,183892.7394,186259.1875,5165131
2024-07-31,185371.7828,192273.9237,182610.9265,191879.5156,6439929
2024-08-01,198683.0198,198683.0198,190597.6562,190597.6562,6457167
2024-08-02,181033.2472,181427.6552,169989.8247,170778.6406,13050139
2024-08-05,165651.3565,168806.6204,149480.6288,153917.7188,12358821
2024-08-06,162791.9125,164073.7385,159242.2402,161411.4844,10717321
2024-08-07,158650.6046,168609.4057,155199.5349,166933.1719,9732037
2024-08-08,160326.8714,165848.5841,158946.4432,161115.6875,5370361
2024-08-09,170384.2478,170384.2478,166440.1680,169102.4219,5141277
2024-08-12,172060.4814,177286.3871,170187.0435,174525.5312,4413736
2024-08-13,177384.9913,179850.0412,176300.3694,179357.0312,4234287
2024-08-14,185371.7635,185470.3655,182117.8975,184089.9375,4420516
2024-08-16,193259.9136,197203.9935,191978.0877,196908.1875,6959688
2024-08-19,197105.3852,197105.3852,189710.2357,191189.2656,3977026
2024-08-20,195922.1675,199669.0434,195330.5556,196908.1875,4258190
2024-08-21,190301.8768,192668.3250,188428.4386,189907.4688,4508983
2024-08-22,189315.8399,191682.2879,186357.7799,188428.4219,3166217
2024-08-23,183399.7131,186653.5790,182808.1011,182906.7031,4371332
2024-08-26,185174.5350,185864.7489,177089.1719,177089.1719,4913204
2024-08-27,174328.3202,177680.7879,170975.8525,172553.4844,5796566
2024-08-28,172553.5198,178272.4364,171567.4997,176793.4062,5590086
2024-08-29,165256.9363,169299.6179,164862.5284,167327.5781,8284585
2024-08-30,168609.4333,173046.5236,167031.8012,171271.6875,4498221
2024-09-02,171173.0608,172454.8867,166045.7571,171567.4688,3507670
2024-09-03,170482.8640,171370.2821,165947.1719,165947.1719,3286574
2024-09-04,150762.4527,156777.1745,150762.4527,152635.8906,10020391
2024-09-05,154805.1303,160721.2499,154410.7223,157171.5781,5349484
2024-09-06,154903.7610,155988.3831,152734.5167,154213.5469,3459914
2024-09-09,149677.8366,155495.3546,148396.0106,154805.1406,4484162
2024-09-10,155199.5474,159439.4334,152142.8854,153326.1094,4718523
2024-09-11,154607.9202,156481.3580,152142.8704,155002.3281,3203928
2024-09-12,162890.5000,168905.2218,161510.0720,166440.1719,8628996
2024-09-13,164172.3366,164369.5407,158847.8284,160524.0625,5246578
2024-09-19,152537.2974,153523.3174,142677.0972,150663.8594,15001257
2024-09-20,158256.1862,158551.9922,153720.4949,154903.7188,7155655
2024-09-23,153621.9256,160622.6681,153523.3236,159735.2500,4497592
2024-09-24,161411.4853,161411.4853,156974.3950,161214.2812,3442530
2024-09-25,164369.5374,166933.1895,162693.3034,162989.1094,4665075
2024-09-26,175905.9502,178371.0000,173736.7065,178371.0000,9519633
2024-09-27,185185.8657,186963.6500,181531.5312,181531.5312,6886272
2024-09-30,181432.7490,181531.5148,172445.0625,172445.0625,4859468
2024-10-02,170568.5376,173333.9800,167012.9688,167012.9688,4720638
2024-10-04,169580.8555,173432.7212,168593.1976,171951.2344,3633358
2024-10-07,176198.1765,182617.9531,173827.7975,182617.9531,3904925
2024-10-08,179951.2566,182716.6986,175803.0938,175803.0938,3988028
2024-10-10,182222.9024,185778.4712,181136.4786,184395.7500,6325045
2024-10-11,187655.0227,188840.2123,182815.4984,183704.3906,3475666
2024-10-14,184593.2828,189926.6361,184593.2828,183704.3906,3309274
2024-10-15,189531.5608,190815.5161,187358.7133,190519.2188,4060365
2024-10-16,182420.4000,190124.1310,181333.9764,186371.0312,4787317
2024-10-17,188840.1951,193580.9531,186371.0503,193580.9531,3996946
2024-10-18,195753.7829,195753.7829,183901.8889,184988.3125,5509895
2024-10-21,187062.4038,189926.6117,185679.6828,188543.8906,2428544
2024-10-22,192889.5906,192889.5906,185185.8589,185482.1562,3466963
2024-10-23,186173.5187,194272.3137,185679.6897,193580.9531,4366079
2024-10-24,191111.8200,199506.9128,187655.0170,195753.8125,6344515
2024-10-25,200494.5501,203457.5238,196938.9818,198519.2344,5530362
2024-10-28,200988.3876,202469.8744,191803.1689,193580.9531,4114186
2024-10-29,193580.9630,194568.6209,186766.1229,187951.3125,4067991
2024-10-30,187852.5388,192988.3600,187062.4125,192593.2969,3580400
2024-10-31,187556.2404,190519.2142,183803.1403,184000.6719,4573282
2024-11-01,180247.5630,182617.9419,178272.2472,179951.2656,3478519
2024-11-04,182914.2358,191605.6250,181432.7490,191605.6250,3569575
2024-11-05,191210.5631,196346.3841,189729.0763,190815.5000,3560310
2024-11-06,195259.9562,196741.4429,190321.6669,193383.4062,3460361
2024-11-07,194963.6588,195852.5509,190716.7301,193383.4062,2976546
2024-11-08,198025.4219,200494.5668,196346.4033,198025.4219,3031573
2024-11-11,196840.2140,196840.2140,190025.3747,190222.9062,2636191
2024-11-12,190124.1519,190124.1519,182617.9516,183506.8438,3920254
2024-11-13,183408.0829,187161.1832,180346.3432,180642.6406,3172827
2024-11-14,180642.6255,182617.9412,169580.8573,170864.8125,6309368
2024-11-15,171852.4621,176790.7513,171457.3990,176000.6250,4330750
2024-11-18,171654.9568,175605.5887,168198.1538,169580.8750,3885644
2024-11-19,168296.8903,170766.0348,166025.2774,168494.4219,4075013
2024-11-20,172840.1162,172938.8820,168099.3588,168494.4219,3689296
2024-11-21,166124.0615,170864.8195,166124.0615,166716.6562,3821502
2024-11-22,169580.8514,176000.6274,169087.0225,174519.1406,3919973
2024-11-25,172346.2929,177284.5821,171753.6982,174815.4375,4393882
2024-11-26,173037.6687,175506.8135,172543.8397,174914.2188,1996128
2024-11-27,173432.7309,173531.4967,165827.7650,166222.8281,4756820
2024-11-28,162568.4901,164247.5086,158815.3901,159111.6875,5691298
2024-11-29,158025.2814,160395.6606,155654.9022,157926.5156,4682788
2024-12-02,160198.0991,160691.9280,156642.5309,156840.0625,3558868
2024-12-03,157235.1164,163062.2972,157136.3506,162864.7656,4180365
2024-12-04,159309.2232,165926.5312,159111.6916,165926.5312,5701792
2024-12-05,167901.8389,173432.7230,167210.4784,170864.8125,4671438
2024-12-06,171358.6352,171457.4010,162963.5435,165037.6250,4434259
2024-12-09,165037.6376,168494.4403,162963.5560,166815.4219,5305672
2024-12-10,165926.5273,168296.9062,165531.4641,168296.9062,3159112
2024-12-11,165333.9303,169679.6250,164938.8671,169679.6250,2281189
2024-12-12,174321.6257,175210.5178,171358.6519,173926.5625,4550292
2024-12-13,172247.5605,174222.8766,171358.6683,173333.9844,3677980
2024-12-16,175210.5279,178173.5019,175111.7621,177087.0781,3278975
2024-12-17,180741.3735,182222.8601,179852.4815,181729.0312,3188910
2024-12-18,181136.4373,181630.2662,179358.6533,181235.2031,2363872
2024-12-19,171753.7014,174617.9091,170864.8093,172840.1250,4833862
2024-12-20,171951.2437,172642.6043,165037.6383,166420.3594,4487308
2024-12-23,167901.8444,171161.1155,167506.7812,167506.7812,3287596
2024-12-24,169580.8647,169778.3963,166222.8278,166420.3594,1844961
2024-12-26,167901.8280,169877.1436,167309.2333,168000.5938,2022727
2024-12-27,168000.6175,173827.7994,167901.8517,172346.3125,2643523
2024-12-30,171852.4689,173630.2531,170272.2163,171753.7031,1434202
2025-01-02,168395.6707,170074.6891,167901.8418,169087.0312,2102175
2025-01-03,172346.3004,180445.0951,170963.5794,179654.9688,4233446
2025-01-06,182124.1153,197334.0469,182124.1153,197334.0469,7320382
2025-01-07,202469.8762,203951.3631,192395.7653,192593.2969,6075445
2025-01-08,190716.7473,195655.0370,188642.6656,192297.0000,4275792
2025-01-09,198519.2280,203457.5172,197334.0386,202469.8594,6692254
2025-01-10,205432.8354,209877.2958,200000.7171,200988.3750,6149475
2025-01-13,200494.5616,200494.5616,191506.8743,191901.9375,4767294
2025-01-14,191901.9363,195457.5049,191210.5758,192593.2969,3019149
2025-01-15,195556.2809,198519.2549,195259.9835,195753.8125,3620460
2025-01-16,205926.6694,207408.1562,203951.3536,207408.1562,6029645
2025-01-17,206914.3354,214815.5988,206420.5064,211852.6250,5041329
2025-01-20,216297.0900,216297.0900,207901.9975,209383.4844,3036234
2025-01-21,213827.9350,217284.7377,211358.7903,215309.4219,3323212
2025-01-22,218766.2431,224198.3620,214321.7822,222716.8750,5901740
2025-01-23,218272.3931,222716.8536,212346.4458,216790.9062,5994781
2025-01-24,217778.5617,224198.3379,214815.5881,218272.3906,3771572
2025-01-31,194568.6058,201976.0400,192395.7584,196741.4531,11871995
2025-02-03,189136.4854,190815.5038,184593.2591,188543.8906,7926444
2025-02-04,190519.2061,191901.9271,187753.7640,188741.4219,5851146
2025-02-05,189531.5511,196938.9854,189531.5511,196346.3906,4245118
2025-02-06,199506.8882,202469.8618,198025.4014,200988.3750,4032622
2025-02-07,202469.8626,203457.5205,198025.4022,200494.5469,2206293
2025-02-10,195358.7339,200494.5550,194568.6076,195655.0312,2779740
2025-02-11,198519.2208,199013.0497,195556.2473,197235.2656,2488710
2025-02-12,194074.7773,197432.8141,193580.9483,196445.1562,2884072
2025-02-13,196346.3903,205926.6719,195655.0297,205926.6719,3574410
2025-02-14,206420.4984,209383.4720,203951.3536,207408.1562,2598656
2025-02-17,208889.6554,213334.1162,208395.8264,209383.4844,2497922
2025-02-18,209383.4720,212346.4457,204445.1826,207408.1562,1937894
2025-02-19,213334.1053,216790.9079,211358.7895,215803.2500,3537720
2025-02-20,214321.7741,215803.2610,208395.8264,209383.4844,3080242
2025-02-21,206914.3281,208395.8150,202963.6966,206914.3281,2601151
2025-02-24,200000.7147,202469.8594,198519.2280,202469.8594,3087127
2025-02-25,197334.0613,199506.9088,196741.4665,198025.4219,3651613
2025-02-26,196543.9154,203457.5205,196148.8523,200494.5469,3849749
2025-02-27,203281.8352,203778.8568,196919.9587,198013.4062,3993419
2025-02-28,190458.7076,191850.3683,187575.9818,189067.0469,5533027
2025-03-04,183699.1814,186383.0980,182903.9468,184991.4375,5424556
2025-03-05,187078.9533,193242.0219,185488.4840,191949.7656,4162368
2025-03-06,192347.3695,192844.3911,189166.4310,191253.9219,2540131
2025-03-07,189862.2613,191651.5392,186780.7272,191253.9219,2700590
2025-03-10,186383.1171,190359.2902,186184.3084,186780.7344,2441476
2025-03-11,181015.2966,187874.1958,180220.0619,186681.3438,3521800
2025-03-12,191253.9371,198162.5382,188570.0201,197715.2188,4064278
2025-03-13,201293.7745,203281.8611,194335.4711,198510.4531,3883033
2025-03-14,197317.5843,204772.9086,197317.5843,203281.8438,3397462
2025-03-17,205766.9809,208252.0894,202287.8290,204772.9375,2584679
2025-03-18,207258.0031,207755.0247,199802.6793,201790.7656,2696191
2025-03-19,200796.7392,208252.0637,199802.6959,204275.8906,3102000
2025-03-20,205766.9484,209743.1214,204275.8836,208749.0781,2779557
2025-03-21,212228.2416,218192.5013,210737.1766,214216.3281,5731880
2025-03-24,210240.1719,213222.3020,208252.0851,210240.1719,1611040
2025-03-25,213222.2812,214216.3245,206761.0000,206761.0000,2262656
2025-03-26,207755.0491,214216.3306,207258.0275,212725.2656,2058540
2025-03-27,206760.9964,210737.1694,205269.9315,205766.9531,2287220
2025-03-28,201790.8042,203281.8693,197715.2264,198112.8438,2673553
2025-03-31,192347.3680,194335.4545,189365.2382,189564.0469,4561715
2025-04-01,192446.7687,197317.5805,190856.2995,195826.5156,2317253
2025-04-02,197615.8109,200299.7278,196124.7459,196721.1719,2764223
2025-04-03,188470.6116,193440.8281,187078.9509,193440.8281,4177747
2025-04-04,186780.7343,188470.6078,177337.3230,181114.6875,9182017
2025-04-07,166999.2984,171770.7069,163818.3594,163818.3594,7879050
2025-04-08,170975.4679,172068.9157,167198.1029,168490.3594,4965171
2025-04-09,168987.3570,168987.3570,161730.8411,164017.1406,8035679
2025-04-10,188569.9997,188768.8084,178927.7804,182108.7188,7836984
2025-04-11,176740.9167,180717.0903,175051.0429,179723.0469,3223735
2025-04-14,181810.5105,183301.5754,176939.6986,179126.5938,3466194
2025-04-15,179126.6014,181313.4967,178629.5798,179524.2188,1915455
2025-04-16,175448.6395,176442.6827,172466.5096,172963.5312,2933428
2025-04-17,171074.8525,174355.1954,170776.6396,173957.5781,2989493
2025-04-18,172963.5348,174454.5998,171770.6829,173957.5781,1305152
2025-04-21,173758.7689,178927.7941,173460.5559,175548.0469,1877473
2025-04-22,173957.5864,174454.6081,172267.7127,172764.7344,2008388
2025-04-23,178033.1460,180518.2541,177039.1027,179921.8281,3857373
2025-04-24,181711.1007,182307.5267,176542.0760,177237.9062,3162156
2025-04-25,181412.8805,183798.5841,181015.2632,183301.5625,3507810
2025-04-28,182406.9399,182804.5572,178629.5755,180915.8750,2455710
2025-04-29,180915.8990,181810.5380,178033.1731,179723.0469,1866386
2025-04-30,178033.1568,178927.7958,175647.4529,176442.6875,2354473
2025-05-02,178331.3613,185090.8555,177337.3181,184892.0469,3886874
2025-05-07,186581.9190,190359.2834,184792.6412,189663.4531,3830097
2025-05-08,194832.4842,194832.4842,188271.7985,189166.4375,5125330
2025-05-09,190856.3072,191651.5418,185687.2822,188967.6250,2539822
2025-05-12,192446.7769,194037.2462,192347.3726,193838.4375,1624884
2025-05-13,199305.6803,200299.7236,196124.7418,197317.5938,3385009
2025-05-14,205766.9809,205766.9809,202784.8507,204772.9375,3333511
2025-05-15,206263.9746,206760.9963,198311.6286,199305.6719,3178957
2025-05-16,204772.9086,205518.4411,202287.8005,203281.8438,2419507
2025-05-19,201790.8062,201790.8062,196323.5676,198212.2500,2482673
2025-05-20,201293.7717,206761.0099,200299.7283,200796.7500,2820546
2025-05-21,203281.8449,203778.8665,198709.2459,199305.6719,1721760
2025-05-22,198709.2549,200299.7242,195329.5077,195727.1250,1988587
2025-05-23,198709.2519,200299.7212,197516.4000,198808.6562,1538701
2025-05-26,198808.6361,202287.7872,195727.1022,201790.7656,1459997
2025-05-27,199305.6791,202287.8089,198808.6574,201293.7656,1424916
2025-05-28,205269.9351,208252.0649,204772.9135,206761.0000,3161188
2025-05-29,213607.4093,213607.4093,206636.5382,211117.8125,3827689
2025-05-30,209126.1285,209126.1285,202155.2576,203649.0156,4826628
2025-06-02,204146.9345,207632.3700,202155.2571,206636.5312,1775752
2025-06-04,217092.8256,222072.0188,215599.0676,216594.9062,5108674
2025-06-05,224561.6042,229042.8779,221076.1691,223565.7656,5768506
2025-06-09,232030.3855,232528.3048,227051.1927,228047.0312,3666084
2025-06-10,230038.7318,231532.4898,226553.2965,229540.8125,3718655
2025-06-11,235017.9112,239997.1042,234022.0726,239001.2656,4230421
2025-06-12,241490.8705,245474.2251,234022.0807,234520.0000,4994238
2025-06-13,239499.1932,241988.7898,232777.2824,234520.0000,4100610
2025-06-16,237009.5979,247465.9037,237009.5979,246967.9844,3760740
2025-06-17,251947.1669,258918.0371,246967.9739,247963.8125,5044669
2025-06-18,244478.3957,250951.3471,243980.4764,245474.2344,4081001
2025-06-19,245972.1512,248959.6672,240992.9578,244976.3125,2317796
2025-06-20,247963.8372,255930.5469,246470.0792,255930.5469,3597877
2025-06-23,251449.2546,261905.5602,247465.9000,258420.1250,3398736
2025-06-24,268876.4340,281822.3364,268378.5147,277341.0625,5436312
2025-06-25,287797.3912,290286.9880,282818.1976,284809.8750,5466598
2025-06-26,293274.5081,297257.8631,285805.7176,291780.7500,5894020
2025-06-27,286801.5106,293274.4613,279830.6405,282818.1562,5134863
2025-06-30,287299.4399,293274.4715,284809.8433,290784.8750,4375298
2025-07-01,289789.0501,293274.4854,284311.9375,284311.9375,3687981
2025-07-02,282320.2424,282320.2424,273357.6951,277838.9688,4702056
2025-07-03,279830.6591,282818.1750,275847.3045,277341.0625,3642140
2025-07-04,278336.8912,280328.5684,267880.5858,269374.3438,3654933
2025-07-07,264893.0879,270868.1199,263399.3299,269872.2812,2523564
2025-07-08,269872.2748,283814.0160,267382.6782,280826.5000,3119395
2025-07-09,281324.4456,282818.2037,276345.2519,279830.6875,2626484
2025-07-10,282818.1608,295764.0625,282320.2415,295764.0625,4556065
2025-07-11,298253.6935,305224.5645,290784.9032,293274.5000,3732533
2025-07-14,291282.7734,301241.1589,291282.7734,298751.5625,2936976
2025-07-15,294768.2471,297257.8438,288793.2150,297257.8438,4196196
2025-07-16,297257.8467,298253.6854,291282.8146,294768.2500,3123297
2025-07-17,282320.2403,288295.2718,266884.7421,268378.5000,9328322
2025-07-18,268876.4638,273855.6575,265888.9475,267880.6250,5359504
2025-07-21,266386.8380,273357.7085,265390.9994,271366.0312,2424891
2025-07-22,271863.9616,272361.8809,265888.9295,267382.6875,3139858
2025-07-23,266386.8669,269872.3025,263399.3506,267880.6250,3116279
2025-07-24,275847.2894,277838.9666,267880.5807,268378.5000,3667144
2025-07-25,271863.9646,273855.6420,264395.1744,264893.0938,2171063
2025-07-28,259913.8957,264395.1698,257424.2990,260909.7344,2877357
2025-07-29,253440.9316,263897.2372,253440.9316,261407.6406,2944177
2025-07-30,261905.5495,264893.0652,259415.9530,262403.4688,2482807
2025-07-31,269872.2783,272859.7943,264395.1657,272361.8750,3472644
2025-08-01,264893.0843,265888.9230,255930.5363,256926.3750,3227394
2025-08-04,253440.9397,258918.0523,252943.0203,256926.3750,2281558
2025-08-05,262901.3880,263399.3073,259415.9530,262403.4688,2118171
2025-08-06,259415.9585,259415.9585,256428.4426,257424.2812,1374559
2025-08-07,256926.3797,261905.5731,248959.6702,260909.7344,2724438
2025-08-08,260909.7219,264893.0764,254436.7707,255432.6094,2676174
2025-08-11,259415.9553,266386.8256,258918.0360,265888.9062,2415473
2025-08-12,266884.7862,274851.4963,266386.8669,267880.6250,3008648
2025-08-13,276843.1562,277838.9949,272859.8015,276843.1562,3472694
2025-08-14,276345.2450,276345.2450,269374.3739,275349.4062,2101050
2025-08-18,270868.1495,270868.1495,265888.9556,266386.8750,1993220
2025-08-19,267382.6750,268876.4330,260411.8045,261905.5625,1709646
2025-08-20,253440.9270,255930.5235,249955.4919,254436.7656,3571545
2025-08-21,245474.2267,249955.5006,243980.4688,243980.4688,6301130
2025-08-22,244478.3875,251449.2580,244478.3875,249955.5000,3064062
2025-08-25,254934.6898,260411.8023,252943.0125,258420.1250,3183709
2025-08-26,258420.1197,261407.6355,255930.5231,260411.7969,2050625
2025-08-27,257922.2082,259913.8855,254934.6923,258918.0469,2801594
2025-08-28,253308.3585,267768.8750,252311.0815,267768.8750,3836024
2025-08-29,267270.2230,269264.7770,265275.6691,268267.5000,1892127
2025-09-01,258793.3915,260289.3071,254305.6448,255302.9219,1837054
2025-09-02,255302.9251,260787.9489,255302.9251,259790.6719,1584710
2025-09-03,258793.3722,264777.0340,257048.1375,261785.2031,2437896
2025-09-04,266272.9781,270262.0864,263779.7854,264777.0625,2189959
2025-09-05,272256.6115,274251.1654,271259.3346,272755.2500,3103427
2025-09-08,277741.6656,278240.3042,273253.9188,276245.7500,2018299
2025-09-09,277243.0111,287714.4198,276245.7340,287215.7812,4158342
2025-09-10,293698.0869,304169.4958,292202.1714,303172.2188,5265553
2025-09-11,309155.8937,314142.2791,304668.1469,306164.0625,5148088
2025-09-12,321123.1994,328602.7770,318131.3683,327605.5000,4242516
2025-09-15,338575.5741,340570.1283,324115.0562,330098.7188,4221256
2025-09-16,330597.3353,353036.0684,330597.3353,347052.4062,5841135
2025-09-17,340071.4524,341567.3679,332591.8750,332591.8750,4498866
2025-09-18,337578.2897,356027.9156,335583.7356,354532.0000,4526286
2025-09-22,348049.6959,358022.4665,344309.9069,350044.2500,4377563
2025-09-23,354532.0072,362011.5854,352038.8145,360017.0312,3315336
2025-09-24,358022.4468,363008.8318,347551.0382,356526.5312,4165199
2025-09-25,351041.5344,358022.4740,348548.3416,355529.2812,2148215
2025-09-26,346553.7660,348049.6816,332093.2492,335583.7188,3685324
2025-09-29,338575.5556,350044.2416,338076.9171,348049.6875,2275986
2025-09-30,352038.8051,355529.2749,346553.7812,346553.7812,2238614
2025-10-01,350044.2258,361014.2727,350044.2258,359019.7188,2802437
2025-10-02,387442.0926,403398.5237,382954.3464,394423.0312,7430763
2025-10-10,424840.0085,438053.9289,415365.8768,426834.5625,6835852
2025-10-13,404395.8369,414368.6073,401902.6444,413869.9688,4356534
2025-10-14,423842.7400,435311.4259,405393.1148,410379.5000,4101275
2025-10-15,409382.2073,422845.4467,405891.7378,421349.5312,2688019
2025-10-16,419853.6182,453761.0363,419354.9797,451267.8438,4247934
2025-10-17,450270.5900,473706.6008,448276.0359,464232.4688,4541583
2025-10-20,476199.7837,484178.0000,464232.4593,484178.0000,3333903
2025-10-21,495646.6737,500633.0587,476698.4105,477695.6875,4126858
2025-10-22,473706.6053,480687.5448,467722.9430,480188.9062,3870276
2025-10-23,468720.2384,487169.8648,466725.6842,477197.0938,3583993
2025-10-24,491657.5719,511603.1123,490161.6563,508611.2812,4254202
2025-10-27,531548.6958,535537.8042,521575.9248,533543.2500,3381231
2025-10-28,519581.3438,525565.0061,507614.0191,519581.3438,5659008
2025-10-29,536535.0226,557477.8395,521575.8677,556480.5625,4803031
2025-10-30,556480.5429,577423.3590,550496.8812,566453.3125,4888461
2025-10-31,555483.2586,564458.7511,550496.8739,557477.8125,3351809
2025-11-03,555483.3541,622300.9210,553488.7999,618311.8125,5787058
2025-11-04,609336.2371,612328.0680,581412.4815,584404.3125,5969769
2025-11-05,561466.9432,585401.5909,530551.3566,577423.3750,8976222
2025-11-06,600360.8063,605347.1917,581412.5416,591385.3125,5321244
2025-11-07,575428.8564,597368.9514,563461.5318,578420.6875,4789397
2025-11-10,582409.7805,613325.3682,579417.9495,604349.8750,4893645
2025-11-11,620306.2684,644240.9154,602355.2831,617314.4375,5508697
2025-11-12,603352.6129,618311.7686,599363.5048,615319.9375,2831484
2025-11-13,605347.1772,620306.3331,605347.1772,610333.5625,3875541
2025-11-14,577423.4528,583407.1155,558475.1875,558475.1875,5778374
2025-11-17,586398.8886,604349.8750,582409.7805,604349.8750,4470947
2025-11-18,581412.4757,589390.6914,568447.8750,568447.8750,3544391
2025-11-19,561466.9645,568447.9037,544513.2551,560469.6875,4529736
2025-11-20,593379.8364,595374.3904,568447.9105,569445.1875,4670237
2025-11-21,516589.5126,529554.1143,512600.4044,519581.3438,6646712
2025-11-24,529554.1100,540524.1575,515592.2314,518584.0625,6399162
2025-11-25,544513.2612,548502.3693,516589.5042,517586.7812,3716730
2025-11-26,511603.1397,526562.2958,499635.8148,522573.1875,5127393
2025-11-27,533925.3286,554883.1452,531929.3460,542907.2500,3654092
2025-11-28,549893.1917,550891.1830,528935.3750,528935.3750,2680138
2025-12-01,540911.2147,543905.1882,523945.3648,536919.2500,3134704
2025-12-02,546899.2124,557877.1163,540911.2648,556879.1250,2686580
2025-12-03,548895.2049,557877.1265,542907.2572,550891.1875,2586619
2025-12-04,540911.3125,541909.3039,530931.3990,540911.3125,2858305
2025-12-05,528935.3722,544903.2325,525941.3984,542907.2500,3204933
2025-12-08,541909.2358,578834.9112,531929.3235,575840.9375,4288433
2025-12-09,567857.0363,573844.9840,562867.0799,564863.0625,2391174
2025-12-10,569853.0147,591808.8226,568855.0234,585820.8750,3986083
2025-12-11,581828.9052,587816.8528,563865.0625,563865.0625,4021907
2025-12-12,563865.0525,577836.9299,558875.0963,569853.0000,2646148
2025-12-15,533925.3525,562368.1050,533925.3525,552887.1875,2482125
2025-12-16,543905.2441,549893.1917,528935.3750,528935.3750,3287998
2025-12-17,528935.3709,552887.1613,523945.4146,549893.1875,2692626
2025-12-18,536919.3096,561869.0916,535921.3183,550891.1875,2959059
2025-12-19,567856.9939,568854.9851,545901.1875,545901.1875,3440005
2025-12-22,572846.9899,578834.9375,565861.0510,578834.9375,2878464
2025-12-23,583824.9288,591808.8595,579832.9635,582826.9375,2011188
2025-12-24,585820.8837,589812.8489,582826.9099,586818.8750,2160697
2025-12-26,592806.8558,603784.7605,588814.8904,597796.8125,4243548
2025-12-29,628734.5244,638714.4375,623744.5679,638714.4375,4176151
2025-12-30,637716.4173,657676.2426,632726.4610,649692.3125,4094603
2026-01-02,649692.2905,677636.0450,645700.3256,675640.0625,4181895
2026-01-05,696597.9201,698593.9027,682626.0420,694601.9375,4337511
2026-01-06,688613.9411,725539.6162,669652.1080,724541.6250,4830275
2026-01-07,758473.4063,760469.3890,726537.6840,740509.5625,5693115
2026-01-08,729531.5941,786417.0946,729531.5941,754481.3750,6496379
2026-01-09,742505.5000,754481.3952,725539.6485,742505.5000,4343703
2026-01-12,753483.3849,760469.3236,733523.5602,747495.4375,3329793
2026-01-13,751487.4317,752485.4229,722545.6846,736517.5625,3771944
2026-01-14,731527.6406,748493.4931,726537.6840,740509.5625,4885051
2026-01-15,730529.5864,748493.4287,725539.6303,747495.4375,3003414
2026-01-16,749491.4188,761467.3137,745499.4539,754481.3750,3712326
2026-01-19,753483.3913,772445.2250,748493.4350,762465.3125,3392008
2026-01-20,762465.3163,762465.3163,735519.5525,741507.5000,2762369
2026-01-21,727535.6582,754481.4233,726537.6669,738513.5625,5108442
2026-01-22,764461.3419,771447.2810,749491.4723,753483.4375,3545309
2026-01-23,752485.4258,774441.2340,742505.5130,765459.3125,3508272
2026-01-26,751487.4138,752485.4051,734521.5625,734521.5625,3133330
2026-01-27,736517.5425,798393.0000,731527.5863,798393.0000,5660198
2026-01-28,808372.8968,852284.5110,801386.9582,839310.6250,6708497
2026-01-29,877234.3432,882224.2997,817354.8659,859270.5000,6837983
2026-01-30,852284.5428,929129.8704,851286.5515,907174.0625,7875195
2026-02-02,868252.4006,886216.2434,828332.7500,828332.7500,7634191
2026-02-03,872244.3513,905178.0625,869250.3775,905178.0625,5272538
2026-02-04,882224.2650,904180.0725,881226.2738,898192.1250,3800763
2026-02-05,849290.6093,875238.3835,836316.7222,840308.6875,5473720
2026-02-06,803382.9838,848292.5916,789411.1059,837314.6875,5581574
2026-02-09,896196.2172,897194.2085,871246.4338,885218.3125,4228584
2026-02-10,892204.2183,903182.1226,874240.3750,874240.3750,3441377
2026-02-11,858272.5000,872244.3779,846296.6047,858272.5000,3125590
2026-02-12,880228.3024,892204.1976,876236.3373,886216.2500,4619344
2026-02-13,887214.2339,901186.1116,876236.3300,878232.3125,3534047
2026-02-19,903182.0914,911166.0215,886216.2399,892204.1875,3285109
2026-02-20,890208.1868,953081.6349,879230.2831,947093.6875,5054333
2026-02-23,978031.4984,978031.4984,939109.8368,949089.7500,3523887
2026-02-24,950087.7114,1002981.2500,944099.7637,1002981.2500,4102382
2026-02-25,1009967.1773,1035914.9506,1001983.2471,1015955.1250,3462525
2026-02-26,1023828.7898,1098816.2500,1022828.9570,1098816.2500,4461976
2026-02-27,1049824.4639,1095816.7738,1047824.7983,1060822.6250,6453062
2026-03-03,1021829.1225,1039826.1129,938843.0000,938843.0000,6818327
2026-03-04,893850.5393,953840.5084,845858.5640,848858.0625,9253420
2026-03-05,975836.8363,991834.1615,926845.0280,940842.6875,6442459
2026-03-06,911847.5065,937843.1591,884852.0211,923845.5000,3744322
2026-03-09,850857.7425,863855.5694,807864.9306,835860.2500,7253621
2026-03-10,914847.0326,949841.1814,898849.7074,937843.1875,5304897
2026-03-11,953840.4797,984835.2961,940842.6535,954840.3125,3916098
2026-03-12,937843.1624,962838.9823,927844.8344,929844.5000,3711742
2026-03-13,890851.0512,928844.6988,883852.2214,909847.8750,3645102
2026-03-16,924845.3189,974836.9578,923845.4861,973837.1250,3829496
2026-03-17,1008831.2916,1009831.1244,968837.9797,969837.8125,3326240
2026-03-18,999832.8598,1059822.8314,998833.0270,1055823.5000,4347884
2026-03-19,1007831.4610,1042825.6090,1002832.2970,1012830.6250,3347483
2026-03-20,1022828.9497,1025828.4481,1001832.4610,1006831.6250,3426646
2026-03-23,951840.8232,962838.9839,926845.0032,932844.0000,3911813
2026-03-24,992833.9545,993833.7873,937843.1514,985835.1250,4352152
2026-03-25,1015830.1136,1041825.7661,987834.7955,994833.6250,4463869
2026-03-26,964838.6495,972837.3119,930844.3344,932844.0000,4660620
2026-03-27,889851.1897,933843.8328,879852.8617,932844.0000,4520942
2026-03-30,866855.0655,883852.2237,861855.9013,872854.0625,4498502
2026-03-31,816863.3904,851857.5381,805865.2297,806865.0625,7194351
2026-04-01,883852.1739,904848.6622,857856.5217,896850.0000,6255058
2026-04-02,911847.5422,913847.2078,817863.2560,829861.2500,6127534
2026-04-03,866855.0670,885851.8908,859856.2372,875853.5625,2927164
2026-04-06,876853.3797,901349.2836,868854.7171,885851.8750,3100989
2026-04-07,916846.7078,932844.0332,887851.5557,915846.8750,3619929
2026-04-08,1006831.6589,1055823.4676,991834.1665,1032827.3125,6709356
2026-04-09,1014830.2824,1024828.6103,989834.4627,997833.1250,5026817
2026-04-10,1029827.8110,1041825.8049,1023828.8140,1026828.3125,3134921
2026-04-13,998832.9797,1042825.6234,995833.4812,1039826.1250,2769753
2026-04-14,1091817.4637,1127811.4461,1077819.8039,1102815.6250,4754545
2026-04-15,1164805.2778,1172803.9407,1129811.1279,1135810.1250,4093703
2026-04-16,1140809.2159,1160805.8718,1129811.0552,1154806.8750,2901319
2026-04-17,1148807.8634,1154806.8600,1120812.5455,1127811.3750,3578235
2026-04-20,1147808.0103,1174803.4949,1140809.1810,1165805.0000,3748014
2026-04-21,1195800.0560,1227794.7063,1192800.5575,1223795.3750,3516960
2026-04-22,1226794.8312,1232793.8279,1194800.1819,1222795.5000,2894919
2026-04-23,1219796.0857,1266788.2300,1182802.2700,1224795.2500,5343871
2026-04-24,1236793.2428,1241792.4071,1192800.5972,1221795.7500,3127857
2026-04-27,1252790.5201,1316779.8204,1248791.1889,1291784.0000,4563073
2026-04-28,1312780.4512,1327777.9431,1295783.2938,1299782.6250,3002713
2026-04-29,1283785.3794,1316779.8634,1280785.8808,1292783.8750,3001208
2026-04-30,1311780.6532,1324778.4798,1285785.0000,1285785.0000,3342342
2026-05-04,1338776.1779,1449757.6235,1332777.1808,1446758.1250,5776641
2026-05-06,1589734.2138,1613730.2019,1556739.7301,1600732.3750,6631934
2026-05-07,1621728.8495,1664721.6611,1566738.0438,1653723.5000,5860618
2026-05-08,1590734.0076,1688717.6234,1590734.0076,1685718.1250,4278087
2026-05-11,1832693.4844,1948674.0868,1825694.6549,1879685.6250,7433039
2026-05-12,1943675.0289,1966671.1841,1803698.4322,1834693.2500,9160593
2026-05-13,1780702.2278,1989667.2843,1780702.2278,1975669.6250,7126921
2026-05-14,1975669.6218,1993666.6123,1936676.1424,1969670.6250,6040068
2026-05-15,1949673.9726,1994666.4489,1788700.8908,1818695.8750,7485233
2026-05-18,1779702.4062,1896682.8453,1730710.5984,1839692.3750,6481608
2026-05-19,1790700.5592,1822695.2090,1739709.0860,1744708.2500,4575855
2026-05-20,1742708.5844,1777702.7327,1689717.4456,1744708.2500,5535123
2026-05-21,1800698.8663,1953673.2841,1795699.7023,1939675.6250,5096690
2026-05-22,1941675.3328,1951673.6610,1911680.3483,1940675.5000,3135190
2026-05-26,2007664.2325,2086651.0225,2005664.5669,2051656.8750,4903591
2026-05-27,2278618.9813,2357605.7735,2199632.1890,2242625.0000,7545783
2026-05-28,2189000.0000,2305000.0000,2151000.0000,2289000.0000,6229499
2026-05-29,2352000.0000,2379000.0000,2290500.0000,2333000.0000,8518013
2026-06-01,2299000.0000,2398000.0000,2296000.0000,2363000.0000,5602897
2026-06-02,2376000.0000,2407000.0000,2259000.0000,2360000.0000,5837216
2026-06-04,2284000.0000,2327000.0000,2262000.0000,2298000.0000,3941067
2026-06-05,2142000.0000,2188000.0000,2070000.0000,2070000.0000,5778751
2026-06-08,1856000.0000,2072000.0000,1855000.0000,1911000.0000,6610833
2026-06-09,2050000.0000,2226000.0000,1998000.0000,2215000.0000,5878039
2026-06-10,2137000.0000,2180000.0000,1992000.0000,2048000.0000,151
2026-06-11,1975000.0000,2163000.0000,1960000.0000,2101000.0000,6625775
2026-06-12,2281000.0000,2304000.0000,2150000.0000,2150000.0000,5286416
2026-06-15,2283000.0000,2322000.0000,2265000.0000,2288000.0000,3872910
2026-06-16,2381000.0000,2400000.0000,2286000.0000,2382000.0000,3644469
2026-06-17,2335000.0000,2523000.0000,2334000.0000,2521000.0000,3980010
2026-06-18,2556000.0000,2738000.0000,2556000.0000,2685000.0000,5808765
2026-06-19,2824000.0000,2891000.0000,2688000.0000,2764000.0000,7478195
2026-06-22,2728000.0000,2945000.0000,2728000.0000,2919000.0000,5179795
2026-06-23,2898000.0000,2943000.0000,2536000.0000,2555000.0000,8050335
2026-06-24,2598000.0000,2703000.0000,2453000.0000,2621000.0000,7487916
2026-06-25,2865000.0000,2987000.0000,2749000.0000,2917000.0000,6790853
2026-06-26,2850000.0000,2880000.0000,2600000.0000,2673000.0000,7467492
2026-06-29,2636000.0000,2688000.0000,2517000.0000,2628000.0000,5217788
2026-06-30,2608000.0000,2742000.0000,2541000.0000,2650000.0000,5109213
2026-07-01,2665000.0000,2723000.0000,2502000.0000,2560000.0000,4277276
2026-07-02,2351000.0000,2448000.0000,2187000.0000,2187000.0000,7685914
2026-07-03,2197000.0000,2454000.0000,2045000.0000,2425000.0000,7984914
2026-07-06,2450000.0000,2497000.0000,2292000.0000,2343000.0000,4235360
2026-07-07,2289000.0000,2343000.0000,2080000.0000,2201000.0000,6351195
2026-07-08,2118000.0000,2329000.0000,2076000.0000,2076000.0000,6975631
2026-07-09,2228000.0000,2270000.0000,2091000.0000,2186000.0000,6261504
2026-07-10,2296000.0000,2305000.0000,2166000.0000,2180000.0000,4827239
2026-07-13,2113000.0000,2142000.0000,1839000.0000,1845000.0000,8040043
2026-07-14,1825000.0000,1936000.0000,1678000.0000,1913000.0000,10447011
2026-07-15,2120000.0000,2171000.0000,2070000.0000,2082000.0000,6046951
2026-07-16,1902000.0000,1919000.0000,1821000.0000,1842000.0000,5608812
2026-07-20,1745000.0000,1892000.0000,1735000.0000,1764000.0000,5876444
2026-07-21,1775000.0000,1889000.0000,1732000.0000,1836000.0000,4639208
2026-07-22,1977000.0000,2006000.0000,1830000.0000,1830000.0000,4802637
2026-07-23,1910000.0000,1948000.0000,1845000.0000,1919000.0000,4119477
2026-07-24,1894000.0000,1894000.0000,1752000.0000,1759000.0000,4935624
2026-07-27,1814000.0000,1821000.0000,1707000.0000,1816000.0000,4030933
2026-07-28,1662000.0000,1674000.0000,1550000.0000,1550000.0000,8120587
2026-07-29,1567000.0000,1619000.0000,1246000.0000,1401000.0000,12428883
2026-07-30,1361000.0000,1459000.0000,1287000.0000,1322000.0000,9543189
2026-07-31,1697000.0000,1718000.0000,1586000.0000,1718000.0000,10499619
2026-08-03,1642000.0000,1645000.0000,1562000.0000,1567000.0000,5432833
2026-08-04,1620000.0000,1630000.0000,1483000.0000,1577000.0000,5391210
2026-08-05,1693000.0000,1701000.0000,1647000.0000,1668000.0000,3945674
2026-08-06,1600000.0000,1606000.0000,1481000.0000,1495000.0000,5498295
2026-08-07,1521000.0000,1542000.0000,1409000.0000,1422000.0000,5002539
2026-08-10,1443000.0000,1487000.0000,1397000.0000,1420000.0000,3295283
2026-08-11,1405000.0000,1455000.0000,1373000.0000,1425000.0000,3817655
2026-08-12,1456000.0000,1549000.0000,1440000.0000,1504000.0000,4566672
2026-08-13,1582000.0000,1634000.0000,1567000.0000,1613000.0000,2191109
