date,open,high,low,close,volume
2019-01-02,32802.5216,32802.5216,32094.8530,32261.3633,7847664
2019-01-03,31886.7256,32094.8635,31179.0567,31303.9395,12471493
2019-01-04,31179.0488,31303.9315,30679.5180,31179.0488,14108958
2019-01-07,31636.9498,32386.2460,31470.4395,32261.3633,12748997
2019-01-08,31636.9499,32636.0115,31595.3224,31720.2051,12756554
2019-01-09,32178.1075,32969.0312,31886.7146,32969.0312,17452708
2019-01-10,33302.0532,33426.9359,32969.0327,33135.5430,14731699
2019-01-11,33593.4454,33759.9557,33260.4249,33718.3281,11661063
2019-01-14,33676.6923,33884.8301,33177.1617,33343.6719,11984996
2019-01-15,33343.6767,34217.8555,33177.1664,34217.8555,11492756
2019-01-16,34259.4846,34509.2500,33884.8366,34509.2500,8491595
2019-01-17,34717.3895,35050.4100,34509.2517,34925.5273,11736903
2019-01-18,34967.1526,35300.1731,34925.5250,35216.9180,11029256
2019-01-21,35549.9544,35591.5820,34883.9131,35591.5820,11355701
2019-01-22,35591.5699,35674.8250,34842.2737,35092.0391,9964356
2019-01-23,34426.0017,35175.2980,34426.0017,34967.1602,11071079
2019-01-24,35841.3438,35882.9713,35258.5577,35841.3438,14747623
2019-01-25,36882.0354,37256.6836,36424.1320,37256.6836,22789395
2019-01-28,37464.8099,37881.0856,37131.7894,37506.4375,17998914
2019-01-29,37506.4301,37881.0781,36923.6443,37881.0781,16215017
2019-01-30,37298.3044,38630.3867,37298.3044,38630.3867,17505980
2019-01-31,38838.5257,39171.5463,38422.2500,38422.2500,21621145
2019-02-01,38838.5193,39088.2847,38505.4988,38588.7539,13832454
2019-02-07,38963.4019,39213.1673,38463.8711,38463.8711,15872001
2019-02-08,38047.6050,38047.6050,37173.4259,37298.3086,12689196
2019-02-11,37048.5445,37464.8203,36840.4066,37464.8203,11125044
2019-02-12,37173.4164,38505.4985,37173.4164,38338.9883,13184367
2019-02-13,38630.3814,38880.1468,38297.3608,38463.8711,11299738
2019-02-14,38796.8951,39546.1914,38422.2470,39546.1914,17259341
2019-02-15,38921.7742,39005.0293,38005.9678,38338.9883,10554643
2019-02-18,38713.6365,39005.0295,38172.4781,38463.8711,8183728
2019-02-19,38172.4792,38422.2446,37839.4587,38255.7344,6741395
2019-02-20,38921.7774,39213.1704,38713.6396,39046.6602,11506720
2019-02-21,38713.6448,39296.4308,38463.8793,39088.2930,8694009
2019-02-22,38713.6385,39254.7969,38672.0109,39254.7969,6895772
2019-02-25,39462.9283,39587.8110,39171.5354,39421.3008,7484716
2019-02-26,39421.3042,39504.5593,38713.6356,38921.7734,7985547
2019-02-27,39129.9113,39338.0491,38921.7734,38921.7734,8045211
2019-02-28,38630.3832,38713.6383,37548.0664,37548.0664,23569321
2019-03-04,38297.3638,38380.6189,37298.3021,37339.9297,12926539
2019-03-05,37131.7835,37548.0591,36757.1355,36840.3906,10612405
2019-03-06,36632.2578,36882.0232,36382.4924,36632.2578,10202544
2019-03-07,36132.7197,37423.1740,36132.7197,37006.8984,11049749
2019-03-08,37006.9163,37298.3094,36465.7578,36465.7578,7729069
2019-03-11,36965.2847,37006.9123,36340.8711,36340.8711,10717408
2019-03-12,36882.0289,37423.1873,36757.1462,37173.4219,11431977
2019-03-13,36840.3955,37006.9058,36382.4923,36507.3750,8108343
2019-03-14,36382.4923,36882.0231,36257.6096,36507.3750,18039161
2019-03-15,36465.7529,36840.4010,36382.4977,36798.7734,16814163
2019-03-18,36590.6300,36757.1403,36174.3544,36382.4922,8188876
2019-03-19,36424.1134,36548.9961,36257.6032,36548.9961,7609563
2019-03-20,36465.7450,36798.7655,35882.9591,36673.8828,9846242
2019-03-21,37131.7799,38505.4892,36673.8767,38172.4688,21138016
2019-03-22,39005.0232,39129.9058,38505.4925,38755.2578,12535911
2019-03-25,37714.5679,38005.9608,37298.2923,37881.0781,8699728
2019-03-26,37881.0949,38047.6052,37381.5640,37672.9570,9729811
2019-03-27,37256.6685,37964.3370,36840.3928,37756.1992,9568081
2019-03-28,37717.6015,37927.3768,37172.1857,37633.6914,6821306
2019-03-29,37340.0137,37675.6543,37088.2833,37465.8789,11491713
2019-04-01,37927.3847,38137.1601,37633.6992,37801.5195,7362129
2019-04-02,38221.0626,38682.5683,38053.2423,38388.8828,9480688
2019-04-03,39227.9824,39227.9824,38430.8362,39102.1172,12436570
2019-04-04,38724.5237,39521.6699,38724.5237,39395.8047,12650168
2019-04-05,39395.8164,39899.2773,39102.1309,39311.9062,8546339
2019-04-08,39647.5350,39647.5350,38724.5236,39144.0742,8507909
2019-04-09,39186.0293,39395.8046,38766.4786,39144.0742,6878761
2019-04-10,38934.3009,39186.0312,38640.6154,39186.0312,11883995
2019-04-11,39186.0371,39269.9472,38724.5313,38808.4414,13697399
2019-04-12,38640.6250,39353.8613,38598.6700,39311.9062,7668936
2019-04-15,39563.6250,39857.3104,39437.7598,39479.7148,8733019
2019-04-16,39773.4003,39773.4003,39269.9396,39647.5352,7730881
2019-04-17,39689.4902,39941.2205,39437.7598,39479.7148,5513658
2019-04-18,39605.5897,39647.5448,38179.1172,38263.0273,12808747
2019-04-19,38388.8846,38598.6600,37969.3340,38011.2891,8479710
2019-04-22,38095.2012,38514.7518,37843.4708,38053.2461,6006957
2019-04-23,37801.5176,38179.1132,37759.5625,37927.3828,6920566
2019-04-24,38095.2050,38304.9804,37046.3282,37549.7891,13299267
2019-04-25,37130.2383,37759.5644,37004.3731,37465.8789,10868965
2019-04-26,37088.2756,37759.5566,36752.6351,37633.6914,9739982
2019-04-29,37885.4260,38724.5273,37843.4709,38724.5273,8777517
2019-04-30,38598.6542,38850.3846,38053.2385,38472.7891,11121273
2019-05-02,38179.1172,38724.5332,38095.2071,38514.7578,8625126
2019-05-03,38514.7498,38640.6150,38011.2891,38011.2891,6562916
2019-05-07,37969.3319,38011.2870,37256.0958,37633.6914,12014907
2019-05-08,37172.1855,37633.6912,37088.2754,37130.2305,10398754
2019-05-09,36836.5364,37130.2217,35619.8398,35619.8398,23029718
2019-05-10,35745.7072,36458.9431,35619.8420,35997.4375,14579512
2019-05-13,35661.8145,36249.1855,35535.9492,35787.6797,7635079
2019-05-14,34654.8926,36165.2754,34654.8926,35787.6797,11563730
2019-05-15,35829.6308,36123.3163,35703.7656,35703.7656,7670185
2019-05-16,35535.9333,35577.8883,34696.8321,34864.6523,13687828
2019-05-17,35200.3066,35284.2167,34277.2950,34570.9805,13357951
2019-05-20,34948.5723,35326.1680,34864.6622,35242.2578,15752397
2019-05-21,35745.7208,36878.5077,35535.9454,36207.2266,18812133
2019-05-22,36668.7265,36752.6366,35577.8948,36500.9062,11033339
2019-05-23,36836.5605,36920.4707,36291.1445,36794.6055,12259006
2019-05-24,36752.6284,36752.6284,35577.8869,35829.6172,13966305
2019-05-27,35661.8145,36081.3652,35535.9492,35787.6797,8066669
2019-05-28,35703.7656,36039.4062,35368.1251,35703.7656,24506881
2019-05-29,35116.3847,35326.1600,34654.8791,35074.4297,14930618
2019-05-30,35410.0801,35829.6308,35368.1251,35703.7656,11766018
2019-05-31,35745.7148,35913.5351,35368.1192,35661.8047,11365999
2019-06-03,36039.4044,36836.5508,35661.8088,36752.6406,15466580
2019-06-04,36416.9942,36668.7245,36081.3537,36458.9492,9913497
2019-06-05,36962.4081,37088.2733,36668.7227,36836.5430,12464135
2019-06-07,36584.8166,37214.1425,36458.9514,37088.2773,11683682
2019-06-10,37172.1954,37633.7012,36962.4200,37591.7461,8792182
2019-06-11,37591.7363,37759.5566,37381.9610,37633.6914,6664872
2019-06-12,37591.7461,37801.5214,37172.1953,37423.9258,8607439
2019-06-13,37088.2752,37256.0955,36416.9943,36710.6797,16906541
2019-06-14,36710.6778,37046.3183,36333.0823,36920.4531,9322873
2019-06-17,36710.6778,36962.4081,36416.9924,36836.5430,11890424
2019-06-18,36710.6876,37340.0137,36626.7774,37214.1484,7994928
2019-06-19,38137.1562,38137.1562,37759.5606,38053.2461,10417690
2019-06-20,37633.6897,38179.1055,37633.6897,38179.1055,7147785
2019-06-21,38388.8926,38430.8476,37927.3868,38346.9375,9454913
2019-06-24,37927.3751,38430.8358,37927.3751,38179.1055,6085066
2019-06-25,37927.3868,38430.8476,37927.3868,38263.0273,7076774
2019-06-26,38430.8476,38598.6679,38263.0274,38346.9375,9226097
2019-06-27,38899.9904,39407.3816,38688.5774,39322.8164,12603534
2019-06-28,39745.6484,39745.6484,39491.9528,39745.6484,12949231
2019-07-01,40041.6139,40083.8965,39111.3969,39407.3750,11383522
2019-07-02,39069.1158,39661.0721,38773.1377,39111.3984,8463073
2019-07-03,38688.5640,39195.9550,38223.4556,38392.5859,9669368
2019-07-04,38265.7455,39069.1147,38265.7455,38899.9844,6365573
2019-07-05,38857.7112,38857.7112,38265.7548,38604.0156,7235395
2019-07-08,37842.9156,37885.1982,37504.6549,37546.9375,7823843
2019-07-09,37927.4894,38434.8805,37800.6416,38138.9023,7646421
2019-07-10,38519.4336,39026.8246,38477.1510,38519.4336,9253930
2019-07-11,39195.9611,39365.0914,39026.8307,39069.1133,10989751
2019-07-12,39195.9701,39238.2527,38730.8615,39153.6875,5245804
2019-07-15,38857.7169,39449.6734,38688.5865,39280.5430,4717226
2019-07-16,39280.5399,39618.8008,39153.6921,39618.8008,7407824
2019-07-17,39026.8347,39195.9651,38857.7043,38942.2695,5216602
2019-07-18,39280.5250,39280.5250,38604.0036,38984.5469,5143554
2019-07-19,39449.6639,39703.3595,39407.3813,39576.5117,8819393
2019-07-22,39576.4933,39999.3191,39407.3630,39914.7539,9009109
2019-07-23,40041.6185,40210.7489,39787.9230,39999.3359,9061381
2019-07-24,39830.2064,39872.4890,39111.4022,39238.2500,8756522
2019-07-25,39872.4713,39914.7539,39407.3630,39914.7539,8408838
2019-07-26,39449.6585,39872.4844,39365.0933,39872.4844,7873886
2019-07-29,39576.5031,39787.9161,38899.9817,38984.5469,6856846
2019-07-30,39153.6769,39618.7854,39153.6769,39365.0898,5551014
2019-07-31,39069.1206,39407.3814,38054.3382,38350.3164,12872916
2019-08-01,37969.7693,38477.1604,37927.4867,38223.4648,7811181
2019-08-02,37673.7862,38477.1553,37462.3732,38012.0469,12151374
2019-08-05,37504.6592,37716.0721,36870.4203,37166.3984,14214086
2019-08-06,35940.2074,37039.5550,35940.2074,36785.8594,15083824
2019-08-07,36870.4248,37124.1204,36447.5989,36532.1641,10002533
2019-08-08,36574.4498,36785.8628,36067.0586,36067.0586,16926881
2019-08-09,36574.4480,36659.0132,36405.3176,36489.8828,9685147
2019-08-12,37208.6799,37208.6799,36828.1366,36954.9844,8466169
2019-08-13,36785.8651,36785.8651,36320.7565,36363.0391,7276979
2019-08-14,37124.1147,37420.0929,36785.8540,36954.9844,8750135
2019-08-16,37039.5481,37124.1133,36616.7222,37124.1133,9528115
2019-08-19,37504.6608,37504.6608,36785.8567,36870.4219,6014218
2019-08-20,37166.4006,37716.0743,36828.1399,37589.2266,8434205
2019-08-21,37504.6678,37885.2112,37335.5374,37631.5156,6571717
2019-08-22,37631.5082,37800.6386,37081.8345,37250.9648,8061177
2019-08-23,37039.5507,37377.8114,36912.7029,37166.3984,5017381
2019-08-26,36405.3133,37039.5523,36320.7482,36870.4219,7954949
2019-08-27,36912.7041,37377.8126,36870.4215,37250.9648,16883932
2019-08-28,37293.2526,37546.9482,36997.2744,37335.5352,5758333
2019-08-29,37377.8225,37377.8225,36405.3225,36701.3008,10768862
2019-08-30,36997.2667,37462.3752,36997.2667,37208.6797,9899073
2019-09-02,37927.4932,37927.4932,36912.7108,37039.5586,7185537
2019-09-03,36828.1448,36912.7100,36447.6014,36574.4492,9774941
2019-09-04,36574.4382,37293.2422,36489.8730,37293.2422,12441837
2019-09-05,37885.2062,38984.5537,37589.2281,38646.2930,18297430
2019-09-06,39322.8179,39322.8179,38773.1441,39153.6875,9896562
2019-09-09,39280.5231,39745.6316,39153.6754,39661.0664,9434157
2019-09-10,39830.2136,39914.7789,39365.1050,39745.6484,9231792
2019-09-11,39999.3322,40083.8973,39576.5062,39872.4844,16141619
2019-09-16,39745.6496,39830.2148,39238.2584,39830.2148,15550926
2019-09-17,39745.6316,39830.1968,39576.5012,39661.0664,7006280
2019-09-18,39661.0723,40337.5938,39576.5071,40337.5938,10413027
2019-09-19,40633.5682,41606.0677,40464.4378,41563.7852,16461413
2019-09-20,41775.2046,41944.3350,41521.5090,41606.0742,15460210
2019-09-23,41648.3502,41690.6328,41436.9373,41690.6328,7568553
2019-09-24,41479.2300,41986.6212,41310.0996,41859.7734,7871955
2019-09-25,41606.0627,41732.9104,41267.8020,41352.3672,9187141
2019-09-26,41436.9438,41648.3568,41352.3786,41606.0742,8494756
2019-09-27,40885.4597,41481.7060,40885.4597,41226.1719,8048041
2019-09-30,40928.0516,41950.1881,40800.2845,41779.8320,9497119
2019-10-01,41652.0695,41822.4256,41439.1244,41609.4805,6206035
2019-10-02,41183.5973,41226.1863,40544.7617,40544.7617,8382463
2019-10-04,40374.3888,41439.1143,40331.7998,40885.4570,9331695
2019-10-07,41183.5839,41481.7070,40587.3376,40672.5156,7047273
2019-10-08,40800.2859,41737.2445,40544.7518,41652.0664,14239367
2019-10-10,41055.8299,41907.6106,40885.4737,41353.9531,18639855
2019-10-11,41737.2485,42120.5498,41566.8924,41865.0156,7783275
2019-10-14,42589.0273,42844.5615,42461.2603,42589.0273,11130635
2019-10-15,42503.8509,42759.3851,42503.8509,42674.2070,6058105
2019-10-16,43185.2734,43355.6295,42929.7393,43185.2734,9136282
2019-10-17,43014.9141,43100.0921,42674.2019,43014.9141,6701380
2019-10-18,42844.5520,43355.6202,42290.8948,42503.8398,8483106
2019-10-21,42503.8425,42929.7327,42418.6645,42844.5547,4406531
2019-10-22,43270.4480,43866.6943,43185.2699,43611.1602,10898729
2019-10-23,43696.3382,43866.6943,43270.4480,43611.1602,8663880
2019-10-24,44718.4784,44718.4784,43014.9173,43185.2734,21185785
2019-10-25,43270.4548,43611.1670,43014.9206,43355.6328,7879897
2019-10-28,43185.2754,43866.6999,43185.2754,43696.3438,6431522
2019-10-29,43781.5185,44037.0527,43270.4502,43525.9844,7581629
2019-10-30,43185.2724,43270.4505,42759.3822,42929.7383,8959435
2019-10-31,43440.8066,43781.5188,42844.5602,42929.7383,10304777
2019-11-01,43100.0919,43611.1602,42929.7358,43611.1602,8467846
2019-11-04,44037.0605,44548.1289,43781.5263,44548.1289,13012411
2019-11-05,44633.2940,44888.8281,44377.7599,44888.8281,10581034
2019-11-06,45059.1940,45570.2624,44888.8379,45399.9062,14361133
2019-11-07,45485.0856,45485.0856,44633.3050,45059.1953,9257116
2019-11-08,45314.7282,45399.9063,44292.5915,44377.7695,11603290
2019-11-11,44462.9473,44462.9473,43781.5228,43951.8789,8185952
2019-11-12,44122.2357,44803.6602,43951.8795,44803.6602,6576148
2019-11-13,44718.4727,44718.4727,44292.5824,44718.4727,6225196
2019-11-14,44207.4092,44974.0117,44207.4092,44974.0117,12010018
2019-11-15,45059.1966,45740.6211,44803.6624,45740.6211,9703360
2019-11-18,45655.4320,45825.7880,45314.7198,45570.2539,7746554
2019-11-19,45314.7198,45570.2539,44888.8295,45570.2539,8907177
2019-11-20,45485.0786,45485.0786,44292.5859,44292.5859,12560070
2019-11-21,43951.8809,44377.7712,43100.1002,43440.8125,14298646
2019-11-22,43440.8105,43951.8789,43355.6325,43951.8789,8478310
2019-11-25,44462.9466,44803.6588,44037.0563,44122.2344,9050625
2019-11-26,44207.4124,45059.1930,44122.2344,44122.2344,27372226
2019-11-27,44122.2331,44548.1234,43951.8770,44462.9453,7546261
2019-11-28,44207.4121,44377.7682,43696.3438,43696.3438,6833885
2019-11-29,43611.1571,43781.5131,42759.3766,42844.5547,11179334
2019-12-02,43355.6285,43696.3408,42929.7383,42929.7383,18877252
2019-12-03,42418.6618,42844.5520,42163.1277,42503.8398,12059812
2019-12-04,42248.3100,42461.2551,41737.2418,42120.5430,13246549
2019-12-05,42759.3831,42929.7392,42163.1367,42163.1367,10449715
2019-12-06,42674.2041,43355.6285,42546.4370,42929.7383,11414563
2019-12-09,43355.6260,43781.5163,43185.2699,43611.1602,8470627
2019-12-10,43440.8012,43951.8694,43185.2671,43866.6914,6882771
2019-12-11,43866.6941,44462.9404,43781.5160,44207.4062,11379521
2019-12-12,45144.3721,45399.9062,44888.8379,45399.9062,29178697
2019-12-13,46422.0384,46677.5726,45910.9701,46592.3945,18120261
2019-12-16,46422.0384,46762.7506,46251.6823,46592.3945,11512405
2019-12-17,47529.3584,48295.9609,47188.6461,48295.9609,19358433
2019-12-18,48295.9544,48721.8446,47699.7080,47955.2422,15558208
2019-12-19,48551.4955,48807.0297,47273.8245,47699.7148,14180520
2019-12-20,47784.8929,48125.6052,47359.0026,47699.7148,12095519
2019-12-23,47784.8886,48040.4228,46933.1081,47273.8203,9839252
2019-12-24,47358.9941,47444.1721,46677.5697,46847.9258,11868463
2019-12-26,46592.3865,47188.6328,46336.8524,47188.6328,9645034
2019-12-27,47749.2948,48778.0049,47577.8431,48435.1016,12313056
2019-12-30,48177.9190,48520.8223,47749.2898,47835.0156,8356767
2020-01-02,47577.8455,48006.4748,47149.2163,47320.6680,12993228
2020-01-03,48006.4651,48520.8201,47063.4810,47577.8359,15422255
2020-01-06,47063.4810,47663.5618,46806.3035,47577.8359,10278951
2020-01-07,47749.2898,48349.3706,47663.5640,47835.0156,10009778
2020-01-08,48177.9223,49206.6324,47920.7448,48692.2773,23501171
2020-01-09,50063.8921,50235.3438,49206.6336,50235.3438,24102579
2020-01-10,50406.7941,51178.3267,49978.1649,51006.8750,16000170
2020-01-13,51092.5967,51435.5000,50663.9675,51435.5000,11359139
2020-01-14,51778.4033,52292.7583,51349.7742,51435.5000,16906295
2020-01-15,51006.8674,51092.5932,50492.5125,50578.2383,14300928
2020-01-16,50663.9687,52035.5820,50578.2428,52035.5820,14381774
2020-01-17,53064.2965,53150.0223,52292.7639,52549.9414,16025661
2020-01-20,53150.0146,53835.8213,52892.8372,53492.9180,12528855
2020-01-21,53150.0151,53492.9185,52464.2085,52635.6602,11142693
2020-01-22,51864.1379,53664.3807,51778.4120,53407.2031,15339565
2020-01-23,52978.5630,52978.5630,52035.5789,52121.3047,14916555
2020-01-28,50921.1441,50921.1441,49978.1599,50406.7891,23664541
2020-01-29,50663.9727,51178.3277,50406.7951,50663.9727,16446102
2020-01-30,50406.7851,50406.7851,48692.2686,49035.1719,20821939
2020-01-31,49549.5248,50063.8797,48349.3633,48349.3633,19749457
2020-02-03,47577.8329,49206.6235,47320.6554,49035.1719,23995260
2020-02-04,48949.4468,50578.2375,48692.2694,50492.5117,21800192
2020-02-05,51435.5042,51606.9559,50492.5200,51006.8750,19278165
2020-02-06,51521.2222,52378.4805,51178.3189,52378.4805,14727159
2020-02-07,52378.4792,52464.2050,51178.3177,51778.3984,16402493
2020-02-10,50749.6873,51264.0422,50663.9615,51178.3164,13107121
2020-02-11,51264.0437,52035.5761,51178.3179,51349.7695,11071231
2020-02-12,51692.6811,52035.5845,51178.3261,51864.1328,12904207
2020-02-13,52464.2112,52807.1145,51864.1304,52035.5820,18449775
2020-02-14,52207.0339,53064.2922,51606.9530,52978.5664,13276067
2020-02-17,52807.1086,53150.0119,52464.2053,52721.3828,8740596
2020-02-18,52121.3171,52207.0429,51178.3327,51264.0586,16674266
2020-02-19,51264.0537,51778.4087,50921.1503,51606.9570,12951496
2020-02-20,52035.5808,52549.9358,51092.5967,51435.5000,14591924
2020-02-21,50406.7842,51264.0424,50149.6067,50749.6875,13777393
2020-02-24,49206.6324,49806.7133,48692.2773,48692.2773,25627537
2020-02-25,48177.9148,49720.9797,48177.9148,49635.2539,23885408
2020-02-26,48006.4723,48863.7308,48006.4723,48435.1016,25483102
2020-02-27,48263.6455,48778.0005,47577.8388,47920.7422,23209541
2020-02-28,47149.2090,47577.8382,46463.4023,46463.4023,30054227
2020-03-02,46549.1262,47577.8362,45949.0454,47149.2070,30403412
2020-03-03,48606.5452,48777.9968,47234.9319,47492.1094,30330295
2020-03-04,46977.7647,49378.0884,46806.3130,49206.6367,24765728
2020-03-05,49378.0796,49720.9829,48606.5471,49549.5312,21698990
2020-03-06,48435.1016,49035.1825,48177.9240,48435.1016,18716656
2020-03-09,48435.1016,48435.1016,48435.1016,48435.1016,0
2020-03-10,46120.5019,47063.4861,46034.7760,46806.3086,32106554
2020-03-11,46549.1245,46634.8503,44577.4304,44663.1562,45707281
2020-03-12,44663.1562,44663.1562,44663.1562,44663.1562,0
2020-03-13,40676.9051,44234.5269,40162.5501,42820.0508,59462933
2020-03-16,42948.6396,43634.4462,41834.2039,41919.9297,33339821
2020-03-17,40205.4131,42562.8734,40033.9614,40548.3164,51218151
2020-03-18,40934.0941,41448.4492,39090.9883,39090.9883,40152623
2020-03-19,39776.7790,39991.0935,36262.0205,36819.2383,56925513
2020-03-20,37847.9545,39005.2532,37333.5995,38919.5273,49730008
2020-03-23,36519.2063,37333.6018,36347.7546,36433.4805,41701626
2020-03-24,37590.7803,40248.2812,36904.9735,40248.2812,49801908
2020-03-25,41962.7829,42520.0006,40419.7184,41705.6055,52735922
2020-03-26,42005.6592,42262.8367,40891.2234,40976.9492,42185129
2020-03-27,42520.0140,42605.7398,40162.5535,41405.5781,39896178
2020-03-30,40631.7940,41754.4578,40200.0003,41322.6641,26797395
2020-03-31,41452.2094,41884.0033,40718.1599,41236.3125,30654261
2020-04-01,40977.2361,41365.8506,39552.3164,39552.3164,27259532
2020-04-02,39897.7497,40459.0817,39163.7002,40415.9023,21621076
2020-04-03,40934.0562,41106.7737,40200.0066,40588.6211,22784682
2020-04-06,41020.4174,42143.0814,40804.5204,42056.7227,23395726
2020-04-07,42877.1403,43352.1137,42315.8082,42833.9609,31524034
2020-04-08,42833.9550,42963.4932,41970.3672,41970.3672,25010314
2020-04-09,42963.4883,43006.6676,42056.7212,42402.1562,22628058
2020-04-10,42272.6151,42531.6914,42013.5388,42531.6914,17839111
2020-04-13,42013.5408,42229.4378,41711.2852,41711.2852,14431800
2020-04-14,42143.0716,42488.5066,41711.2778,42315.7891,14206216
2020-04-16,42618.0447,42618.0447,41927.1747,42315.7891,23349760
2020-04-17,43870.2614,44906.5668,43438.4675,44388.4141,32041675
2020-04-20,44388.4062,44388.4062,43179.3834,43265.7422,21866354
2020-04-21,42661.2296,42920.3058,42056.7182,42531.6914,27407543
2020-04-22,42056.7218,43179.3858,41754.4661,43049.8477,18613864
2020-04-23,43352.1034,43438.4621,42747.5920,43049.8477,18754442
2020-04-24,42877.1231,42963.4819,42315.7912,42618.0469,15618347
2020-04-27,42618.0538,43179.3858,42402.1569,43049.8477,14049471
2020-04-28,43049.8453,43265.7422,42574.8721,43265.7422,16095399
2020-04-29,43093.0279,43611.1806,42833.9516,43179.3867,15604533
2020-05-04,42229.4429,42402.1605,41884.0078,41884.0078,26083749
2020-05-06,42315.8098,42488.5273,41884.0158,42488.5273,18070225
2020-05-07,42488.5093,42574.8680,42056.7155,42143.0742,13884411
2020-05-08,42402.1505,42618.0474,42143.0742,42143.0742,15319700
2020-05-11,42229.4305,42531.6861,41711.2780,41797.6367,16357743
2020-05-12,41797.6454,41884.0042,41063.5959,41365.8516,23433590
2020-05-13,40804.5196,41927.1836,40761.3402,41927.1836,20223277
2020-05-14,41236.3101,41538.5658,41149.9514,41452.2070,19305974
2020-05-15,41797.6372,41840.8166,41193.1259,41322.6641,18463118
2020-05-18,41409.0248,42402.1505,41106.7691,42143.0742,20481981
2020-05-19,43265.7395,43611.1746,42920.3045,43438.4570,25168295
2020-05-20,43179.3867,43352.1043,43006.6692,43179.3867,14896899
2020-05-21,43438.4588,43524.8176,43049.8444,43136.2031,14949266
2020-05-22,42833.9559,43006.6735,41970.3681,42099.9062,19706284
2020-05-25,42099.9068,42229.4450,41840.8305,42186.2656,14337913
2020-05-26,42056.7182,42704.4089,41970.3594,42531.6914,15127490
2020-05-27,42272.6152,43179.3822,42143.0770,43093.0234,19548479
2020-05-28,44129.3396,44215.6984,43093.0342,43524.8281,31309318
2020-05-29,43179.3947,43783.9062,42920.3184,43783.9062,27596961
2020-06-01,43870.2563,44215.6914,43697.5388,44215.6914,16949183
2020-06-02,44042.9789,44474.7728,43870.2614,44388.4141,14247933
2020-06-03,44733.8332,47497.3133,44647.4745,47065.5195,49257814
2020-06-04,48188.2039,49224.5094,47151.8984,47151.8984,40220334
2020-06-05,46979.1707,48274.5523,46633.7356,47929.1172,22743629
2020-06-08,48706.3544,48792.7132,47238.2551,47410.9727,25634965
2020-06-09,48188.1935,48792.7049,46979.1707,47929.1172,23998831
2020-06-10,47583.6776,48274.5477,47410.9601,47842.7539,16742493
2020-06-11,47065.5261,47583.6787,45942.8622,46892.8086,33815123
2020-06-12,44992.9192,45597.4306,44474.7666,45165.6367,26976019
2020-06-15,44388.4049,44906.5575,43093.0234,43093.0234,28772921
2020-06-16,44215.6891,44992.9180,43697.5365,44992.9180,21808375
2020-06-17,44992.9303,45683.8006,44302.0599,45079.2891,26672595
2020-06-18,45079.2779,45165.6367,44561.1253,45165.6367,15982926
2020-06-19,45424.7244,45683.8008,44561.1365,45683.8008,18157985
2020-06-22,44906.5625,45424.7151,44733.8450,44906.5625,13801350
2020-06-23,45338.3607,45597.4370,44129.3377,44388.4141,18086152
2020-06-24,44820.2129,46547.3887,44561.1365,45683.8008,24519552
2020-06-25,44992.9167,45770.1456,44820.1992,44820.1992,18541624
2020-06-26,45597.4288,46547.3753,45079.2762,46029.2227,21575360
2020-06-29,45641.4909,46250.0441,45206.8100,45554.5547,17776925
2020-06-30,46858.5947,46858.5947,45902.2969,45902.2969,21157172
2020-07-01,46423.9112,46597.7835,45554.5495,45728.4219,16706143
2020-07-02,45293.7527,45989.2422,45293.7527,45989.2422,14142583
2020-07-03,46076.1643,46597.7812,45815.3558,46597.7812,11887868
2020-07-06,46945.5328,47814.8945,46771.6605,47814.8945,19856623
2020-07-07,48510.3903,48597.3265,46423.9219,46423.9219,30760032
2020-07-08,46597.7810,46858.5895,45989.2279,46076.1641,19664652
2020-07-09,46250.0415,46597.7862,45902.2969,45902.2969,17054850
2020-07-10,46163.1001,46250.0363,45467.6108,45815.3555,13714746
2020-07-13,46336.9857,46771.6666,46163.1133,46423.9219,12240188
2020-07-14,46684.7318,46771.6680,46250.0509,46771.6680,14269484
2020-07-15,47293.2813,47814.8984,47206.3451,47554.0898,24051450
2020-07-16,47641.0298,47641.0298,46771.6680,46771.6680,16779127
2020-07-17,47119.4089,47554.0898,47032.4727,47293.2812,10096174
2020-07-20,47641.0193,47641.0193,46945.5300,47119.4023,10507530
2020-07-21,47988.7709,48162.6432,47641.0261,48075.7070,18297260
2020-07-22,48075.7069,48249.5793,47554.0898,47554.0898,12885057
2020-07-23,47554.0858,47554.0858,46771.6602,47032.4688,16214932
2020-07-24,46945.5300,47293.2747,46684.7215,47119.4023,10994535
2020-07-27,47206.3339,48423.4401,47206.3339,48336.5039,21054421
2020-07-28,49553.6189,51118.4700,49032.0018,50944.5977,48431566
2020-07-29,52422.5140,52509.4502,50944.5990,51292.3438,36476611
2020-07-30,51900.8970,52248.6417,51292.3438,51292.3438,19285354
2020-07-31,51727.0217,51813.9579,50162.1706,50336.0430,21943345
2020-08-03,50249.1038,50336.0400,49292.8060,49379.7422,21158940
2020-08-04,49727.4896,50509.9151,49553.6173,49814.4258,19419694
2020-08-05,49814.4283,49988.3006,48945.0665,49466.6836,17739706
2020-08-06,49640.5549,50770.7252,49640.5549,50422.9805,21625874
2020-08-07,50336.0494,50770.7303,49640.5600,49988.3047,18751717
2020-08-10,50075.2370,50683.7903,49988.3008,50249.1094,17774291
2020-08-11,50422.9753,51727.0178,50249.1030,50596.8477,24907912
2020-08-12,50596.8543,51292.3438,50162.1735,51292.3438,18573934
2020-08-13,51640.0844,51813.9568,50422.9781,51031.5312,22089460
2020-08-14,50422.9805,50770.7252,50162.1719,50422.9805,15672548
2020-08-18,51205.4074,52074.7692,50422.9819,50770.7266,25307825
2020-08-19,51292.3435,51466.2158,50249.1094,50249.1094,16930719
2020-08-20,50075.2243,50075.2243,48075.6928,48162.6289,30386029
2020-08-21,48858.1328,49466.6860,48510.3880,48597.3242,21142288
2020-08-24,48510.3829,49205.8723,48162.6382,48771.1914,15055896
2020-08-25,49032.0000,49379.7447,48771.1915,49032.0000,14021705
2020-08-26,49032.0000,49118.9362,48423.4468,49032.0000,17651593
2020-08-27,48945.0570,48945.0570,48336.5039,48336.5039,16196568
2020-08-28,48771.1820,48945.0543,48162.6289,48162.6289,14619888
2020-08-31,48684.2506,48771.1867,46945.5273,46945.5273,32671367
2020-09-01,47032.4662,47641.0193,47032.4662,47119.4023,19363117
2020-09-02,47467.1536,47901.8345,47032.4727,47293.2812,16905723
2020-09-03,48336.5106,49292.8085,48249.5745,49032.0000,28384920
2020-09-04,47988.7593,48510.3762,47901.8231,48336.5039,22139109
2020-09-07,48771.2006,49814.4348,48510.3920,49118.9453,18685880
2020-09-08,49901.3611,51031.5312,49727.4887,51031.5312,31517520
2020-09-09,50596.8542,51553.1521,50249.1095,50770.7266,30597399
2020-09-10,52074.7641,52161.7003,51379.2748,51466.2109,29923293
2020-09-11,51553.1523,51640.0885,50596.8543,51292.3438,16017098
2020-09-14,52335.5730,52857.1900,52074.7645,52509.4453,20648281
2020-09-15,52944.1380,53031.0742,52596.3933,53031.0742,17877075
2020-09-16,53118.0104,53291.8828,52683.3295,53031.0742,17041444
2020-09-17,52770.2615,52857.1977,51553.1550,51727.0273,25108356
2020-09-18,51987.8214,52074.7576,51379.2683,51553.1406,18884571
2020-09-21,51379.2748,52161.7003,51292.3386,51466.2109,15140387
2020-09-22,51379.2731,51900.8901,50249.1030,50596.8477,20830381
2020-09-23,50770.7253,51118.4700,49901.3636,50944.5977,20111398
2020-09-24,50162.1732,50944.5988,50075.2370,50249.1094,17564020
2020-09-25,50162.1706,50596.8515,50162.1706,50336.0430,11444683
2020-09-28,50995.5686,51432.9234,50645.6848,50908.0977,12614080
2020-09-29,50995.5686,51607.8653,50908.0977,50908.0977,15503563
2020-10-05,50295.8054,51782.8119,50295.8054,51345.4570,20228289
2020-10-06,51957.7589,52395.1138,51345.4621,51607.8750,14463826
2020-10-07,51345.4539,52395.1055,51170.5120,52395.1055,14861838
2020-10-08,52919.9318,53094.8737,52045.2221,52220.1641,24589924
2020-10-12,52482.5810,52832.4648,52395.1100,52832.4648,16145837
2020-10-13,53357.2913,53707.1752,52832.4655,53269.8203,19247631
2020-10-14,53357.2913,53444.7623,52919.9364,53269.8203,16086716
2020-10-15,53094.8828,53182.3538,52220.1730,52482.5859,17756232
2020-10-16,52482.5893,52832.4732,51607.8795,52045.2344,16554190
2020-10-19,52132.7020,52657.5279,52045.2311,52482.5859,14474985
2020-10-20,52744.9945,53269.8203,52570.0526,53269.8203,19326115
2020-10-21,53532.2332,53794.6461,53007.4074,53269.8203,15703443
2020-10-22,52744.9966,52919.9386,52307.6418,52570.0547,14294095
2020-10-23,52832.4693,52832.4693,52307.6434,52657.5273,9322232
2020-10-26,52832.4648,53444.7616,52570.0519,52832.4648,13268226
2020-10-27,52745.0034,52745.0034,52045.2355,52307.6484,17260416
2020-10-28,51957.7589,51957.7589,51432.9331,51607.8750,14428882
2020-10-29,50908.1038,51170.5167,50295.8070,50820.6328,22636966
2020-10-30,50733.1639,50733.1639,49508.5703,49508.5703,26907844
2020-11-02,49333.6378,50295.8186,48983.7538,50208.3477,20489076
2020-11-03,50645.6871,51520.3967,50383.2742,51432.9258,14950919
2020-11-04,51520.3956,51607.8665,50558.2150,51170.5117,21718561
2020-11-05,51607.8696,52744.9922,51432.9277,52744.9922,20639475
2020-11-06,53094.8805,53182.3515,52132.6998,52570.0547,16910230
2020-11-09,53094.8822,53269.8242,52570.0564,52657.5273,15892961
2020-11-10,52919.9403,52919.9403,52045.2305,52657.5273,19073552
2020-11-11,53094.8773,53707.1741,52832.4644,53619.7031,25628510
2020-11-12,53357.2969,53707.1808,53094.8839,53357.2969,19800573
2020-11-13,53619.7077,55281.6562,53357.2948,55281.6562,31508829
2020-11-16,55981.4140,58343.1299,55893.9431,57993.2461,36354334
2020-11-17,58605.5404,58605.5404,57380.9470,57468.4180,30204089
2020-11-18,57468.4302,57905.7850,56593.7204,56681.1914,22963790
2020-11-19,56068.8874,56681.1841,55893.9454,56506.2422,16590290
2020-11-20,55893.9471,57031.0697,55893.9471,56593.7148,15068682
2020-11-23,56681.1975,59305.3270,56593.7265,59042.9141,27134398
2020-11-24,59392.7818,60792.3171,58605.5431,59217.8398,32158235
2020-11-25,59392.7946,59742.6785,58168.2009,58255.6719,32447065
2020-11-26,57818.3094,59480.2578,57730.8385,59480.2578,19023323
2020-11-27,59480.2612,59830.1451,59130.3773,59655.2031,14063434
2020-11-30,59830.1432,60005.0851,58343.1367,58343.1367,43811016
2020-12-01,58693.0235,59742.6752,58693.0235,59305.3203,22327173
2020-12-02,59830.1512,61142.2160,59742.6803,60792.3320,29703942
2020-12-03,61317.1377,61667.0215,60617.3701,60967.2539,23677989
2020-12-04,61579.5538,63066.5601,61317.1410,62541.7344,28130533
2020-12-07,63328.9850,64291.1657,62891.6301,63766.3398,28490496
2020-12-08,63154.0463,63766.3431,62629.2204,62716.6914,25000338
2020-12-09,63066.5694,64641.0469,62979.0984,64641.0469,24077996
2020-12-10,63591.3979,64553.5786,63416.4559,63766.3398,39882928
2020-12-11,64291.1663,64553.5792,63941.2824,64203.6953,18486672
2020-12-14,64378.6440,65165.8828,64028.7600,64553.5859,21510415
2020-12-15,64553.5859,64815.9989,64116.2310,64553.5859,20863671
2020-12-16,64815.9989,65165.8828,64203.7020,64553.5859,17512081
2020-12-17,64203.6975,64466.1105,63503.9297,64116.2266,24293214
2020-12-18,64116.2254,64466.1093,63853.8125,63853.8125,17613029
2020-12-21,63941.2835,64203.6964,62979.1027,63853.8125,20367355
2020-12-22,63416.4537,64028.7505,63066.5698,63241.5117,16304910
2020-12-23,63328.9823,64728.5178,63241.5114,64641.0469,19411326
2020-12-24,64815.9733,68927.1079,64728.5024,68052.3984,32502870
2020-12-28,69102.0613,70064.2419,68402.2936,68839.6484,40085044
2020-12-29,70661.7834,70751.4558,69316.6987,70213.4219,30339449
2020-12-30,69406.3896,72903.6108,69316.7172,72634.5938,29417421
2021-01-04,72634.5847,75683.4438,71917.2061,74428.0312,38655276
2021-01-05,73172.6147,75235.0781,73172.6147,75235.0781,35335669
2021-01-06,74697.0440,75773.1118,73620.9761,73710.6484,42089013
2021-01-07,74248.6870,75504.0996,74159.0147,74338.3594,32644642
2021-01-08,74697.0530,80705.0992,74428.0360,79629.0312,59013307
2021-01-11,80705.0970,86802.8155,80256.7354,81601.8203,90306177
2021-01-12,80974.1002,81960.4957,78732.2924,81243.1172,48682416
2021-01-13,80525.7505,81781.1630,79898.0442,80436.0781,36068848
2021-01-14,79539.3548,80705.0951,79539.3548,80436.0781,26393970
2021-01-15,80525.7663,82319.2132,78911.6641,78911.6641,33431809
2021-01-18,77656.2497,78283.9561,75414.4411,76221.4922,43227951
2021-01-19,75773.1441,78911.6767,74966.0929,78014.9531,39895044
2021-01-20,79808.3595,79808.3595,77566.5516,78194.2578,25211127
2021-01-21,78463.2941,79449.6898,77566.5707,79001.3281,25318011
2021-01-22,79808.3853,80436.0917,77835.5938,77835.5938,30861661
2021-01-25,78014.9190,80615.4163,77387.2127,80167.0547,27258534
2021-01-26,79629.0411,79987.7305,77566.5772,77745.9219,33178936
2021-01-27,77656.2547,78642.6506,76759.5312,76759.5312,26423070
2021-01-28,74607.3728,76759.5085,74607.3728,75055.7344,31859808
2021-01-29,75773.1128,76221.4744,73531.3047,73531.3047,39615978
2021-02-01,73262.2910,74786.7206,72634.5847,74428.0312,28046832
2021-02-02,75414.4283,77476.8919,75055.7390,75683.4453,26302077
2021-02-03,76042.1337,76580.1677,74786.7211,75862.7891,22112205
2021-02-04,74876.4031,75145.4201,73620.9903,73979.6797,24171688
2021-02-05,74517.7091,75324.7601,73979.6751,74876.3984,18036835
2021-02-08,75145.4099,75504.0992,74428.0312,74428.0312,15338765
2021-02-09,75324.7559,76042.1345,74159.0156,74159.0156,20898332
2021-02-10,74069.3404,74069.3404,73172.6172,73172.6172,23025766
2021-02-15,75145.4200,75773.1264,74697.0583,75504.1094,23529706
2021-02-16,75773.1232,77118.2082,75504.1062,76131.8125,20483100
2021-02-17,75235.0734,75504.0904,74428.0226,74607.3672,18307735
2021-02-18,74607.3721,74966.0614,73620.9766,73620.9766,21327683
2021-02-19,73800.3268,74248.6884,72634.5865,74069.3438,25880879
2021-02-22,75145.4056,75504.0949,73710.6484,73710.6484,25419886
2021-02-23,72813.9261,74338.3556,72724.2538,73531.3047,20587314
2021-02-24,73351.9600,74966.0619,72903.5984,73531.3047,26807651
2021-02-25,75324.7674,76580.1802,74428.0439,76490.5078,34155986
2021-02-26,74248.6967,74786.7307,73531.3180,73979.6797,38520800
2021-03-02,76311.1474,76490.4920,74428.0286,74966.0625,33498180
2021-03-03,74876.3962,75324.7578,74248.6898,75324.7578,19882132
2021-03-04,74069.3603,74607.3944,73710.6709,73890.0156,24348331
2021-03-05,72724.2533,74069.3382,72724.2533,73620.9766,20508971
2021-03-08,74338.3556,74428.0279,73172.6154,73531.3047,17641256
2021-03-09,72993.2891,73441.6508,72275.9103,72993.2891,25420764
2021-03-10,73889.9990,73979.6713,72365.5694,72544.9141,20038422
2021-03-11,72634.5815,73979.6663,72634.5815,73531.3047,23818297
2021-03-12,74517.6966,74876.3859,73889.9904,74248.6797,13530573
2021-03-15,74248.6921,74338.3644,73351.9688,73351.9688,13735798
2021-03-16,73710.6458,74428.0243,73620.9735,74248.6797,12293537
2021-03-17,74248.6976,74338.3700,73531.3189,73800.3359,11625146
2021-03-18,74248.6870,75145.4103,74069.3424,74338.3594,18585244
2021-03-19,73620.9853,73979.6746,73351.9683,73441.6406,15869700
2021-03-22,73531.3047,73800.3217,73262.2877,73531.3047,12670506
2021-03-23,74069.3474,74338.3644,73351.9688,73351.9688,13299907
2021-03-24,72634.5938,73172.6278,72365.5767,72634.5938,17926638
2021-03-25,72634.6006,73620.9964,72455.2559,72813.9453,14758826
2021-03-26,72993.2730,73172.6176,72634.5837,73082.9453,12845778
2021-03-29,73262.2895,73262.2895,72634.5832,73172.6172,14952134
2021-03-30,73497.7783,74128.2739,73227.5659,74038.2031,13121698
2021-03-31,74218.3646,74488.5771,73317.6562,73317.6562,17240518
2021-04-01,74308.4199,74758.7739,73858.0658,74668.7031,18676461
2021-04-02,75659.4959,76740.3458,75569.4250,76380.0625,22997538
2021-04-05,77280.7363,77460.8779,76380.0284,76920.4531,16255990
2021-04-06,77641.0479,77641.0479,76650.2689,77460.9062,19042023
2021-04-07,77550.9713,77641.0421,76920.4756,77100.6172,17885538
2021-04-08,77190.6689,77190.6689,75749.5362,76289.9609,19244259
2021-04-09,76289.9742,76470.1158,75119.0537,75299.1953,18193707
2021-04-12,75749.5435,75749.5435,74848.8354,74938.9062,12915282
2021-04-13,74758.7685,76109.8306,74578.6269,75659.4766,15238206
2021-04-14,75659.4766,75929.6890,75119.0517,75659.4766,13794652
2021-04-15,75389.2714,76109.8379,75119.0590,75749.5547,16377412
2021-04-16,76289.9806,76289.9806,75299.2016,75569.4141,15429522
2021-04-19,75479.3384,75659.4800,75028.9844,75028.9844,15287311
2021-04-20,75028.9892,75659.4849,74848.8475,75569.4141,15521965
2021-04-21,75028.9800,75209.1216,74308.4136,74398.4844,21636079
2021-04-22,74668.7056,74758.7765,74218.3516,74218.3516,13934746
2021-04-23,73767.9955,74668.7036,73497.7831,74578.6328,17805080
2021-04-26,74668.6846,75209.1094,74398.4723,75209.1094,15489938
2021-04-27,74938.9156,75028.9864,74308.4199,74668.7031,12941533
2021-04-28,74938.9117,74938.9117,73948.1328,73948.1328,15596759
2021-04-29,74218.3551,74308.4259,73407.7177,73587.8594,20000973
2021-04-30,73767.9785,73948.1201,73407.6953,73407.6953,18673197
2021-05-03,72957.3636,74218.3551,72957.3636,73587.8594,15710336
2021-05-04,73767.9887,74398.4844,73677.9179,74398.4844,12532550
2021-05-06,73587.8486,74128.2734,73587.8486,74128.2734,17047511
2021-05-07,73677.9370,73948.1495,73407.7245,73768.0078,14154882
2021-05-10,74128.2690,75209.1187,73677.9150,74938.9062,19385027
2021-05-11,74308.4206,74398.4914,73047.4292,73137.5000,28996680
2021-05-12,72777.2307,73137.5140,71876.5224,72056.6641,35812268
2021-05-13,71065.8692,71696.3648,70615.5151,70705.5859,31490096
2021-05-14,71155.9244,72326.8447,71065.8536,72146.7031,16450920
2021-05-17,72777.2249,72867.2957,71336.0917,71696.3750,17740855
2021-05-18,71696.3750,72056.6583,71246.0209,71696.3750,17494407
2021-05-20,71516.2105,71786.4228,71245.9981,71606.2812,16541828
2021-05-21,72146.7031,73407.6942,71876.4908,72146.7031,20961714
2021-05-24,72146.7207,72416.9332,71606.2959,71786.4375,13398666
2021-05-25,72056.6489,72416.9322,71876.5073,71966.5781,13628942
2021-05-26,72416.9169,72506.9877,71786.4214,71876.4922,11984359
2021-05-27,72056.6583,72056.6583,71246.0209,71696.3750,23198510
2021-05-28,71876.4908,72416.9155,71516.2076,72146.7031,12360199
2021-05-31,72326.8584,72597.0708,71696.3627,72507.0000,13321324
2021-06-01,72507.0073,73227.5738,72146.7240,72597.0781,14058401
2021-06-02,72416.9355,73317.6436,72326.8647,72777.2188,16414644
2021-06-03,73227.5706,74758.7744,73047.4290,74578.6328,29546007
2021-06-04,74488.5572,74488.5572,73407.7075,74038.2031,18112259
2021-06-07,74488.5744,74578.6453,73497.7953,73768.0078,16496197
2021-06-08,74128.2911,74398.5036,73677.9370,73768.0078,12781226
2021-06-09,73407.6972,73858.0512,73047.4141,73047.4141,14908823
2021-06-10,73227.5640,73317.6348,72867.2808,72957.3516,17586995
2021-06-11,73137.4932,73587.8472,72687.1391,72957.3516,14087962
2021-06-14,72777.2124,72867.2832,72507.0000,72507.0000,10550078
2021-06-15,72867.2891,73137.5015,72597.0766,72867.2891,10075685
2021-06-16,73407.7017,73767.9849,73047.4185,73677.9141,14999855
2021-06-17,73047.4307,73227.5723,72687.1474,72867.2891,14007385
2021-06-18,73047.4248,73047.4248,72507.0000,72507.0000,14916721
2021-06-21,71786.4365,72056.6489,71696.3657,71966.5781,16063340
2021-06-22,72236.8057,72326.8766,71966.5932,72056.6641,11773365
2021-06-23,72506.9863,72597.0571,71966.5615,72146.7031,13856548
2021-06-24,72416.9335,73317.6416,72146.7211,73137.5000,18771080
2021-06-25,73407.7026,73767.9858,73137.4902,73497.7734,13481405
2021-06-28,73587.8662,73858.0786,73497.7953,73768.0078,11578529
2021-06-29,74094.5935,74275.5327,73099.4280,73280.3672,15744317
2021-06-30,73370.8236,73642.2323,73008.9453,73008.9453,13288643
2021-07-01,72828.0111,72918.4807,72375.6632,72466.1328,13382882
2021-07-02,72375.6641,72737.5424,72285.1945,72375.6641,8753097
2021-07-05,72466.1381,73099.4252,72375.6685,72737.5469,8330969
2021-07-06,72918.4872,73461.3047,72828.0176,73461.3047,12131651
2021-07-07,73461.3002,73551.7698,72647.0740,73099.4219,15992202
2021-07-08,73370.8224,73461.2919,72285.1875,72285.1875,16660998
2021-07-09,72013.7829,72194.7221,71470.9654,71832.8438,22720577
2021-07-12,72285.1813,72375.6509,71923.3031,72104.2422,9768108
2021-07-13,72375.6657,72556.6049,72194.7266,72194.7266,9863450
2021-07-14,71832.8585,72013.7977,71561.4497,71923.3281,11575636
2021-07-15,72194.7277,72918.4844,71923.3190,72918.4844,13766279
2021-07-16,72466.1353,72466.1353,71923.3178,72194.7266,10859399
2021-07-19,71561.4305,71651.9001,71290.0218,71470.9609,13155414
2021-07-20,71018.6131,71470.9609,70928.1435,71470.9609,12456646
2021-07-21,71470.9651,71561.4346,71018.6172,71018.6172,12355296
2021-07-22,71470.9552,72194.7118,71380.4857,72104.2422,12618790
2021-07-23,72104.2455,72285.1846,71651.8976,71742.3672,9098910
2021-07-26,71832.8409,71923.3104,71290.0234,71290.0234,10040975
2021-07-27,71651.9042,71832.8434,71018.6172,71018.6172,11427693
2021-07-28,70837.6723,71651.8984,70656.7332,71651.8984,12743417
2021-07-29,71290.0218,71832.8392,71290.0218,71470.9609,14360453
2021-07-30,71380.4955,71380.4955,71018.6172,71018.6172,13823411
2021-08-02,71651.8976,71923.3063,71199.5498,71742.3672,11739124
2021-08-03,71832.8505,73642.2422,71742.3809,73642.2422,24339360
2021-08-04,74365.9942,75180.2204,74004.1159,74999.2812,25642368
2021-08-05,75361.1504,75361.1504,74185.0461,74275.5156,18485469
2021-08-06,74094.5736,74637.3910,73551.7562,73732.6953,13342623
2021-08-09,73732.6953,74456.4518,73189.8779,73732.6953,15522581
2021-08-10,74456.4467,74546.9162,72466.1164,72556.5859,20362639
2021-08-11,72013.7825,72194.7217,71018.6172,71018.6172,30241137
2021-08-12,69752.0477,70747.2131,69571.1085,69661.5781,42365223
2021-08-13,68575.9493,68756.8884,67037.9662,67309.3750,61270643
2021-08-17,66947.4983,67942.6638,66947.4983,67128.4375,30944847
2021-08-18,66857.0156,67490.3026,66133.2590,66857.0156,29192631
2021-08-19,66495.1597,67309.3861,66133.2812,66133.2812,22166298
2021-08-20,66495.1473,66857.0257,65590.4514,65771.3906,22364803
2021-08-23,66314.2109,66947.4981,66042.8022,66314.2109,19384648
2021-08-24,66857.0172,68485.4696,66857.0172,68395.0000,21016913
2021-08-25,68937.8166,69299.6949,67761.7121,68485.4688,22319664
2021-08-26,68847.3404,68937.8099,67490.2969,67490.2969,16671494
2021-08-27,67218.8828,67852.1697,66766.5350,67218.8828,15172748
2021-08-30,68214.0534,68304.5230,67128.4186,67490.2969,12686999
2021-08-31,67761.7041,69390.1562,67218.8867,69390.1562,24630370
2021-09-01,69390.1788,69752.0572,68666.4221,69480.6484,16114775
2021-09-02,69480.6237,69480.6237,68485.4585,68756.8672,15347486
2021-09-03,69118.7640,69390.1727,68756.8856,69299.7031,12096419
2021-09-06,69480.6365,70204.3931,69299.6973,69932.9844,12861180
2021-09-07,69752.0632,69752.0632,68666.4280,68847.3672,13239401
2021-09-08,68756.8648,69118.7430,68394.9865,69028.2734,11798147
2021-09-09,69118.7591,69299.6983,67852.1850,68123.5938,17600770
2021-09-10,68123.5938,68395.0025,67671.2458,68123.5938,10103212
2021-09-13,68033.1083,69028.2734,67942.6387,69028.2734,11397775
2021-09-14,69752.0511,70294.8686,69299.7031,69299.7031,18167057
2021-09-15,70023.4565,70023.4565,69118.7606,69661.5781,12829128
2021-09-16,69933.0024,70023.4720,68847.3672,68847.3672,13067622
2021-09-17,69028.2894,69842.5156,68666.4111,69842.5156,16289502
2021-09-23,70113.9383,70204.4079,69480.6512,70023.4688,17055590
2021-09-24,70204.3931,70294.8627,69752.0452,69932.9844,12247274
2021-09-27,69932.9811,70294.8594,69661.5724,70294.8594,11699798
2021-09-28,70294.8473,70385.3168,68937.8039,69028.2734,15406382
2021-09-29,67992.9539,68447.4523,67083.9572,67356.6562,23992458
2021-09-30,67538.4556,67992.9539,66993.0576,67356.6562,19919361
2021-10-01,67174.8523,67265.7520,66265.8557,66538.5547,15803395
2021-10-05,66356.7520,66356.7520,64902.3574,65629.5547,24013921
2021-10-06,65993.1486,66174.9479,64720.5535,64811.4531,18956962
2021-10-07,65084.1484,65538.6467,64811.4495,65084.1484,13683532
2021-10-08,65720.4393,65811.3389,64993.2422,64993.2422,14043287
2021-10-12,64266.0599,64447.8592,62448.0666,62720.7656,31001484
2021-10-13,62448.0808,63266.1779,62084.4821,62538.9805,24172015
2021-10-14,62720.7608,63447.9580,62538.9615,63084.3594,19520641
2021-10-15,63811.5442,64538.7413,63629.7449,63720.6445,18051612
2021-10-18,63811.5586,63902.4582,62902.5620,63811.5586,13486391
2021-10-19,64356.9516,64538.7509,63993.3530,64175.1523,9507991
2021-10-20,64266.0478,64538.7467,63811.5496,63902.4492,10151638
2021-10-21,63902.4582,64175.1572,63629.7593,63811.5586,10891094
2021-10-22,63629.7569,64266.0544,63629.7569,63993.3555,8395448
2021-10-25,63538.8596,64175.1572,63175.2610,63811.5586,10029621
2021-10-26,64175.1580,64993.2549,63993.3586,64629.6562,10528252
2021-10-27,64538.7413,64538.7413,63629.7449,63720.6445,10295316
2021-10-28,63175.2473,65629.5375,63175.2473,64266.0430,20644902
2021-10-29,64720.5561,65084.1548,63357.0613,63447.9609,17016151
2021-11-01,63811.5623,64175.1609,63538.8633,63538.8633,11503729
2021-11-02,64356.9447,65629.5397,64266.0451,64993.2422,16812570
2021-11-03,65175.0510,65175.0510,63720.6565,63993.3555,12770428
2021-11-04,64720.5502,65084.1488,64084.2527,64175.1523,11818987
2021-11-05,65084.1538,65084.1538,63811.5586,63811.5586,12667743
2021-11-08,63993.3530,64175.1523,63447.9552,64175.1523,11121981
2021-11-09,63902.4546,64538.7522,63720.6553,64084.2539,11159589
2021-11-10,63902.4582,64447.8562,63811.5586,63811.5586,9422009
2021-11-11,63538.8633,63629.7629,63266.1643,63538.8633,11489122
2021-11-12,63811.5537,64447.8513,63538.8548,64175.1523,10087450
2021-11-15,65175.0544,65356.8538,64447.8572,64902.3555,12420710
2021-11-16,64993.2524,65447.7507,64811.4531,64811.4531,10919239
2021-11-17,64811.4408,65084.1397,64175.1433,64266.0430,11027606
2021-11-18,64266.0569,64538.7558,63811.5586,63811.5586,10144957
2021-11-19,63993.3574,64902.3540,63720.6585,64720.5547,11954728
2021-11-22,66629.4416,68356.5349,66356.7426,68083.8359,27506623
2021-11-23,69083.7351,69083.7351,67720.2403,68447.4375,22029195
2021-11-24,69083.7333,69265.5326,67356.6400,67992.9375,15652305
2021-11-25,68265.6261,68265.6261,66902.1316,66993.0312,12559258
2021-11-26,66811.2490,67356.6470,65447.7541,65720.4531,13002242
2021-11-29,65175.0552,66356.7507,64902.3562,65720.4531,16682559
2021-11-30,66538.5465,67174.8441,64084.2559,64811.4531,30364841
2021-12-01,65447.7596,67992.9502,65084.1609,67629.3516,21954856
2021-12-02,67174.8365,68901.9297,67083.9368,68901.9297,23652940
2021-12-03,68720.1406,69083.7393,67356.6458,68720.1406,18330240
2021-12-06,68265.6109,69720.0047,68083.8116,69356.4062,16391250
2021-12-07,69174.6481,70629.0428,68720.1497,70356.3438,19232453
2021-12-08,71174.4408,71447.1398,70083.6447,70356.3438,21558340
2021-12-09,70356.3108,71083.5078,69992.7123,71083.5078,21604528
2021-12-10,70356.3264,70538.1257,69810.9285,69901.8281,9155219
2021-12-13,70174.5361,71174.4324,69538.2385,69810.9375,15038750
2021-12-14,69538.2283,70174.5259,69265.5294,69992.7266,10976660
2021-12-15,69447.3293,70538.1250,69356.4296,70538.1250,9584939
2021-12-16,71356.2273,71356.2273,70356.3311,70719.9297,11996128
2021-12-17,69810.9231,70901.7188,69810.9231,70901.7188,13108479
2021-12-20,70538.1232,70719.9225,69810.9261,70083.6250,11264375
2021-12-21,70810.8257,71174.4243,70447.2271,70992.6250,14245298
2021-12-22,71719.8221,72174.3203,71628.9224,72174.3203,17105892
2021-12-23,72537.9285,72719.7278,72083.4302,72628.8281,13577498
2021-12-24,72901.5354,73446.9334,72901.5354,73174.2344,12086380
2021-12-27,73265.1142,73265.1142,72537.9170,72901.5156,10783368
2021-12-28,72901.5222,73083.3215,72447.0240,72992.4219,18226325
2021-12-29,73230.7485,73230.7485,71678.4758,71952.4062,19794795
2021-12-30,72043.7046,72591.5655,71313.2235,71495.8438,14236700
2022-01-04,71952.3961,72317.6367,71495.8453,71861.0859,12427416
2022-01-05,71952.4127,72135.0330,69760.9686,70674.0703,25470640
2022-01-06,70034.8797,70856.6710,69943.5696,70217.5000,12931954
2022-01-07,71313.2235,71587.1539,70674.0524,71495.8438,15163757
2022-01-10,71313.2242,71313.2242,70400.1227,71221.9141,9947422
2022-01-11,71587.1679,72135.0289,71221.9273,72043.7188,13221123
2022-01-12,72591.5797,72682.8899,71769.7883,72043.7188,11000502
2022-01-13,72408.9595,72408.9595,71130.6172,71130.6172,13889401
2022-01-14,70947.9906,71313.2312,70400.1297,70582.7500,10096725
2022-01-17,70856.6773,71039.2976,70217.5063,70765.3672,8785122
2022-01-18,70856.6655,71039.2858,69943.5641,70308.8047,9592788
2022-01-19,69852.2452,70217.4857,69487.0048,69669.6250,10598290
2022-01-20,69578.3274,70034.8781,69304.3970,69852.2578,9708168
2022-01-21,69213.0812,69213.0812,68208.6697,69030.4609,15774888
2022-01-24,68847.8602,69213.1008,68208.6891,68573.9297,13691134
2022-01-25,68299.9969,68482.6172,66839.0344,67569.5156,17766704
2022-01-26,67569.5156,67569.5156,67569.5156,67569.5156,0
2022-01-27,67386.8905,67569.5108,65104.1367,65104.1367,22274777
2022-01-28,65104.1406,67295.5844,65012.8305,66930.3438,21367447
2022-02-03,68391.3062,68391.3062,66930.3438,66930.3438,17744721
2022-02-04,67843.4461,68117.3766,67021.6547,67569.5156,12730034
2022-02-07,67112.9570,67204.2671,66108.5454,66656.4062,14240838
2022-02-08,66656.4062,66656.4062,66656.4062,66656.4062,0
2022-02-09,66656.4062,66656.4062,66656.4062,66656.4062,0
2022-02-10,69030.4719,69213.0922,68208.6805,68847.8516,17746033
2022-02-11,68482.5992,68939.1499,68117.3587,68391.2891,12205407
2022-02-14,67934.7413,68026.0514,66747.7095,67295.5703,13993255
2022-02-15,67660.8109,67752.1210,66747.7095,67295.5703,9320365
2022-02-16,68117.3641,68391.2945,67752.1235,68299.9844,10767386
2022-02-17,68482.6016,69030.4624,68026.0509,68482.6016,13605382
2022-02-18,68117.3758,68299.9961,67295.5844,67843.4453,10122226
2022-02-21,67843.4453,67843.4453,67843.4453,67843.4453,0
2022-02-22,67843.4453,67843.4453,67843.4453,67843.4453,0
2022-02-23,67843.4453,67843.4453,67843.4453,67843.4453,0
2022-02-24,66017.2232,66017.2232,65104.1219,65286.7422,15759283
2022-02-25,65834.6360,66291.1868,65652.0156,65652.0156,13168484
2022-02-28,65652.0156,65652.0156,65652.0156,65652.0156,0
2022-03-02,66017.2280,66108.5381,65286.7469,65469.3672,12481430
2022-03-03,66017.2174,66747.6984,65925.9073,66565.0781,13232638
2022-03-04,66565.0781,66565.0781,66565.0781,66565.0781,0
2022-03-07,63917.0922,64464.9530,63825.7821,64008.4023,18617138
2022-03-08,62821.3875,63917.1094,62730.0773,63460.5586,15828269
2022-03-10,63460.5586,63460.5586,63460.5586,63460.5586,0
2022-03-11,64373.6562,64556.2765,63643.1750,63917.1055,15787655
2022-03-14,63917.1063,64099.7266,63551.8657,64099.7266,9040993
2022-03-15,64099.7266,64099.7266,64099.7266,64099.7266,0
2022-03-16,64099.7274,64373.6578,63643.1766,64282.3477,10175750
2022-03-17,64282.3477,64282.3477,64282.3477,64282.3477,0
2022-03-18,64464.9555,64738.8859,64099.7149,64556.2656,14410038
2022-03-21,64738.9024,64830.2125,63825.8008,63825.8008,11169002
2022-03-22,63825.7868,64373.6476,63825.7868,64191.0273,9402666
2022-03-23,64464.9586,65012.8194,64191.0282,64373.6484,12398025
2022-03-24,63551.8680,64191.0391,63551.8680,63734.4883,37943357
2022-03-25,64008.4187,64099.7289,63551.8680,63734.4883,12986010
2022-03-28,63460.5516,63825.7922,63186.6211,63643.1719,12619289
2022-03-29,63917.1063,64191.0367,63734.4860,64099.7266,13686208
2022-03-30,64522.8395,64706.4037,64063.9288,64155.7109,12670187
2022-03-31,64155.7058,64431.0521,63880.3594,63880.3594,12510366
2022-04-01,63788.5738,63788.5738,63329.6632,63421.4453,15916846
2022-04-04,63237.8988,63605.0273,62962.5523,63605.0273,11107905
2022-04-05,63696.8065,63880.3708,63421.4600,63513.2422,8467248
2022-04-06,62962.5556,63146.1199,62870.7734,62870.7734,15517308
2022-04-07,62870.7622,62870.7622,62411.8516,62411.8516,20683327
2022-04-08,62503.6355,62687.1997,62136.5069,62228.2891,15453191
2022-04-11,62228.2804,62503.6267,61861.1519,62320.0625,12263735
2022-04-12,62044.7201,62136.5023,61494.0273,61494.0273,13924389
2022-04-13,61769.3667,63329.6628,61677.5846,63054.3164,17378619
2022-04-14,63054.3350,63054.3350,61952.9492,61952.9492,16409494
2022-04-15,61677.5991,61769.3812,61035.1241,61126.9062,13176415
2022-04-18,61035.1154,61585.8082,60667.9869,61218.6797,10119203
2022-04-19,61585.8185,62411.8578,61494.0364,61769.3828,12959434
2022-04-20,61494.0200,61861.1484,61035.1094,61861.1484,16693293
2022-04-21,62044.7257,62687.2006,61952.9435,62136.5078,12847448
2022-04-22,61677.5916,61769.3737,61218.6810,61494.0273,11791478
2022-04-25,61035.1111,61218.6754,60851.5469,60851.5469,11016474
2022-04-26,60943.3347,61218.6811,60667.9883,60667.9883,12946923
2022-04-27,60025.5153,60117.2974,59566.6046,59658.3867,18122084
2022-04-28,60025.5092,60117.2913,59199.4700,59474.8164,16895527
2022-04-29,59750.1597,62044.7127,59658.3776,61861.1484,26190390
2022-05-02,61126.9078,62044.7292,61035.1257,61769.3828,14106184
2022-05-03,61861.1671,62778.9885,61769.3849,61952.9492,14168875
2022-05-04,62411.8446,62778.9731,61952.9340,62320.0625,11505248
2022-05-06,61494.0278,61585.8100,61035.1172,61035.1172,14356156
2022-05-10,60484.4276,60851.5561,59933.7347,60300.8633,17235605
2022-05-11,60117.2990,60851.5561,59841.9526,60300.8633,12330920
2022-05-12,59841.9519,60117.2983,59566.6055,59566.6055,16414188
2022-05-13,59933.7316,61218.6814,59841.9495,61035.1172,14551536
2022-05-16,61585.8039,61861.1502,60667.9826,60851.5469,11937555
2022-05-17,61126.8975,62320.0651,61126.8975,62044.7188,15680447
2022-05-18,62687.1932,63054.3217,62044.7183,62503.6289,16486319
2022-05-19,61035.1277,62044.7314,61035.1277,61952.9492,17073727
2022-05-20,62228.2873,62778.9801,62136.5052,62411.8516,12109671
2022-05-23,63146.1016,63146.1016,62044.7161,62320.0625,13684088
2022-05-24,61952.9385,62136.5028,61035.1172,61035.1172,15482576
2022-05-25,61218.6823,61585.8109,60484.4253,60943.3359,15150490
2022-05-26,60851.5543,61677.5935,60117.2972,60484.4258,15970890
2022-05-27,61218.6814,61402.2457,60759.7708,61035.1172,11405555
2022-05-30,61952.9435,62228.2900,61402.2507,62136.5078,14255484
2022-05-31,61952.9306,61952.9306,61218.6736,61861.1484,24365002
2022-06-02,61126.8976,61494.0261,60943.3333,61218.6797,14959443
2022-06-03,61677.5973,61769.3794,61310.4688,61310.4688,8222883
2022-06-07,60759.7718,60943.3361,60025.5147,60117.2969,19355755
2022-06-08,60025.5204,60300.8668,59933.7383,59933.7383,12483180
2022-06-09,59750.1632,59841.9453,59199.4704,59841.9453,25790725
2022-06-10,58740.5682,59107.6967,58557.0039,58557.0039,22193552
2022-06-13,57272.0495,57639.1780,56996.7031,56996.7031,22157816
2022-06-14,56170.6696,57088.4910,56078.8874,56813.1445,24606419
2022-06-15,56262.4467,56446.0110,55252.8432,55711.7539,26811224
2022-06-16,56262.4410,56721.3516,55528.1840,55895.3125,23394895
2022-06-17,54518.5980,54977.5087,54518.5980,54885.7266,29053450
2022-06-20,54885.7207,54977.5029,53325.4243,53876.1172,34111306
2022-06-21,53876.1151,54335.0257,53417.2044,53692.5508,25148109
2022-06-22,54151.4577,54243.2398,52866.5078,52866.5078,23334687
2022-06-23,52958.2956,53233.6421,52132.2564,52682.9492,28338608
2022-06-24,53141.8588,54243.2445,52958.2946,53600.7695,23256103
2022-06-27,54151.4549,54977.4940,53508.9800,53967.8906,18122236
2022-06-28,54335.0139,54610.3602,53876.1033,54518.5781,13540538
2022-06-29,54020.8652,54297.8953,53559.1484,53559.1484,14677138
2022-06-30,52820.3898,53189.7632,52635.7031,52635.7031,18915142
2022-07-01,52543.3683,53097.4284,51619.9348,51896.9648,24982097
2022-07-04,51804.6173,53005.0808,51435.2439,52728.0508,17807126
2022-07-05,53189.7719,53743.8320,52820.3984,52820.3984,14216539
2022-07-06,52912.7306,52912.7306,52081.6406,52081.6406,16820461
2022-07-07,52081.6479,54205.5449,51989.3045,53743.8281,21322833
2022-07-08,54113.2035,54759.6070,53743.8301,54205.5469,15339271
2022-07-11,54759.5995,55036.6295,54205.5395,54297.8828,13042624
2022-07-12,54113.1972,54205.5405,53651.4805,53651.4805,9336061
2022-07-13,53836.1785,54113.2086,53559.1484,53559.1484,10841315
2022-07-14,53097.4297,53743.8332,53005.0863,53097.4297,15067012
2022-07-15,53928.5219,55406.0156,53651.4918,55406.0156,18685583
2022-07-18,55960.0639,57252.8707,55867.7206,57160.5273,20832517
2022-07-19,56698.8144,56791.1577,55590.6942,56237.0977,15248261
2022-07-20,57068.1941,57345.2242,55867.7305,55867.7305,16782238
2022-07-21,56421.7879,57160.5348,56052.4145,57068.1914,12291374
2022-07-22,57068.1855,57437.5588,56514.1254,56606.4688,10261310
2022-07-25,56237.1062,57160.5398,56144.7629,56421.7930,9193681
2022-07-26,56144.7575,57160.5344,56144.7575,56975.8477,6597211
2022-07-27,56606.4746,57160.5348,56514.1313,57068.1914,7320997
2022-07-28,57529.9007,57806.9307,56883.4973,57160.5273,10745302
2022-07-29,57622.2539,57806.9406,56606.4770,56698.8203,15093120
2022-08-01,56329.4387,56975.8421,55683.0353,56606.4688,13154816
2022-08-02,56514.1309,57160.5344,56329.4442,56975.8477,13614895
2022-08-03,56883.4988,56883.4988,56329.4387,56606.4688,10053861
2022-08-04,56975.8429,57068.1863,56514.1262,56791.1562,9125439
2022-08-05,56975.8429,57160.5296,56514.1262,56791.1562,9567620
2022-08-08,56698.8100,56698.8100,55960.0633,56144.7500,11313150
2022-08-09,55960.0758,56052.4191,55036.6422,55406.0156,18251170
2022-08-10,54390.2274,54667.2574,54113.1974,54574.9141,18084349
2022-08-11,55036.6379,55406.0113,54759.6079,55313.6680,15141941
2022-08-12,54944.2919,56052.4121,54851.9485,55590.6953,10786658
2022-08-16,55867.7285,56883.5054,55683.0418,56329.4453,15036727
2022-08-17,56421.7902,56514.1336,55683.0434,55775.3867,9061518
2022-08-18,55683.0361,57160.5296,55406.0061,56791.1562,16372754
2022-08-19,56698.8144,56883.5011,55960.0676,56237.0977,6923679
2022-08-22,55683.0457,55775.3891,55221.3289,55406.0156,8259865
2022-08-23,54482.5707,55036.6308,54482.5707,54574.9141,9041629
2022-08-24,54667.2609,54944.2909,54482.5742,54482.5742,8888486
2022-08-25,54667.2676,55128.9844,54482.5809,55128.9844,5767902
2022-08-26,55683.0457,56237.1059,55313.6723,55406.0156,9499995
2022-08-29,54205.5504,54390.2371,54113.2070,54113.2070,9841329
2022-08-30,54205.5395,54482.5695,53836.1661,54297.8828,9690044
2022-08-31,53743.8340,55313.6711,53743.8340,55128.9844,14203512
2022-09-01,54205.5496,54390.2363,53836.1762,53928.5195,14905777
2022-09-02,53836.1765,54113.2066,53097.4297,53097.4297,15040310
2022-09-05,53005.0808,53374.4542,52451.0207,52728.0508,11425977
2022-09-06,52820.3941,53189.7675,52543.3641,52728.0508,7503086
2022-09-07,52358.6769,52358.6769,51619.9301,51712.2734,17384854
2022-09-08,51896.9585,52081.6452,51342.8984,51342.8984,18000016
2022-09-13,52635.7037,54020.8538,52451.0171,53651.4805,17166581
2022-09-14,51896.9595,52820.3929,51804.6161,52451.0195,12524961
2022-09-15,52635.7069,52728.0502,51712.2734,51712.2734,11664819
2022-09-16,51342.9047,52081.6516,51250.5614,51896.9648,13456503
2022-09-19,51989.2973,52635.7006,51712.2673,52081.6406,12278653
2022-09-20,52081.6460,52635.7061,51527.5859,51527.5859,14041465
2022-09-21,51158.2105,51250.5539,50788.8372,51065.8672,11863700
2022-09-22,50419.4679,50511.8113,50142.4379,50234.7812,12786510
2022-09-23,50234.7739,50696.4905,50050.0872,50327.1172,10555964
2022-09-26,49588.3758,50050.0925,49496.0325,49773.0625,15008449
2022-09-27,49680.7165,50050.0898,49403.6865,50050.0898,16631289
2022-09-28,49773.0663,50234.7831,48480.2594,48849.6328,19991129
2022-09-29,49557.1965,49929.1080,48906.3516,48906.3516,13882080
2022-09-30,48627.4193,49836.1315,48162.5300,49371.2422,22503249
2022-10-04,51416.7513,51509.7291,50672.9285,51323.7734,19148435
2022-10-05,52904.3983,53183.3319,51509.7305,52067.5977,22458970
2022-10-06,52718.4387,53276.3058,52346.5273,52346.5273,14944446
2022-10-07,51974.6211,52904.3997,51323.7761,52253.5547,16886813
2022-10-11,50579.9558,51788.6680,50208.0443,51509.7344,21437877
2022-10-12,51788.6550,52997.3669,51323.7658,51881.6328,18408910
2022-10-13,51509.7291,52160.5741,51323.7734,51323.7734,13784602
2022-10-14,52253.5495,52532.4830,51881.6381,52346.5273,12924326
2022-10-17,51881.6382,52997.3723,51788.6603,52625.4609,13641878
2022-10-18,52718.4401,53090.3515,51881.6394,52532.4844,14820702
2022-10-19,52718.4333,52904.3890,51788.6550,51881.6328,12660652
2022-10-20,51323.7774,52067.6002,51230.7995,51602.7109,17107653
2022-10-21,51230.7983,52346.5325,51230.7983,51974.6211,11456060
2022-10-24,52997.3647,53462.2539,52718.4312,53462.2539,16944503
2022-10-25,52997.3699,54485.0154,52997.3699,53648.2148,17405678
2022-10-26,53927.1500,55414.7955,53648.2165,55228.8398,20824967
2022-10-27,55507.7721,55879.6835,54763.9494,55321.8164,21756712
2022-10-28,54763.9502,55042.8837,53183.3268,53276.3047,20924937
2022-10-31,54020.1279,55693.7291,53927.1500,55228.8398,18999514
2022-11-01,55693.7292,56065.6406,55321.8178,55786.7070,17201647
2022-11-02,55507.7747,55786.7083,55135.8633,55414.7969,13202919
2022-11-03,54485.0196,55600.7538,54020.1304,55042.8867,17492162
2022-11-04,54949.9063,55321.8177,54299.0614,55228.8398,12445841
2022-11-07,55507.7787,56065.6458,55228.8451,55972.6680,12437246
2022-11-08,56251.5890,57553.2786,56251.5890,57460.3008,18273898
2022-11-09,57646.2656,57832.2213,56995.4207,57646.2656,14045592
2022-11-10,57088.3956,57181.3735,56158.6172,56158.6172,21087633
2022-11-11,58669.0260,58762.0039,57925.2032,58483.0703,20037163
2022-11-14,58483.0715,58483.0715,57367.3373,57553.2930,15973416
2022-11-15,57832.2162,58111.1497,57274.3492,58018.1719,12310986
2022-11-16,58018.1797,58297.1133,57367.3348,58297.1133,12909260
2022-11-17,57646.2616,57646.2616,56995.4167,57088.3945,13298296
2022-11-18,57460.3008,58018.1678,57088.3894,57460.3008,12236503
2022-11-21,57088.3945,57460.3059,56530.5275,57088.3945,9378097
2022-11-22,56623.5038,56902.4373,56065.6368,56344.5703,9411289
2022-11-23,56902.4361,56995.4140,56437.5470,56716.4805,8765050
2022-11-24,56902.4388,57367.3281,56623.5053,57088.3945,8125010
2022-11-25,57088.3918,57367.3253,56530.5248,56716.4805,6677933
2022-11-28,56251.6068,56251.6068,55600.7617,55879.6953,8589032
2022-11-29,55693.7254,56344.5703,55600.7476,56344.5703,7014160
2022-11-30,56158.6138,57832.2148,55972.6581,57832.2148,19768903
2022-12-01,58669.0181,58761.9960,57925.1954,58204.1289,16631445
2022-12-02,58111.1519,58111.1519,56158.6172,56158.6172,15331184
2022-12-05,56623.5235,56809.4792,55786.7226,56065.6562,13767787
2022-12-06,55600.7538,55879.6874,55042.8867,55042.8867,13888300
2022-12-07,54670.9675,55414.7902,54392.0340,54763.9453,12100662
2022-12-08,54577.9975,55042.8867,54485.0196,55042.8867,12986815
2022-12-09,55135.8609,56344.5729,55135.8609,56158.6172,10529632
2022-12-12,55693.7278,55786.7056,55228.8386,55321.8164,9036472
2022-12-13,55414.8034,56065.6484,55228.8477,55507.7812,9040873
2022-12-14,55600.7566,56344.5794,55600.7566,56251.6016,8207485
2022-12-15,55600.7525,55972.6639,55135.8633,55135.8633,8716039
2022-12-16,54206.0823,55321.8164,54206.0823,55321.8164,13033596
2022-12-19,55321.8164,55693.7278,54949.9050,55321.8164,7696187
2022-12-20,54856.9270,54949.9048,54392.0378,54485.0156,9284761
2022-12-21,54578.0052,54949.9166,53927.1602,53927.1602,10356971
2022-12-22,54020.1240,54949.9023,54020.1240,54949.9023,10720630
2022-12-23,54113.1028,54299.0585,53648.2136,54020.1250,9829407
2022-12-26,53927.1497,54020.1276,53648.2162,53834.1719,6756411
2022-12-27,53927.1472,54299.0585,53834.1693,54020.1250,10667027
2022-12-28,53890.0799,53890.0799,52767.3699,52954.4883,14665410
2022-12-29,52393.1369,52580.2552,51738.2227,51738.2227,11295935
2023-01-02,51925.3438,52486.6988,51644.6662,51925.3438,10031448
2023-01-03,51831.7852,52393.1402,50989.7525,51831.7852,13547030
2023-01-04,52112.4642,54264.3254,52018.9050,54077.2070,20188071
2023-01-05,54451.4375,55012.7925,53890.0825,54451.4375,15682826
2023-01-06,54544.9998,55574.1508,54170.7631,55199.9141,17334989
2023-01-09,55854.8262,56790.4180,55761.2671,56790.4180,18640107
2023-01-10,56322.6199,57164.6525,56041.9424,56509.7383,14859797
2023-01-11,57071.0967,57258.2150,56416.1824,56603.3008,12310751
2023-01-12,57164.6558,57258.2150,56041.9457,56603.3008,16102561
2023-01-13,56603.2952,57258.2093,56509.7360,56883.9727,12510328
2023-01-16,57351.7746,57632.4521,56883.9787,57164.6562,10039972
2023-01-17,57258.2082,57538.8857,56696.8532,57071.0898,9831456
2023-01-18,56790.4158,57071.0933,56041.9424,56509.7383,11584041
2023-01-19,56603.2989,57538.8906,56509.7397,57538.8906,12808490
2023-01-20,58100.2361,58287.3544,57164.6445,57819.5586,9646327
2023-01-25,59410.0715,59597.1898,58942.2756,59222.9531,39217
2023-01-26,59690.7578,59784.3170,59222.9619,59690.7578,54188
2023-01-27,60252.1043,60813.4593,59784.3085,60439.2227,44282
2023-01-30,60719.8998,60719.8998,59035.8348,59222.9531,59628
2023-01-31,59410.0666,59597.1849,57071.0876,57445.3242,163847
2023-02-01,58568.0365,58661.5956,57071.0898,57071.0898,98585
2023-02-02,59129.3928,59784.3070,58568.0378,59410.0703,65992
2023-02-03,59784.3070,59877.8661,58942.2745,59410.0703,47567
2023-02-06,58755.1553,58942.2736,57632.4453,57632.4453,144104
2023-02-07,57913.1244,58474.4794,57632.4469,58006.6836,32873
2023-02-08,58755.1623,59222.9582,58380.9256,59035.8398,42558
2023-02-09,58942.2756,59222.9531,58287.3614,59222.9531,48035
2023-02-10,58568.0451,58942.2818,58380.9268,58848.7227,44786
2023-02-13,58848.7227,58942.2818,58287.3676,58848.7227,59395
2023-02-14,59503.6312,59784.3087,59129.3945,59129.3945,70606
2023-02-15,59784.3066,59784.3066,58006.6825,58193.8008,58370
2023-02-16,58474.4814,59597.1914,58380.9222,59597.1914,41448
2023-02-17,58848.7126,59222.9493,58380.9168,58568.0352,28613
2023-02-20,58848.7160,58942.2752,57819.5652,58661.5977,29846
2023-02-21,58661.6051,58755.1643,58006.6908,58100.2500,60971
2023-02-22,57538.8930,57819.5705,57071.0971,57164.6562,39178
2023-02-23,57726.0061,58474.4794,57538.8878,58006.6836,37145
2023-02-24,58287.3652,58568.0427,57351.7734,57351.7734,50792
2023-02-27,56883.9783,56883.9783,56322.6233,56603.3008,11155697
2023-02-28,56883.9699,57445.3249,56603.2924,56696.8516,13715861
2023-03-02,56977.5318,57819.5643,56603.2952,56883.9727,13095682
2023-03-03,57071.0967,57258.2150,56603.3008,56603.3008,10711405
2023-03-06,57164.6539,57632.4498,56883.9764,57538.8906,13630602
2023-03-07,57445.3322,57445.3322,56790.4180,56790.4180,11473280
2023-03-08,56229.0730,56603.3098,56041.9546,56416.1914,14161857
2023-03-09,56603.3031,56883.9807,56041.9480,56229.0664,14334499
2023-03-10,55667.7031,55854.8215,55293.4665,55667.7031,11902471
2023-03-13,56041.9408,56322.6183,55480.5858,56135.5000,12779724
2023-03-14,55574.1508,55667.7099,55199.9141,55199.9141,12147346
2023-03-15,56135.5011,56416.1787,55761.2645,55948.3828,10482149
2023-03-16,55387.0272,56322.6189,55293.4681,56041.9414,10611939
2023-03-17,56883.9776,57351.7734,56696.8592,57351.7734,14090110
2023-03-20,57164.6576,57258.2168,56322.6250,56322.6250,9618009
2023-03-21,56603.3098,56790.4282,56229.0730,56416.1914,8318514
2023-03-22,57071.0971,57258.2154,56603.3012,57164.6562,8978591
2023-03-23,56696.8574,58287.3633,56696.8574,58287.3633,15381057
2023-03-24,58661.6076,59222.9627,58287.3709,58942.2852,18278602
2023-03-27,58568.0459,58755.1643,58006.6908,58100.2500,11039331
2023-03-28,58380.9268,58848.7227,58100.2492,58848.7227,11614118
2023-03-29,58474.4793,58661.5977,58193.8018,58661.5977,11216008
2023-03-30,59942.3134,59942.3134,59377.7076,59471.8086,15684377
2023-03-31,60224.6172,60224.6172,59942.3143,60224.6172,14094479
2023-04-03,60224.6157,60224.6157,59283.6061,59377.7070,11973133
2023-04-04,59660.0090,60036.4129,59095.4033,59848.2109,11120514
2023-04-05,59942.3059,60224.6088,59660.0031,60130.5078,9176149
2023-04-06,59754.1139,59848.2149,58624.9023,58624.9023,14992747
2023-04-07,60036.4135,61353.8269,60036.4135,61165.6250,27476120
2023-04-10,60977.4272,62388.9417,60883.3263,61824.3359,18777166
2023-04-11,62294.8380,62294.8380,61542.0303,62012.5352,16323183
2023-04-12,61918.4387,62294.8426,61447.9338,62106.6406,15021313
2023-04-13,61730.2296,62200.7344,61542.0277,62200.7344,15091022
2023-04-14,62671.2450,62671.2450,61165.6295,61259.7305,16176490
2023-04-17,61165.6229,61730.2287,60883.3200,61447.9258,13486618
2023-04-18,62012.5294,62106.6304,60977.4189,61730.2266,14802060
2023-04-19,61636.1328,61918.4357,61447.9309,61636.1328,10255985
2023-04-20,61259.7239,61447.9258,60789.2191,61447.9258,9501169
2023-04-21,61918.4369,62012.5379,61542.0330,61824.3359,10538622
2023-04-24,61447.9291,61824.3329,60977.4243,61353.8281,12986581
2023-04-25,61447.9273,61542.0282,59660.0090,59848.2109,16193271
2023-04-26,59848.2178,60506.9246,59565.9149,60318.7227,12664541
2023-04-27,60318.7101,61165.6187,59565.9025,60789.2148,14779601
2023-04-28,61353.8299,62012.5367,61165.6280,61636.1328,19699481
2023-05-02,62106.6388,62388.9417,61259.7301,61824.3359,14396948
2023-05-03,61259.7361,61730.2410,61071.5342,61542.0391,8876749
2023-05-04,61730.2353,61824.3363,60883.3266,61259.7305,9791064
2023-05-08,62388.9390,62388.9390,61542.0303,62012.5352,9405365
2023-05-09,61918.4306,61918.4306,61259.7239,61447.9258,9366861
2023-05-10,61636.1234,61636.1234,60506.9120,60789.2148,13057727
2023-05-11,60883.3173,61259.7211,60412.8125,60412.8125,11648905
2023-05-12,59942.3188,60789.2275,59848.2178,60318.7227,8693913
2023-05-15,60318.7172,60789.2221,60130.5153,60695.1211,8172021
2023-05-16,61918.4430,62012.5439,61447.9381,61542.0391,12334657
2023-05-17,62012.5337,62012.5337,60977.4231,61165.6250,10745504
2023-05-18,62106.6379,62294.8398,61824.3350,62294.8398,14431704
2023-05-19,63800.4644,64365.0703,63518.1615,64365.0703,20349345
2023-05-22,64365.0553,64929.6610,63988.6515,64459.1562,14470308
2023-05-23,64459.1713,64647.3733,64082.7674,64365.0703,8561643
2023-05-24,64082.7524,64647.3582,63988.6515,64459.1562,8192896
2023-05-25,65776.5636,65870.6645,64647.3522,64741.4531,14231160
2023-05-26,65682.4718,66247.0775,65400.1689,66152.9766,19549511
2023-05-30,67093.9749,68034.9844,66999.8740,68034.9844,27476897
2023-05-31,68129.0955,68223.1965,66811.6821,67188.0859,25666087
2023-06-01,66717.5938,67376.3006,66435.2908,66717.5938,14669296
2023-06-02,67470.3858,67940.8906,67376.2849,67940.8906,12161798
2023-06-05,68411.3923,68411.3923,67188.0800,67470.3828,12686829
2023-06-07,67093.9904,67376.2933,66623.4856,66811.6875,14796613
2023-06-08,66247.0889,66717.5938,65870.6849,66717.5938,19165568
2023-06-09,66905.7712,68034.9825,66623.4684,67752.6797,15050209
2023-06-12,67846.7982,68129.1011,66623.4856,66811.6875,12064287
2023-06-13,67470.3769,67940.8816,67376.2759,67752.6797,13227285
2023-06-14,67846.8035,67940.9045,66905.7938,67658.6016,12541046
2023-06-15,67846.8011,68035.0031,67093.9934,67282.1953,13614994
2023-06-16,67564.5000,67658.6010,66717.5912,67564.5000,15373696
2023-06-19,67093.9759,67470.3797,66717.5722,66999.8750,11100887
2023-06-20,66529.3792,67188.0859,66247.0763,67188.0859,11557883
2023-06-21,66529.3816,66999.8864,66247.0787,66341.1797,10626603
2023-06-22,66058.8738,67282.1863,65964.7729,67093.9844,11411007
2023-06-23,67752.7008,67940.9027,67376.2969,67376.2969,12329484
2023-06-26,67470.3948,68223.2025,67282.1928,68129.1016,10541901
2023-06-27,68223.1959,68317.2969,67752.6911,68317.2969,9442997
2023-06-28,68317.2819,68411.3828,67752.6762,68411.3828,8783093
2023-06-29,69131.0878,69414.7995,68469.0938,68469.0938,12229967
2023-06-30,68563.6570,68752.7981,67807.0925,68279.9453,11694765
2023-07-03,68752.8039,69225.6568,68658.2333,69036.5156,10722181
2023-07-04,69414.7979,69603.9390,68941.9451,69036.5156,10214350
2023-07-05,69036.5103,69320.2220,67996.2341,68090.8047,12310610
2023-07-06,67996.2351,68469.0879,67617.9529,67712.5234,14777667
2023-07-07,67239.6670,67523.3787,66010.2498,66104.8203,17308877
2023-07-10,66199.3997,66577.6820,65442.8352,65726.5469,11713926
2023-07-11,66388.5435,67617.9609,66293.9729,67617.9609,12177392
2023-07-12,67334.2482,68090.8128,67239.6776,67996.2422,10375581
2023-07-13,68469.0951,68658.2362,67996.2422,67996.2422,14417279
2023-07-14,68563.6618,69414.7969,68469.0912,69414.7969,15882519
2023-07-17,69225.6482,69509.3599,68847.3660,69320.2188,10060049
2023-07-18,69225.6514,69509.3631,68090.8047,68090.8047,11697900
2023-07-19,68752.7994,68847.3699,67428.8115,67807.0938,10896412
2023-07-20,67239.6800,67617.9623,66955.9682,67145.1094,9732730
2023-07-21,66577.6799,66577.6799,65631.9743,66483.1094,16528926
2023-07-24,66293.9524,67050.5168,66104.8113,66577.6641,13418597
2023-07-25,66199.3984,66672.2513,66010.2573,66199.3984,14314945
2023-07-26,66010.2422,66766.8066,64402.5429,66010.2422,30016221
2023-07-27,66104.8236,67807.0938,65537.4002,67807.0938,24261179
2023-07-28,67901.6512,68469.0745,66293.9520,66766.8047,19420683
2023-07-31,67050.5182,67145.0888,66010.2422,66010.2422,13035420
2023-08-01,66293.9662,67334.2424,66199.3957,67239.6719,12299254
2023-08-02,66861.3848,67145.0965,66010.2498,66104.8203,13835020
2023-08-03,66104.8191,66388.5308,64780.8313,65064.5430,20087090
2023-08-04,65064.5442,65348.2559,64497.1208,64591.6914,12360193
2023-08-07,64024.2676,65442.8259,63929.6970,64780.8320,10968505
2023-08-08,65253.6911,65348.2616,63740.5620,63929.7031,14664709
2023-08-09,64307.9860,65821.1151,64213.4154,65159.1211,17259673
2023-08-10,64591.7039,64780.8451,64118.8510,64307.9922,10227311
2023-08-11,64686.2679,65064.5502,63835.1328,63835.1328,9781038
2023-08-14,63835.1294,64213.4117,63267.7060,63645.9883,9352343
2023-08-16,63078.5618,63456.8440,62700.2795,63362.2734,13174578
2023-08-17,62700.2880,63173.1409,62416.5763,63078.5703,10778652
2023-08-18,62416.5735,63078.5674,62227.4323,62700.2852,11745006
2023-08-21,62984.0039,63456.8568,62700.2922,62984.0039,9720067
2023-08-22,63551.4274,64024.2802,62700.2922,62984.0039,10500242
2023-08-23,63078.5654,63456.8477,62794.8537,63456.8477,9549352
2023-08-24,64591.7034,64969.9857,64213.4211,64497.1328,15044463
2023-08-25,63456.8477,63740.5593,63267.7065,63456.8477,7032462
2023-08-28,63173.1367,63362.2778,62889.4250,63173.1367,5824628
2023-08-29,63267.7073,63551.4190,62983.9956,63173.1367,9114352
2023-08-30,63645.9888,64024.2710,63456.8477,63456.8477,9181223
2023-08-31,63456.8482,63551.4187,62794.8542,63267.7070,15964630
2023-09-01,63173.1452,67145.1094,63078.5746,67145.1094,29738235
2023-09-04,68941.9338,68941.9338,66861.3816,67334.2344,26286495
2023-09-05,67050.5239,67617.9473,66388.5300,66861.3828,12330239
2023-09-06,66861.3924,66955.9630,65915.6867,66199.3984,11414620
2023-09-07,66199.3819,66766.8052,65821.0997,66577.6641,13741241
2023-09-08,66388.5388,66483.1094,65821.1154,66483.1094,10688118
2023-09-11,66577.6709,66955.9531,66199.3887,66955.9531,11785462
2023-09-12,66955.9460,67145.0871,66577.6638,66672.2344,11688599
2023-09-13,67239.6802,67712.5331,66483.1156,67050.5391,15955797
2023-09-14,67334.2409,67901.6643,66955.9587,67807.0938,21041407
2023-09-15,67807.0930,68374.5164,67523.3813,68090.8047,17823512
2023-09-18,67428.8233,67807.1056,66388.5469,66388.5469,16040727
2023-09-19,66577.6655,66955.9477,65821.1011,66010.2422,11820188
2023-09-20,66199.3995,66483.1112,65726.5466,65821.1172,10873015
2023-09-21,65442.8328,66010.2562,65064.5505,65159.1211,10796336
2023-09-22,64591.6902,65159.1135,64591.6902,65064.5430,9897840
2023-09-25,64780.8491,65915.6961,64780.8491,65631.9844,13582516
2023-09-26,66545.5397,66545.5397,65024.4988,65214.6289,13143470
2023-09-27,65214.6419,65689.9672,64834.3816,65024.5117,14886491
2023-10-04,64073.8568,64359.0520,63408.4013,64168.9219,23361149
2023-10-05,63978.7967,64073.8618,63408.4062,63408.4062,16108313
2023-10-06,63788.6650,63978.7952,62742.9492,62742.9492,14386527
2023-10-10,62933.0730,64263.9839,62933.0730,63123.2031,19889202
2023-10-11,65214.6392,65975.1598,64549.1837,64834.3789,25209349
2023-10-12,65214.6407,66260.3565,64834.3804,65499.8359,19311380
2023-10-13,64644.2578,65119.5832,64359.0626,64644.2578,9724086
2023-10-16,64549.1795,65119.5698,63503.4637,63978.7891,12599299
2023-10-17,64359.0730,66450.5052,64073.8777,65975.1797,17299253
2023-10-18,65499.8186,67020.8594,65404.7535,67020.8594,16493184
2023-10-19,66260.3567,66545.5519,65975.1615,66070.2266,13985012
2023-10-20,65499.8190,65785.0141,64739.2986,65404.7539,15204495
2023-10-23,65309.7069,65689.9672,64834.3816,65024.5117,11625959
2023-10-24,65309.7004,65404.7655,64359.0498,65119.5703,12791710
2023-10-25,65404.7785,65404.7785,64549.1927,64644.2578,10610703
2023-10-26,63693.6015,64549.1872,63408.4062,63408.4062,15517624
2023-10-27,63788.6589,63978.7891,63408.3987,63978.7891,11334726
2023-10-30,63503.4637,64454.1144,63408.3987,63978.7891,10139270
2023-10-31,64263.9867,64929.4422,63598.5312,63598.5312,14488892
2023-11-01,64168.9133,65499.8241,63978.7832,65214.6289,13775256
2023-11-02,66545.5546,66545.5546,65975.1641,66260.3594,16350031
2023-11-03,66260.3620,66735.6874,66070.2318,66165.2969,10322234
2023-11-06,66355.4248,67401.1406,65880.0994,67401.1406,22228489
2023-11-07,67115.9454,67401.1406,66545.5549,67401.1406,17228731
2023-11-08,67781.3954,67876.4604,66260.3542,66450.4844,12901310
2023-11-09,66450.4897,67306.0754,66165.2945,66830.7500,12301373
2023-11-10,66545.5341,67020.8594,66070.2089,67020.8594,9684347
2023-11-13,67781.3903,67781.3903,66830.7396,66925.8047,9246919
2023-11-14,67496.1926,67591.2577,67115.9324,67306.0625,9567984
2023-11-15,68066.5862,68636.9766,67971.5211,68636.9766,20148677
2023-11-16,68922.1720,69397.4973,68732.0419,69207.3672,15860451
2023-11-17,68732.0417,69397.4972,68732.0417,68922.1719,11494644
2023-11-20,68541.9143,69397.4999,68541.9143,69112.3047,10610157
2023-11-21,69492.5624,69777.7576,69112.3021,69207.3672,9712881
2023-11-22,68636.9768,69397.4973,68351.7816,69207.3672,11105143
2023-11-23,69397.4998,69587.6299,68636.9792,68827.1094,6775614
2023-11-24,68827.1039,69017.2340,68161.6484,68161.6484,6676685
2023-11-27,67971.5208,68541.9111,67591.2605,67781.3906,9113857
2023-11-28,67876.4588,69112.3047,67781.3937,69112.3047,13283081
2023-11-29,68827.1095,69207.3698,68636.9793,69112.3047,9283933
2023-11-30,69112.3021,69207.3672,68636.9768,69207.3672,15783714
2023-12-01,68827.1118,68922.1769,68161.6563,68446.8516,9871284
2023-12-04,69207.3567,69302.4217,68827.0965,69017.2266,10229267
2023-12-05,68732.0359,68827.1010,67686.3203,67686.3203,12129682
2023-12-06,68256.7135,68541.9087,68066.5834,68161.6484,8123087
2023-12-07,68256.7265,68351.7916,67591.2709,67971.5312,8862017
2023-12-08,68541.9013,69207.3567,68351.7712,69017.2266,10859463
2023-12-11,69207.3777,69397.5078,68636.9872,69397.5078,9861960
2023-12-12,69682.6980,69872.8281,69492.5678,69872.8281,13758646
2023-12-13,69682.6925,69872.8226,69207.3672,69207.3672,13116766
2023-12-14,70443.2290,70633.3592,68922.1876,69492.5781,27567593
2023-12-15,70158.0285,70348.1587,69587.6380,69682.7031,15419815
2023-12-18,69682.6978,69777.7629,69207.3724,69302.4375,9690551
2023-12-19,69397.5131,69777.7734,69207.3829,69777.7734,8907632
2023-12-20,70538.2737,71203.7291,70158.0135,71108.6641,16870156
2023-12-21,70918.5522,71298.8125,70633.3569,71298.8125,13478766
2023-12-22,72059.3256,72534.6509,71679.0653,72154.3906,14515608
2023-12-26,72344.5262,72914.9166,71964.2658,72819.8516,13164909
2023-12-27,73260.1694,74501.8672,73069.1390,74501.8672,20651042
2023-12-28,74215.3236,74979.4453,74024.2931,74979.4453,17797536
2024-01-02,74692.9041,76221.1476,74692.9041,76030.1172,17142847
2024-01-03,74979.4470,75265.9927,73546.7188,73546.7188,21753644
2024-01-04,72687.0879,73833.2707,72687.0879,73164.6641,15324439
2024-01-05,73260.1793,73642.2402,72973.6336,73164.6641,11304316
2024-01-08,73546.7088,74024.2849,72973.6176,73069.1328,11088724
2024-01-09,73928.7861,74215.3318,70967.8141,71349.8750,26019249
2024-01-10,71636.4003,71827.4307,69917.1267,70299.1875,20259529
2024-01-11,69630.5950,70299.2015,69439.5645,69917.1406,57691266
2024-01-12,69726.1020,70776.7693,69535.0716,69821.6172,13038939
2024-01-15,69917.1280,70681.2496,69917.1280,70585.7344,2957915
2024-01-16,70203.6759,70394.7063,69248.5239,69344.0391,14760415
2024-01-17,69821.6082,70012.6386,67815.7891,67815.7891,22683660
2024-01-18,68388.9066,68770.9676,67529.2695,68484.4219,17853397
2024-01-19,70203.6923,71349.8750,69726.1161,71349.8750,23363427
2024-01-22,72496.0514,72591.5667,71636.4145,71731.9297,19673375
2024-01-23,72305.0057,72400.5209,70967.7929,71827.4297,14786224
2024-01-24,71827.4324,71827.4324,70203.6740,70681.2500,12860661
2024-01-25,70872.3043,71445.3957,70394.7281,70776.7891,11737747
2024-01-26,70394.7097,71158.8314,70012.6489,70108.1641,11160062
2024-01-29,70490.2445,71827.4578,70203.6988,71063.3359,13976521
2024-01-30,71636.4033,71922.9489,70394.7056,70967.7969,12244418
2024-01-31,70108.1611,70681.2524,69248.5243,69439.5547,15703560
2024-02-01,69726.0963,70872.2787,69630.5811,70299.1875,19881033
2024-02-02,70681.2473,71827.4297,70394.7017,71827.4297,14955881
2024-02-05,70872.2817,71445.3729,70203.6752,70967.7969,19026021
2024-02-06,70967.8207,71349.8816,70012.6683,71063.3359,14559254
2024-02-07,71254.3610,72113.9980,70967.8153,71636.4219,16566445
2024-02-08,71636.4262,71827.4566,70299.2129,70776.7891,20810708
2024-02-13,71445.3689,71827.4297,71063.3081,71827.4297,21966745
2024-02-14,70394.7044,70967.7956,70394.7044,70681.2500,12434945
2024-02-15,70872.2928,71063.3233,69726.1102,69917.1406,14120600
2024-02-16,70012.6542,70108.1694,69248.5325,69535.0781,13444781
2024-02-19,69535.0821,70585.7496,69535.0821,70490.2344,12726404
2024-02-20,70394.7093,70394.7093,69535.0724,70012.6484,14681477
2024-02-21,70108.1624,70394.7080,69630.5864,69726.1016,11503495
2024-02-22,70490.2236,70585.7389,69439.5564,69821.6172,15208934
2024-02-23,70299.1924,70872.2836,69630.5859,69630.5859,16225166
2024-02-26,69057.5020,69917.1390,68961.9868,69535.0781,14669352
2024-02-27,69821.6164,70108.1620,69439.5555,69630.5859,13201981
2024-02-28,69630.5950,70585.7472,69535.0797,69917.1406,11795859
2024-02-29,69344.0424,70108.1641,68770.9511,70108.1641,21176403
2024-03-04,70967.7994,71636.4058,70681.2538,71540.8906,23210474
2024-03-05,71254.3478,71445.3783,70394.7109,70394.7109,19505125
2024-03-06,69917.1316,70203.6772,69439.5555,69630.5859,21547905
2024-03-07,69821.6213,70012.6517,68961.9844,68961.9844,14516963
2024-03-08,69535.0724,70108.1636,69344.0420,70012.6484,19271349
2024-03-11,69630.5917,69821.6221,69057.5004,69153.0156,9740504
2024-03-12,69344.0420,70203.6789,68866.4659,70012.6484,13011654
2024-03-13,70394.7281,70776.7891,70203.6977,70776.7891,15243134
2024-03-14,71063.3121,71158.8273,70299.1904,70967.7969,22545539
2024-03-15,70108.1753,70394.7210,69057.5078,69057.5078,22580555
2024-03-18,69344.0477,69726.1086,69248.5325,69535.0781,11520348
2024-03-19,69057.5020,69726.1086,68484.4107,69535.0781,15376066
2024-03-20,70394.7161,73737.7488,70108.1705,73451.2031,50106297
2024-03-21,75648.0629,75743.5781,74215.3344,75743.5781,44569799
2024-03-22,76030.1065,76316.6521,74310.8327,75361.5000,26724761
2024-03-25,76030.1035,76221.1339,74310.8298,74692.8906,18703996
2024-03-26,76125.6336,76507.6945,75648.0575,76316.6641,30551494
2024-03-27,75648.0571,76412.1789,75648.0571,76221.1484,17424595
2024-03-28,76183.7258,77718.9142,75991.8272,77527.0156,25084812
2024-03-29,77910.8118,79158.1524,77622.9640,79062.2031,27126366
2024-04-01,79829.8055,79925.7548,78678.4141,78678.4141,20116513
2024-04-02,79541.9557,81556.8906,79541.9557,81556.8906,37077944
2024-04-03,80885.2345,81556.8794,80117.6403,80693.3359,30493347
2024-04-04,81748.7851,82036.6329,80885.2416,81844.7344,25248934
2024-04-05,81077.1406,81556.8870,80405.4957,81077.1406,18883752
2024-04-08,81748.7856,82516.3798,81077.1406,81077.1406,18953232
2024-04-09,81077.1293,81460.9264,79733.8396,80213.5859,23725956
2024-04-11,79829.7925,81269.0316,79158.1476,80693.3359,25538009
2024-04-12,81269.0239,81460.9224,79829.7849,80309.5312,17061770
2024-04-15,79541.9417,79829.7895,77910.8042,78870.2969,26663772
2024-04-16,77910.8132,78006.7625,76183.7262,76759.4219,31949845
2024-04-17,77431.0555,77527.0048,75703.9688,75703.9688,22611631
2024-04-18,75608.0308,76855.3714,75128.2844,76375.6250,21370190
2024-04-19,75128.2856,75512.0827,73209.3000,74456.6406,31317563
2024-04-22,74264.7311,74360.6803,72057.8980,73017.3906,30469477
2024-04-23,73305.2308,73689.0278,72441.6875,72441.6875,18717699
2024-04-24,74360.6830,75608.0235,74072.8352,75416.1250,22166150
2024-04-25,74168.7817,74360.6802,73209.2891,73209.2891,15549134
2024-04-26,74648.5358,74744.4850,73401.1952,73593.0938,12755629
2024-04-29,74264.7387,74456.6372,73113.3474,73593.0938,14664474
2024-04-30,73880.9411,75320.1802,73497.1440,74360.6875,19007007
2024-05-02,74456.6326,75416.1253,74168.7848,74840.4297,18900640
2024-05-03,75799.9305,75799.9305,74360.6913,74456.6406,13151889
2024-05-07,76375.6125,78006.7500,76183.7140,78006.7500,26238868
2024-05-08,77527.0037,78102.6993,77239.1559,78006.7500,13089576
2024-05-09,77814.8601,78198.6572,76471.5703,76471.5703,18759935
2024-05-10,77143.2195,77814.8644,75703.9803,75991.8281,16976124
2024-05-13,76183.7192,76663.4656,74456.6324,75224.2266,18652344
2024-05-14,75416.1212,75608.0198,74744.4764,75128.2734,11763992
2024-05-16,76951.3055,77047.2547,74936.3711,75032.3203,20989778
2024-05-17,75416.1256,75608.0241,74072.8358,74264.7344,15918201
2024-05-20,74936.3746,75895.8673,74744.4761,75703.9688,19456783
2024-05-21,75320.1758,75799.9222,75032.3280,75224.2266,13690583
2024-05-22,74936.3752,75512.0708,74168.7811,74552.5781,19521506
2024-05-23,74552.5779,75895.8675,73976.8823,75128.2734,18728087
2024-05-24,73689.0356,73880.9341,72633.5937,72825.4922,27891278
2024-05-27,72249.8151,75032.3445,71002.4743,74072.8516,43825202
2024-05-28,73401.1986,74840.4377,73113.3507,74456.6406,18539072
2024-05-29,74552.5753,75032.3216,72153.8438,72153.8438,30244875
2024-05-30,71770.0594,72153.8565,70522.7188,70522.7188,28551273
2024-05-31,71482.2115,71674.1101,70522.7188,70522.7188,26198776
2024-06-03,71386.2610,73305.2465,71194.3624,72633.6016,15706268
2024-06-04,71865.9998,73017.3910,71865.9998,72249.7969,14098053
2024-06-05,74840.4300,74840.4300,73689.0388,74264.7344,23177968
2024-06-07,75224.2232,75416.1217,73976.8827,74168.7812,21189349
2024-06-10,73017.3987,73497.1450,72537.6523,72633.6016,14598755
2024-06-11,72825.4886,72921.4378,72057.8945,72153.8438,16971175
2024-06-12,72249.7963,73976.8831,72153.8471,73401.1875,19246725
2024-06-13,75224.2265,75799.9221,74648.5309,75416.1250,33763804
2024-06-14,76471.5743,77239.1685,75799.9293,76375.6250,22926612
2024-06-17,75991.8248,76279.6726,74840.4335,74936.3828,16123051
2024-06-18,75512.0814,76951.3205,75416.1321,76567.5234,18207598
2024-06-19,77814.8554,79158.1452,77239.1598,77910.8047,24168863
2024-06-20,78198.6445,78870.2893,77910.7967,78294.5938,20288913
2024-06-21,77431.0668,77527.0161,76759.4219,76759.4219,17907523
2024-06-24,76471.5582,77622.9493,76279.6597,77335.1016,15454227
2024-06-25,77335.1171,78486.5084,76855.3707,77527.0156,19088458
2024-06-26,76855.3589,78102.6993,76663.4603,78006.7500,17783242
2024-06-27,78354.6808,78643.8125,77583.6631,78643.8125,11739720
2024-06-28,78932.9464,78932.9464,77872.7969,78547.4375,9455929
2024-07-01,78547.4464,79125.7098,78354.6920,78836.5781,11317202
2024-07-02,79511.2188,79607.5960,78547.4464,78836.5781,14471904
2024-07-03,79318.4643,79318.4643,78065.5602,78836.5781,11440328
2024-07-04,79896.7200,81631.5100,79414.8339,81535.1328,43857229
2024-07-05,82498.9041,83944.5625,82113.3952,83944.5625,45791193
2024-07-08,84715.5893,85390.2299,83751.8170,84233.7031,24035809
2024-07-09,84619.2109,85004.7199,83751.8158,84619.2109,21336201
2024-07-10,84426.4565,84811.9654,83944.5703,84619.2109,17813847
2024-07-11,85293.8482,85582.9799,83559.0581,84426.4531,24677608
2024-07-12,82788.0413,82980.7957,81053.2511,81342.3828,26344386
2024-07-15,81631.5102,84137.3180,81053.2468,83559.0547,25193080
2024-07-16,83751.8103,84811.9598,83559.0559,84522.8281,16166688
2024-07-17,83944.5636,84811.9586,83269.9230,83559.0547,18186490
2024-07-18,80764.1108,83751.8047,80764.1108,83751.8047,24721790
2024-07-19,82498.9096,82980.7957,81053.2511,81342.3828,18569122
2024-07-22,81342.3669,81824.2530,79607.5771,79993.0859,18987560
2024-07-23,81149.6160,81631.5021,80378.5983,80860.4844,15766389
2024-07-24,79896.7311,80282.2400,78932.9587,79029.3359,16939083
2024-07-25,77487.2734,78065.5367,77198.1418,77487.2734,20323811
2024-07-26,77776.4096,78354.6729,77487.2780,77969.1641,14508334
2024-07-29,78643.8136,79029.3225,78161.9275,78258.3047,12797136
2024-07-30,77487.2836,78065.5469,77101.7747,78065.5469,13169636
2024-07-31,78258.2995,80860.4844,77969.1679,80860.4844,20744323
2024-08-01,82884.3919,82980.7691,80089.4531,80089.4531,20900338
2024-08-02,78065.5546,78451.0635,76619.8962,76716.2734,25800275
2024-08-05,73921.3287,74114.0831,67656.8093,68813.3359,54608790
2024-08-06,72186.5296,72572.0384,69680.7221,69873.4766,47295226
2024-08-07,70355.3762,73246.6930,70162.6217,71993.7891,32710428
2024-08-08,70548.1128,71222.7532,69873.4724,70740.8672,28414729
2024-08-09,72957.5613,73053.9386,71511.9029,71993.7891,16388222
2024-08-12,72475.6652,73150.3057,72090.1564,72764.7969,9839259
2024-08-13,73728.5714,73824.9486,72764.7992,73343.0625,10716261
2024-08-14,74595.9810,74981.4900,74210.4721,74403.2266,13246168
2024-08-16,76523.5057,77294.5234,75848.8653,77294.5234,22061478
2024-08-19,77198.1572,77198.1572,75174.2355,75463.3672,14146565
2024-08-20,76619.8883,76909.0200,75848.8706,76041.6250,10683836
2024-08-21,75077.8583,75752.4989,74981.4811,75463.3672,7805598
2024-08-22,75848.8761,76041.6305,74981.4811,75463.3672,8149101
2024-08-23,74885.0938,75559.7342,74692.3393,74885.0938,9420306
2024-08-26,75270.6068,75366.9841,73246.6853,73343.0625,15655938
2024-08-27,72957.5525,73728.5702,72861.1753,73053.9297,11130145
2024-08-28,73053.9320,73632.1953,72668.4231,73632.1953,9794514
2024-08-29,70933.6240,71993.7733,70837.2468,71319.1328,16884479
2024-08-30,71704.6507,72282.9140,71415.5190,71608.2734,16358520
2024-09-02,71801.0335,71993.7879,70837.2612,71704.6562,12641376
2024-09-03,71415.5119,71608.2663,69873.4766,69873.4766,16314599
2024-09-04,67271.2847,68524.1882,67271.2847,67464.0391,27366563
2024-09-05,67560.4227,68620.5720,66500.2734,66500.2734,25686769
2024-09-06,66596.6607,67174.9240,65536.5112,66403.9062,19022299
2024-09-09,64476.3655,65729.2695,64187.2339,65054.6289,23263298
2024-09-10,64572.7444,64861.8761,63608.9721,63801.7266,30651376
2024-09-11,62741.5748,63127.0837,61874.1797,62548.8203,35809707
2024-09-12,63608.9699,64187.2332,62837.9521,63898.1016,35884106
2024-09-13,62645.1970,63127.0831,61970.5564,62066.9336,25045135
2024-09-19,61681.4184,62066.9272,59946.6285,60814.0234,49402713
2024-09-20,61488.6662,62356.0612,60717.6484,60717.6484,32746056
2024-09-23,60043.0051,61199.5317,59946.6279,60332.1367,28542376
2024-09-24,60524.8935,61103.1568,60139.3846,60910.4023,26957500
2024-09-25,61488.6684,61874.1773,59946.6328,59946.6328,28652438
2024-09-26,61585.0524,62548.8248,61392.2980,62356.0703,37566015
2024-09-27,62705.9337,63384.3595,62221.3438,62221.3438,28433030
2024-09-30,62221.3441,62318.2621,59604.5586,59604.5586,32694163
2024-10-02,58635.3788,59992.2305,58053.8709,59410.7227,28473536
2024-10-04,59119.9727,59798.3987,58635.3828,58732.3008,24247578
2024-10-07,58344.6288,59992.2345,57666.2028,59119.9727,35066533
2024-10-08,58150.7929,59119.9728,58053.8749,58441.5469,27411786
2024-10-10,58247.7072,58344.6252,57084.6914,57084.6914,45262214
2024-10-11,57278.5273,58247.7071,57181.6093,57472.3633,29623969
2024-10-14,57666.1992,59313.8049,57569.2813,57472.3633,20886249
2024-10-15,59216.8906,59507.6446,58247.7108,59119.9727,22715239
2024-10-16,57569.2812,58150.7891,57375.4453,57666.1992,23303268
2024-10-17,57569.2851,58247.7110,57278.5311,57860.0391,23372873
2024-10-18,58053.8712,58247.7072,57278.5273,57375.4453,14420260
2024-10-21,57181.6094,57763.1173,56697.0195,57181.6094,18514905
2024-10-22,56987.7776,57084.6956,55921.6797,55921.6797,27582527
2024-10-23,55727.8434,58150.7931,55340.1715,57278.5312,27300780
2024-10-24,56406.2658,56697.0198,54855.5781,54855.5781,31499922
2024-10-25,54274.0703,55146.3322,54080.2344,54177.1523,25829315
2024-10-28,53983.3161,56697.0196,53983.3161,56309.3477,27775009
2024-10-29,56212.4295,57763.1172,55534.0036,57763.1172,28369314
2024-10-30,57278.5312,57956.9572,56793.9413,57278.5312,19838511
2024-10-31,56697.0194,59313.8050,56503.1835,57375.4453,35809196
2024-11-01,57181.6095,57763.1174,56309.3476,56503.1836,19083180
2024-11-04,56793.9336,57569.2774,56600.0976,56890.8516,15586947
2024-11-05,56018.5977,56309.3517,55437.0898,55824.7617,17484474
2024-11-06,55824.7539,56212.4258,54564.8202,55534.0000,22092218
2024-11-07,55146.3281,56309.3438,55049.4101,55534.0000,17043102
2024-11-08,56212.4258,56503.1798,55243.2461,55243.2461,13877396
2024-11-11,54952.5004,55049.4184,53304.8945,53304.8945,29811326
2024-11-12,52917.2230,52917.2230,51366.5352,51366.5352,37962881
2024-11-13,50397.3518,51366.5316,48943.5820,49040.5000,52527995
2024-11-14,48652.8321,50203.5200,48362.0781,48362.0781,48510715
2024-11-15,48749.7456,52529.5470,48749.7456,51851.1211,46774485
2024-11-18,55243.2500,55727.8400,54177.1522,54952.4961,48095234
2024-11-19,54758.6602,55727.8400,54177.1523,54564.8242,31539632
2024-11-20,54370.9924,54758.6643,53111.0585,53595.6484,20864667
2024-11-21,53207.9763,55146.3360,53014.1403,54661.7461,19096850
2024-11-22,54274.0664,54952.4922,54177.1484,54274.0664,15281543
2024-11-25,55630.9257,56115.5156,54952.4998,56115.5156,36237325
2024-11-26,56115.5117,57084.6915,55727.8397,56503.1836,23209405
2024-11-27,55921.6760,56018.5940,54274.0703,54564.8242,21808387
2024-11-28,54274.0704,54661.7423,53498.7265,53789.4805,20001134
2024-11-29,53401.8087,53595.6447,52141.8749,52529.5469,24513531
2024-12-02,52626.4649,52723.3829,51463.4491,51948.0391,22044867
2024-12-03,51463.4491,52723.3829,51463.4491,51948.0391,23374603
2024-12-04,50397.3514,51754.2032,50397.3514,51463.4492,29004766
2024-12-05,51560.3671,52723.3829,51560.3671,52044.9570,23588277
2024-12-06,52238.7929,52723.3829,51075.7771,52432.6289,22861874
2024-12-09,51851.1172,52917.2149,51560.3633,51754.1992,26227680
2024-12-10,52820.3048,52820.3048,52044.9609,52335.7148,20783970
2024-12-11,51948.0429,52529.5508,51754.2069,52335.7148,14565947
2024-12-12,52335.7107,54758.6602,52238.7927,54177.1523,33476698
2024-12-13,54080.2343,54564.8242,53789.4804,54370.9883,15908823
2024-12-16,54564.8243,54855.5783,53498.7265,53886.3984,15277277
2024-12-17,53014.1368,53498.7267,52335.7109,52529.5469,20215230
2024-12-18,52432.6249,53692.5586,52335.7070,53207.9688,13698937
2024-12-19,51851.1212,52141.8751,51463.4492,51463.4492,22481925
2024-12-20,51075.7812,51463.4531,50300.4373,51366.5352,24674774
2024-12-23,51754.2031,52335.7110,51657.2851,51851.1211,13672650
2024-12-24,52044.9569,52820.3008,51948.0389,52723.3828,11634677
2024-12-26,52820.3009,52917.2189,51851.1211,51948.0391,10517075
2024-12-27,52204.6744,52790.1474,51911.9379,52399.8320,10747196
2024-12-30,52009.5124,52692.5642,51814.3548,51911.9336,12624702
2025-01-02,51424.0420,52302.2514,51033.7267,52107.0938,16630538
2025-01-03,51521.6253,53765.9386,51521.6253,53082.8867,19318046
2025-01-06,53082.8801,54839.2990,52985.3013,54546.5625,19034284
2025-01-07,55424.7715,55912.6656,54058.6680,54058.6680,17030235
2025-01-08,53473.1936,56107.8217,53375.6147,55912.6641,26593553
2025-01-09,56205.4011,56302.9799,54741.7188,54741.7188,24490592
2025-01-10,54741.7204,55132.0357,53863.5110,53961.0898,16059223
2025-01-13,53278.0426,53668.3579,52790.1484,52790.1484,16868600
2025-01-14,52887.7248,53278.0401,52399.8306,52594.9883,17465926
2025-01-15,52790.1474,53375.6203,52204.6744,52399.8320,18625025
2025-01-16,52887.7220,53668.3525,52790.1431,52985.3008,18627298
2025-01-17,52497.4109,52790.1474,51911.9379,52399.8320,18805344
2025-01-20,52302.2514,52594.9879,52009.5149,52107.0938,11822531
2025-01-21,52399.8295,52985.3025,52009.5142,52204.6719,13535702
2025-01-22,52107.0914,53082.8796,51814.3549,52985.3008,18341991
2025-01-23,52399.8320,52790.1474,52204.6744,52399.8320,15588067
2025-01-24,52302.2532,52497.4109,51911.9379,52399.8320,11867631
2025-01-31,50936.1431,51716.7737,50448.2491,51131.3008,42186279
2025-02-03,49862.7780,50155.5145,49570.0416,49765.1992,32344897
2025-02-04,50350.6720,52302.2485,50253.0932,51424.0391,27214851
2025-02-05,52302.2470,52497.4047,51521.6165,51619.1953,15974885
2025-02-06,52107.0973,52692.5703,51911.9396,52692.5703,16466025
2025-02-07,52594.9897,52887.7262,52302.2532,52399.8320,14476866
2025-02-10,51716.7786,54546.5646,51619.1998,54253.8281,27577591
2025-02-11,54156.2486,54936.8792,53668.3545,54351.4062,24596196
2025-02-12,53765.9365,54546.5671,53180.4635,54448.9883,26428596
2025-02-13,54741.7248,55034.4613,54253.8306,54448.9883,22448377
2025-02-14,54644.1367,55912.6613,54644.1367,54644.1367,23979779
2025-02-17,54741.7155,55132.0308,54351.4003,54644.1367,11916027
2025-02-18,54839.3036,55815.0920,54546.5671,55522.3555,22131007
2025-02-19,56010.2410,57473.9233,55912.6622,57278.7656,25395151
2025-02-20,57669.0869,57669.0869,56693.2987,56986.0352,21589059
2025-02-21,56986.0326,57083.6115,55717.5079,56790.8750,22198428
2025-02-24,55912.6641,56302.9793,55815.0852,55912.6641,14138471
2025-02-25,55229.6207,56400.5668,55132.0419,55815.0938,14625181
2025-02-26,55619.9325,55717.5113,54741.7230,55229.6172,18117091
2025-02-27,55132.0366,55717.5095,54839.3001,54936.8789,14975356
2025-02-28,54058.6704,54351.4069,53180.4609,53180.4609,28036698
2025-03-04,52594.9880,53668.3551,52497.4091,53180.4609,18553933
2025-03-05,53765.9375,54058.6740,52692.5703,52692.5703,16578817
2025-03-06,52790.1431,53180.4584,52692.5643,52985.3008,12258101
2025-03-07,52204.6744,52887.7262,52107.0955,52399.8320,14274992
2025-03-10,52204.6744,53473.1992,52204.6744,52399.8320,12921670
2025-03-11,51228.8829,52790.1441,51228.8829,52302.2500,17740891
2025-03-12,52497.4064,53961.0887,52302.2487,53570.7734,17973221
2025-03-13,54448.9843,54546.5631,52887.7231,53375.6172,24132151
2025-03-14,53180.4595,53765.9325,53082.8807,53375.6172,10845154
2025-03-17,54156.2470,56400.5600,54058.6682,56205.4023,35559021
2025-03-18,57376.3482,57571.5059,55912.6659,56205.4023,28138594
2025-03-19,56010.2462,57766.6651,56010.2462,57083.6133,29421759
2025-03-20,57766.6687,58840.0359,57083.6169,58742.4570,34989004
2025-03-21,59425.5061,60206.1367,58937.6120,60206.1367,40155612
2025-03-24,59718.2393,60108.5545,59035.1875,59035.1875,14088094
2025-03-25,59425.5038,59620.6614,58059.4002,58352.1367,17259455
2025-03-26,58352.1410,59913.4023,58254.5622,59913.4023,16431645
2025-03-27,59425.5016,60498.8686,59327.9227,60303.7109,20389790
2025-03-28,59582.2499,59974.8841,58895.1399,59091.4570,16282514
2025-03-31,58404.3480,58600.6651,56735.6523,56735.6523,17633494
2025-04-01,57619.0797,58502.5068,56833.8112,57717.2383,13841706
2025-04-02,57717.2383,58306.1897,57226.4454,57717.2383,14402297
2025-04-03,55852.2221,56735.6492,55852.2221,56539.3320,19508076
2025-04-04,55165.1156,57128.2870,54674.3228,55066.9570,23527139
2025-04-07,52318.5179,53103.7865,52122.2008,52220.3594,31998883
2025-04-08,53987.2105,54281.6862,52318.5149,52514.8320,25532845
2025-04-09,52318.5187,53300.1044,51925.8844,52024.0430,20576960
2025-04-10,55557.7507,55655.9093,53987.2136,55361.4336,22948172
2025-04-11,54576.1616,54674.3202,53790.8931,54183.5273,13930480
2025-04-14,55263.2718,55655.9061,54772.4790,55165.1133,12852613
2025-04-15,55263.2743,56048.5428,55165.1157,55557.7500,8998640
2025-04-16,54968.7997,55165.1168,53496.4211,53692.7383,14437025
2025-04-17,53692.7368,54281.6882,53496.4197,54085.3711,10867069
2025-04-18,54281.6875,54576.1632,53889.0532,54281.6875,5848342
2025-04-21,54183.5305,54968.7991,54085.3719,54379.8477,5941847
2025-04-22,53889.0485,54477.9998,53692.7314,53987.2070,9532469
2025-04-23,54968.7999,55066.9585,54478.0071,54674.3242,11148692
2025-04-24,54576.1656,54772.4828,54183.5314,54674.3242,10580377
2025-04-25,55361.4342,55361.4342,54576.1656,54674.3242,12183303
2025-04-28,54772.4844,54870.6429,54478.0087,54772.4844,9341518
2025-04-29,54674.3258,55459.5944,54576.1672,54772.4844,10295518
2025-04-30,54870.6421,54968.8007,54281.6907,54478.0078,13014189
2025-05-02,53987.2076,54478.0004,53201.9391,53300.0977,22454204
2025-05-07,53496.4157,53987.2085,53300.0985,53594.5742,17136991
2025-05-08,54085.3670,54478.0013,53496.4157,53594.5742,16320532
2025-05-09,53692.7360,53987.2117,53398.2603,53790.8945,7814322
2025-05-12,54183.5265,56539.3320,53987.2094,56539.3320,15414702
2025-05-13,56637.4912,57128.2840,55754.0641,55852.2227,16842801
2025-05-14,56441.1742,56833.8084,55950.3814,56343.0156,12468089
2025-05-15,56343.0179,57520.9208,56048.5422,56244.8594,13139736
2025-05-16,56343.0218,56441.1803,55655.9117,55754.0703,10385352
2025-05-19,55361.4358,55361.4358,54478.0087,54772.4844,9802105
2025-05-20,55165.1124,55655.9052,54674.3196,54870.6367,9080577
2025-05-21,55165.1171,55557.7514,54674.3242,54674.3242,7794181
2025-05-22,54281.6897,54478.0068,53496.4211,53692.7383,15254278
2025-05-23,53987.2139,54183.5310,53103.7867,53201.9453,11247115
2025-05-26,52907.4697,53987.2140,52711.1526,53692.7383,10901337
2025-05-27,53201.9445,53496.4202,52809.3102,52907.4688,13439520
2025-05-28,53300.0997,55066.9538,53201.9411,54870.6367,17516283
2025-05-29,55165.1156,55361.4327,54576.1642,55066.9570,12936810
2025-05-30,55165.1133,56146.6989,54772.4790,55165.1133,26219683
2025-06-02,55263.2774,56244.8632,55165.1189,55754.0703,12870515
2025-06-04,56146.7009,56833.8109,55754.0667,56735.6523,19649983
2025-06-05,57030.1253,58796.9794,56833.8082,58011.7109,23266027
2025-06-09,59287.7756,59287.7756,58404.3485,58698.8242,19609659
2025-06-10,58895.1436,58993.3022,57717.2407,58109.8750,15305760
2025-06-11,58404.3501,58993.3015,58306.1915,58796.9844,13610734
2025-06-12,58600.6648,58895.1405,58208.0305,58404.3477,17755115
2025-06-13,59091.4581,59091.4581,56637.4939,57226.4453,20705979
2025-06-16,56931.9717,57030.1303,55852.2274,56146.7031,22200872
2025-06-17,56735.6532,58698.8246,56343.0189,57030.1289,28637003
2025-06-18,56931.9700,58698.8242,56833.8114,58698.8242,17620705
2025-06-19,59385.9364,59484.0950,57913.5579,58109.8750,16876278
2025-06-20,58306.1891,58698.8234,58011.7134,58404.3477,18072251
2025-06-23,57324.6030,57422.7616,56539.3345,56931.9688,16551694
2025-06-24,58306.1855,59484.0882,58208.0269,59385.9297,23737899
2025-06-25,60367.5163,60465.6749,59189.6136,60171.1992,23933612
2025-06-26,60171.2013,60171.2013,58796.9813,59091.4570,19402300
2025-06-27,59355.1481,60836.5578,59256.3875,60046.4727,17340470
2025-06-30,60441.5163,60441.5163,59058.8672,59058.8672,17110294
2025-07-01,59651.4315,60342.7560,59453.9102,59453.9102,13650991
2025-07-02,59453.9088,60145.2333,59058.8662,60046.4727,15047951
2025-07-03,60540.2768,63009.2930,60342.7555,63009.2930,32040639
2025-07-04,63898.1413,63898.1413,62219.2102,62515.4922,23748959
2025-07-07,62120.4481,62515.4907,60935.3203,60935.3203,17164708
2025-07-08,60836.5604,61626.6456,60243.9965,60639.0391,20213724
2025-07-09,60639.0401,60639.0401,59453.9123,59651.4336,17533415
2025-07-10,59848.9535,60441.5174,59651.4322,60243.9961,14768473
2025-07-11,60540.2795,62021.6893,60441.5188,61824.1680,19140650
2025-07-14,61527.8811,61824.1630,61034.0778,61725.4023,13563846
2025-07-15,61527.8860,63009.2958,61231.6041,62910.5352,18442202
2025-07-16,62910.5380,63898.1445,62317.9740,63898.1445,23042660
2025-07-17,65083.2741,65972.1200,63601.8642,65873.3594,39448683
2025-07-18,66169.6300,66959.7151,65478.3055,66268.3906,23951531
2025-07-21,66564.6762,67947.3252,66367.1549,66959.7188,17723148
2025-07-22,67256.0050,67651.0476,64786.9886,65182.0312,20829006
2025-07-23,65379.5490,65675.8310,64095.6606,65577.0703,15687058
2025-07-24,65675.8345,65972.1165,65083.2706,65182.0312,12660193
2025-07-25,64885.7521,65478.3161,64688.2308,65083.2734,8080910
2025-07-28,67354.7581,69527.4922,66367.1516,69527.4922,35332500
2025-07-29,69922.5369,69922.5369,67947.3240,69725.0156,28190940
2025-07-30,70120.0563,72786.5936,69725.0137,71700.2266,34761444
2025-07-31,72095.2799,73082.8865,70120.0667,70515.1094,26568072
2025-08-01,69329.9744,71107.6660,67947.3253,68046.0859,24038534
2025-08-04,68638.6506,69329.9751,67848.5654,68836.1719,14780072
2025-08-05,70120.0545,70613.8577,68836.1662,69033.6875,14392903
2025-08-06,68342.3707,68539.8920,67453.5249,67947.3281,12542415
2025-08-07,69922.5398,70120.0611,68836.1726,69626.2578,15008213
2025-08-08,70120.0632,71502.7124,69823.7813,70910.1484,22241128
2025-08-11,71107.6611,71206.4217,69922.5334,70120.0547,11354253
2025-08-12,70218.8203,71502.7087,70218.8203,70218.8203,15797656
2025-08-13,71008.9062,71206.4275,70515.1030,71008.9062,12305742
2025-08-14,71008.9148,71008.9148,70317.5902,70712.6328,11946122
2025-08-18,70218.8123,70317.5729,69132.4453,69132.4453,13595591
2025-08-19,69527.4879,69823.7698,68836.1634,69132.4453,10533082
2025-08-20,69231.2152,69823.7791,68539.8907,69626.2578,17445516
2025-08-21,70613.8614,71008.9040,69725.0156,69725.0156,18843833
2025-08-22,70811.3913,70910.1520,69922.5454,70515.1094,9277432
2025-08-25,70811.3885,70910.1491,70120.0639,70613.8672,10345178
2025-08-26,69922.5376,70218.8195,69428.7344,69428.7344,14712519
2025-08-27,69231.2124,70021.2976,68934.9305,69725.0156,10523405
2025-08-28,69231.2173,69527.4993,68737.4141,68737.4141,11578024
2025-08-29,69231.2145,69626.2571,68836.1719,68836.1719,11682267
2025-09-01,67552.2805,67749.8018,66663.4347,66762.1953,12002343
2025-09-02,66959.7209,68638.6520,66959.7209,68243.6094,10604028
2025-09-03,68342.3658,68934.9297,67947.3232,68934.9297,10283009
2025-09-04,68638.6471,69231.2109,68441.1258,69231.2109,12284414
2025-09-05,69428.7415,69527.5022,68638.6562,68638.6562,11526724
2025-09-08,68934.9290,69626.2535,68737.4077,69231.2109,9263135
2025-09-09,69231.2180,70613.8672,69132.4574,70613.8672,14870245
2025-09-10,70910.1414,71897.7478,70712.6201,71700.2266,21928565
2025-09-11,72292.7912,72687.8338,71206.4241,72490.3125,20793501
2025-09-12,73675.4383,74663.0447,73280.3957,74465.5234,28219678
2025-09-15,76243.2230,76638.2656,74959.3345,75551.8984,19908805
2025-09-16,75946.9370,78514.7138,75749.4157,78415.9531,28218265
2025-09-17,78119.6661,78119.6661,76144.4533,77230.8203,20856317
2025-09-18,78119.6615,79502.3103,77625.8583,79304.7891,25619035
2025-09-22,80489.9277,82958.9439,80094.8851,82465.1406,27529656
2025-09-23,84736.6406,84835.4013,82563.9062,83650.2734,23610263
2025-09-24,83156.4660,84440.3544,82662.6627,84341.5938,18300997
2025-09-25,83353.9831,85131.6747,83057.7012,85032.9141,19665151
2025-09-26,83946.5482,84242.8301,81378.7714,82267.6172,24071193
2025-09-29,82634.6651,84321.0868,82535.4638,83527.4766,13069094
2025-09-30,83924.2840,84221.8878,82733.8686,83229.8750,16319061
2025-10-01,84221.8875,85511.5041,84023.4849,85313.1016,22039361
2025-10-02,88586.7427,89578.7555,87991.5350,89033.1484,49883028
2025-10-10,93249.2027,93745.2091,91959.5861,93646.0078,35269748
2025-10-13,90570.7712,92653.9982,89975.5635,92554.7969,23883308
2025-10-14,94538.8225,95233.2314,89479.5570,90868.3750,35545235
2025-10-15,91562.7841,94538.8226,91364.3815,94241.2188,21050111
2025-10-16,94538.8254,96919.6562,94241.2215,96919.6562,28141060
2025-10-17,96423.6457,98308.4701,95927.6393,97118.0547,22730809
2025-10-20,97118.0506,97514.8557,95233.2263,97316.4531,17589756
2025-10-21,97713.2549,99102.0728,96522.8396,96721.2422,22803830
2025-10-22,96324.4418,97812.4609,94737.2213,97812.4609,15937611
2025-10-23,96026.8460,97713.2679,95530.8396,95729.2422,18488581
2025-10-24,97118.0556,98209.2698,96919.6531,98010.8672,18801925
2025-10-27,100490.8957,101185.3047,99796.4868,101185.3047,22169970
2025-10-28,100094.0914,100193.2926,98308.4683,98705.2734,20002282
2025-10-29,99399.6852,100193.2955,98308.4711,99697.2891,20899788
2025-10-30,101582.1095,104954.9530,101185.3044,103268.5312,34570017
2025-10-31,104161.3430,107732.5891,102474.9213,106641.3750,54824564
2025-11-03,106046.1711,110609.4301,105649.3660,110212.6250,30110066
2025-11-04,110907.0288,111502.2365,104062.1406,104062.1406,30450281
2025-11-05,100193.2973,101185.3102,95927.6421,99796.4922,44843020
2025-11-06,102871.7296,102970.9309,98010.8667,98407.6719,28655689
2025-11-07,95630.0355,99498.8854,95530.8342,97118.0547,22908083
2025-11-10,97812.4665,100193.2973,97118.0575,99796.4922,23842327
2025-11-11,102871.7307,105153.3602,101185.3089,102673.3281,27742542
2025-11-12,102177.3222,103070.1337,100788.5042,102276.5234,19413497
2025-11-13,101681.3180,103367.7399,101482.9154,101978.9219,20838741
2025-11-14,98209.2716,98804.4793,96423.6484,96423.6484,21806342
2025-11-17,99002.8819,100193.2973,98705.2781,99796.4922,17192584
2025-11-18,99002.8772,100094.0912,96721.2477,97018.8516,18684068
2025-11-19,96324.4499,96721.2551,93844.4177,95729.2422,18993346
2025-11-20,100094.0960,102078.1217,98705.2781,99796.4922,25360435
2025-11-21,94836.4306,96026.8461,93745.2165,94042.8203,23103574
2025-11-24,97018.8547,98209.2701,95431.6342,95927.6406,29831172
2025-11-25,100590.0940,100590.0940,97018.8480,98506.8672,16110054
2025-11-26,99697.2923,102078.1232,98506.8769,101978.9219,21314975
2025-11-27,103268.5358,104657.3538,101879.7179,102673.3281,16453004
2025-11-28,102970.9314,102970.9314,99697.2891,99697.2891,15292277
2025-12-01,101185.3060,101978.9162,99102.0791,99994.8906,10905526
2025-12-02,100391.6968,102673.3263,100193.2942,102574.1250,13649487
2025-12-03,103863.7463,104657.3566,103169.3373,103665.3438,14697927
2025-12-04,103070.1238,104260.5391,102375.7149,104260.5391,11931145
2025-12-05,104458.9478,107534.1875,103764.5389,107534.1875,19755571
2025-12-08,108823.8010,109121.4048,107137.3793,108625.3984,15527762
2025-12-09,108030.1939,108526.2003,106442.9734,107534.1875,13671800
2025-12-10,107434.9788,108922.9979,106542.1674,107137.3750,12365092
2025-12-11,108327.7930,109617.4096,106442.9688,106442.9688,22994507
2025-12-12,106244.5722,108030.1953,105946.9684,108030.1953,14210314
2025-12-15,104458.9517,104954.9581,103764.5427,103962.9453,20594654
2025-12-16,104062.1489,104756.5579,101879.7206,101978.9219,18852079
2025-12-17,102673.3234,107236.5822,102574.1221,107038.1797,22297611
2025-12-18,105550.1628,107335.7858,104855.7538,106740.5781,20445631
2025-12-19,108823.8045,108823.8045,105351.7597,105450.9609,25917098
2025-12-22,108823.8038,109617.4141,108426.9987,109617.4141,24859171
2025-12-23,110014.2220,111601.4425,109518.2156,110609.4297,20419187
2025-12-24,111502.2417,111502.2417,110014.2224,110212.6250,12492939
2025-12-26,111502.2410,116065.5000,111502.2410,116065.5000,34018174
2025-12-29,119022.1134,119321.1639,117825.9112,119121.7969,19676004
2025-12-30,118723.0632,120816.4169,118324.3291,119520.5312,19746349
2026-01-02,119819.5810,128093.3125,119819.5810,128093.3125,30463279
2026-01-05,134174.0144,138161.3551,133177.1792,137662.9375,42863376
2026-01-06,134871.7844,138859.1247,132280.0132,138460.3906,45321341
2026-01-07,143045.8378,143942.9894,137164.5106,140553.7500,46317413
2026-01-08,137862.3012,144042.6791,137862.3012,138360.7188,41449329
2026-01-09,135569.5728,140254.6978,134772.1048,138560.0781,29520566
2026-01-12,140553.7561,141550.5912,136466.7320,138360.7188,26271134
2026-01-13,139357.5529,139756.2870,136466.7310,137164.5156,22384699
2026-01-14,136566.4128,139855.9688,136367.0458,139855.9688,18444394
2026-01-15,138560.0859,143544.2616,137862.3013,143444.5781,24701126
2026-01-16,144840.1436,149026.8511,143843.3084,148428.7500,30000219
2026-01-19,146734.1306,150123.3700,146136.0295,148827.4844,22762497
2026-01-20,148030.0249,148827.4930,143444.5830,144740.4688,24059218
2026-01-21,141450.9120,149325.9099,141351.2285,149026.8594,31703610
2026-01-22,154509.4391,156503.1093,150322.7317,151817.9844,32073624
2026-01-23,154210.3805,155506.2660,149624.9393,151618.6094,25407497
2026-01-26,154409.7475,155905.0000,151020.5084,151618.6094,20561689
2026-01-27,150023.6870,158995.2031,148727.8013,158995.2031,29423670
2026-01-28,162085.3826,162783.1672,159692.9785,161886.0156,29456431
2026-01-29,165673.9995,166072.7335,156602.7998,160191.4062,36087223
2026-01-30,159593.2972,165973.0418,159593.2972,159992.0312,40557267
2026-02-02,155207.2261,159094.8830,149924.0000,149924.0000,39748369
2026-02-03,157400.2730,166969.8906,156702.4884,166969.8906,36529813
2026-02-04,162982.5511,168863.8787,162583.8171,168564.8281,29943042
2026-02-05,161487.2987,163480.9691,157998.3756,158795.8438,38435228
2026-02-06,153612.2889,159792.6665,151120.2012,158098.0469,36358081
2026-02-09,168066.3966,168166.0801,164477.7902,165873.3594,25098971
2026-02-10,166870.2018,167567.9864,164976.2151,165275.2656,19369566
2026-02-11,163480.9639,168066.4056,161487.2937,167268.9375,22760242
2026-02-12,170658.1702,179031.5851,169561.6516,178034.7500,41296011
2026-02-13,178931.9115,183816.4038,178333.8104,180626.5312,34454192
2026-02-19,187405.0016,190295.8235,186507.8500,189398.6719,27049388
2026-02-20,189398.6759,189697.7264,188003.1067,189498.3594,24213880
2026-02-23,193784.7567,196974.6293,189897.0996,192389.1875,26364684
2026-02-24,192389.1701,199367.0156,191392.3350,199367.0156,28060617
2026-02-25,201859.1180,205348.0410,200363.8652,202855.9531,26987996
2026-02-26,205846.4435,218306.8820,205348.0259,217310.0469,30095763
2026-02-27,209335.3688,222294.2250,209335.3688,215814.7969,51774768
2026-03-03,208836.9569,211827.4623,194482.5312,194482.5312,54879010
2026-03-04,183617.0209,195279.9913,171355.9495,171655.0000,89427954
2026-03-05,194382.8488,199067.9739,187504.6864,190993.6094,53959129
2026-03-06,185511.0057,189099.6120,180427.1469,187604.3594,29522650
2026-03-09,172950.9062,174944.5766,166770.5280,172950.9062,43066020
2026-03-10,187006.2620,190893.9188,183716.7062,187305.3125,33530170
2026-03-11,192389.1772,194183.4804,187105.9511,189398.6719,24311356
2026-03-12,186009.4269,189398.6662,185311.6423,187305.3125,20440753
2026-03-13,179430.3270,185610.7049,179330.6435,182919.2500,19566331
2026-03-16,184015.7574,188401.8318,183018.9223,188102.7812,19747901
2026-03-17,197373.3521,197373.3521,192488.8600,193286.3281,20300082
2026-03-18,199865.4439,208338.5426,199067.9758,207840.1250,25148481
2026-03-19,199267.3364,204351.1954,198968.2859,199865.4375,19884483
2026-03-20,201360.6932,201859.1107,198370.1878,198768.9219,35279762
2026-03-23,189897.0823,190594.8669,185710.3750,185710.3750,30268173
2026-03-24,194881.2688,195379.6863,184912.9174,189099.6250,25458914
2026-03-25,193086.9690,195778.4239,188401.8438,188401.8438,22995904
2026-03-26,184912.9095,185311.6435,178333.7979,179530.0000,32074131
2026-03-27,171555.3193,181124.9361,171455.6358,179530.0000,29138966
2026-03-30,170811.6199,176455.3957,170412.0606,176105.7812,22269147
2026-03-31,169812.7280,174507.5505,166816.0328,167015.8125,38659593
2026-04-01,178802.8104,190589.8113,177803.9120,189441.0781,32390251
2026-04-02,192387.8256,193386.7239,174807.2143,178203.4688,38615231
2026-04-03,183997.0783,186993.7734,182498.7307,185994.8750,20194447
2026-04-06,190689.7048,194385.6289,189890.5860,192887.2812,20635958
2026-04-07,201777.4723,202276.9215,192188.0479,196283.5312,30848053
2026-04-08,213764.2537,214263.7029,207271.4142,210268.1094,35890973
2026-04-09,206771.9607,207271.4099,201777.4689,203775.2656,42320839
2026-04-10,208270.3084,210767.5543,205273.6133,205773.0625,18244459
2026-04-13,197981.6626,202776.3749,197981.6626,200778.5781,19603415
2026-04-14,207770.8632,209768.6600,205273.6172,206272.5156,23672078
2026-04-15,214763.1561,215262.6053,209768.6641,210767.5625,24092884
2026-04-16,211766.4649,217759.8555,210268.1173,217260.4062,21499788
2026-04-17,216760.9452,217759.8436,214763.1485,215762.0469,18079322
2026-04-20,214263.7031,218758.7458,212765.3556,214263.7031,17107741
2026-04-21,217759.8516,219757.6484,215762.0548,218758.7500,16752132
2026-04-22,218259.3047,222254.8983,215262.6094,217260.4062,16823480
2026-04-23,222754.3399,229247.1794,215762.0512,224252.6875,34525485
2026-04-24,223753.2460,224752.1444,216261.5079,219258.2031,19626666
2026-04-27,219757.6448,225751.0351,218259.2972,224252.6875,22870374
2026-04-28,223753.2342,225751.0310,221255.9883,221755.4375,18444490
2026-04-29,219258.1919,227748.8280,218259.2935,225751.0312,20363756
2026-04-30,228747.7300,229746.6284,220257.0938,220257.0938,22161975
2026-05-04,227748.8323,232243.8750,223753.2387,232243.8750,32920816
2026-05-06,253720.1882,269702.5623,250723.4931,265706.9688,53097996
2026-05-07,271700.3554,276694.8473,259713.5750,271200.9062,41404687
2026-05-08,259713.5824,269702.5663,259713.5824,268204.2188,25875880
2026-05-11,284186.6016,288182.1953,279691.5587,285185.5000,36031094
2026-05-12,289680.5388,291178.8864,265706.9769,278692.6562,41211149
2026-05-13,263709.1875,285185.5039,261711.3906,283687.1562,35540134
2026-05-14,281689.3594,299170.0820,281689.3594,295673.9375,39314752
2026-05-15,290679.4159,296173.3567,265706.9575,270202.0000,38075487
2026-05-18,269203.1064,288182.1752,261711.3688,280690.4375,33555214
2026-05-19,273698.1525,281189.8902,265706.9655,275196.5000,30767569
2026-05-20,277693.7656,282188.8086,263209.7383,275695.9688,35662077
2026-05-21,290679.4263,299170.0625,286683.8328,299170.0625,36168689
2026-05-22,299669.5192,300168.9684,291678.3321,292177.7812,18395274
2026-05-26,297671.7266,301667.3202,297172.2774,298670.6250,23441371
2026-05-27,321145.8395,322644.1871,305662.9141,306661.8125,33916688
2026-05-28,304664.0035,306162.3511,287183.2820,299170.0625,30195334
2026-05-29,309159.0435,318648.5780,305163.4501,316650.7812,37241537
2026-06-01,319148.0293,354109.4723,319148.0293,348615.5312,45052488
2026-06-02,360102.8750,369592.4098,341623.2545,360102.8750,44720282
2026-06-04,348615.5353,365596.8078,347616.6369,351112.7812,34771037
2026-06-05,333132.6051,342622.1396,324641.9690,328637.5625,33725012
2026-06-08,292677.2228,315152.4362,292177.7736,295174.4688,38929682
2026-06-09,309658.5006,323643.0780,299669.5167,321645.2812,30124249
2026-06-10,310657.3860,314153.5302,294924.7370,302166.7500,1191
2026-06-11,290179.9885,306162.3631,287183.2933,298670.6250,31420307
2026-06-12,325640.8630,338626.5416,319647.4729,322144.7188,31006148
2026-06-15,342122.6910,344120.4878,333632.0549,336628.7500,21500067
2026-06-16,342622.1562,345119.4023,332133.7229,342622.1562,17548685
2026-06-17,331634.2551,347616.6288,331134.8059,346118.2812,18134051
2026-06-18,344619.9349,362600.1054,344120.4857,362100.6562,32764450
2026-06-19,372089.6515,374087.4483,345868.5687,353610.0312,43284898
2026-06-22,342622.1603,362600.1288,341623.2618,353110.5938,24330451
2026-06-23,347117.1895,352611.1306,309658.5000,309658.5000,41266630
2026-06-24,313654.0986,340624.3555,313654.0986,340124.9062,47809959
2026-06-25,359103.9609,362100.6559,351612.2232,358105.0625,36157158
2026-06-26,353610.0265,356107.2725,321145.8292,339126.0000,39735951
2026-06-29,331000.0000,335500.0000,316000.0000,323000.0000,35436521
2026-06-30,323500.0000,343000.0000,321000.0000,334000.0000,29237216
2026-07-01,334500.0000,339000.0000,311500.0000,314500.0000,24968382
2026-07-02,290000.0000,304000.0000,281500.0000,286000.0000,38905074
2026-07-03,288500.0000,313000.0000,283500.0000,309500.0000,31520538
2026-07-06,320000.0000,325000.0000,303000.0000,318000.0000,23872879
2026-07-07,307000.0000,310000.0000,286000.0000,296000.0000,32421032
2026-07-08,285500.0000,300000.0000,273500.0000,277500.0000,33525758
2026-07-09,288500.0000,291500.0000,267500.0000,278000.0000,29703616
2026-07-10,291000.0000,298000.0000,282000.0000,285000.0000,20088811
2026-07-13,285000.0000,292500.0000,253000.0000,254500.0000,31882652
2026-07-14,255000.0000,270000.0000,247000.0000,263000.0000,40086496
2026-07-15,283500.0000,284500.0000,273000.0000,279500.0000,24873414
2026-07-16,264500.0000,265500.0000,252500.0000,255000.0000,27001478
2026-07-20,241000.0000,257500.0000,240000.0000,244000.0000,26804038
2026-07-21,247000.0000,263500.0000,243000.0000,259000.0000,20386896
2026-07-22,276000.0000,276000.0000,260000.0000,260500.0000,22292003
2026-07-23,269000.0000,273000.0000,263000.0000,270000.0000,16011816
2026-07-24,266000.0000,266500.0000,247000.0000,249500.0000,26175580
2026-07-27,257000.0000,258500.0000,246000.0000,254000.0000,23296044
2026-07-28,238500.0000,240000.0000,218500.0000,220000.0000,41639623
2026-07-29,226500.0000,234000.0000,189200.0000,208500.0000,65555523
2026-07-30,214000.0000,226000.0000,202000.0000,207000.0000,46694193
2026-07-31,257000.0000,267000.0000,243000.0000,262500.0000,58478873
2026-08-03,248000.0000,249500.0000,238000.0000,239500.0000,27825493
2026-08-04,244500.0000,244500.0000,228000.0000,240000.0000,29433821
2026-08-05,254000.0000,254500.0000,244000.0000,246000.0000,22577128
2026-08-06,241500.0000,246000.0000,228000.0000,230500.0000,26101823
2026-08-07,235000.0000,239500.0000,229000.0000,231000.0000,20546010
2026-08-10,236000.0000,238500.0000,228500.0000,230000.0000,16327805
2026-08-11,229500.0000,243000.0000,227500.0000,239500.0000,23310969
2026-08-12,243500.0000,260500.0000,241000.0000,255500.0000,27102479
2026-08-13,267500.0000,270000.0000,262500.0000,269000.0000,11554231
