date,open,high,low,close,volume
2019-01-02,117344.1641,118313.9506,113465.0182,114434.8047,356120
2019-01-03,116374.3648,121223.2966,115404.5784,118313.9375,525020
2019-01-04,119768.6148,122193.0807,118798.8284,121708.1875,520785
2019-01-07,124132.6464,128496.6847,123162.8601,127526.8984,502619
2019-01-08,128011.7993,129951.3720,125102.4402,126072.2266,376127
2019-01-09,127042.0055,130436.2576,125587.3261,128981.5781,381372
2019-01-10,128011.7941,130436.2599,126072.2215,127042.0078,293112
2019-01-11,128981.5805,130436.2599,126557.1147,127042.0078,322925
2019-01-14,126072.2263,126557.1194,121223.2945,123162.8672,525411
2019-01-15,123647.7709,128496.7031,123647.7709,128496.7031,335999
2019-01-16,128496.7031,130921.1692,127042.0235,128496.7031,272719
2019-01-17,127526.9142,133830.5260,127526.9142,131890.9531,407099
2019-01-18,132860.7474,134315.4271,132375.8541,133345.6406,328761
2019-01-21,133830.5120,133830.5120,127042.0078,127042.0078,457161
2019-01-22,124617.5470,126557.1197,122677.9743,126072.2266,502285
2019-01-23,126072.2370,130436.2760,126072.2370,128496.7031,259375
2019-01-24,127042.0155,128496.6951,123647.7632,125587.3359,562335
2019-01-25,123647.7607,127042.0129,123162.8675,126072.2266,281650
2019-01-28,125587.3464,128496.7057,125587.3464,128011.8125,283360
2019-01-29,126072.2346,132375.8463,126072.2346,131890.9531,411369
2019-01-30,134800.3124,135285.2056,128981.5939,131890.9531,462280
2019-01-31,133830.5260,139164.3513,131890.9531,131890.9531,1054276
2019-02-01,133830.5151,135770.0878,128981.5834,129466.4766,530284
2019-02-07,128011.8045,129951.3773,124617.5521,125102.4453,737938
2019-02-08,122677.9713,125102.4371,120738.3986,122193.0781,704393
2019-02-11,123162.8670,124617.5466,121223.2943,121708.1875,801465
2019-02-12,119768.6094,120253.5025,117829.0368,119768.6094,1160217
2019-02-13,119768.6173,122677.9764,119768.6173,121223.2969,373571
2019-02-14,121223.2996,126557.1248,121223.2996,123647.7656,700427
2019-02-15,124617.5520,127042.0180,123647.7656,123647.7656,420100
2019-02-18,125587.3331,127042.0126,121708.1877,123162.8672,533191
2019-02-19,123162.8619,124132.6482,121708.1824,122677.9688,218351
2019-02-20,122677.9740,124132.6535,121708.1877,123162.8672,231753
2019-02-21,122677.9793,126072.2317,122677.9793,125102.4453,347083
2019-02-22,125587.3331,125587.3331,121223.2945,123162.8672,301395
2019-02-25,123162.8645,124617.5440,121708.1850,122193.0781,338113
2019-02-26,122677.9669,129951.3642,122193.0738,127526.8984,591643
2019-02-27,128011.8019,129951.3746,125102.4427,125587.3359,322664
2019-02-28,126557.1124,131890.9370,126072.2192,128981.5781,584183
2019-03-04,130921.1566,135285.1951,129951.3702,133830.5156,743644
2019-03-05,135770.1015,135770.1015,130921.1693,131406.0625,387063
2019-03-06,132375.8541,134800.3203,130436.2812,133345.6406,403724
2019-03-07,135285.1768,135285.1768,132375.8182,134315.3906,254573
2019-03-08,131406.0439,131890.9370,127526.8987,128981.5781,304114
2019-03-11,127526.9039,129466.4766,127042.0107,129466.4766,151479
2019-03-12,130921.1719,131406.0651,125587.3464,126557.1328,367651
2019-03-13,125587.3464,128011.8125,124132.6667,126557.1328,268047
2019-03-14,128496.6873,129466.4736,125102.4352,127042.0078,554454
2019-03-15,127042.0260,128011.8125,125587.3464,126557.1328,907507
2019-03-18,127526.9193,129466.4922,127042.0260,128011.8125,248810
2019-03-19,128011.8125,128496.7057,126072.2396,126557.1328,200830
2019-03-20,126072.2422,127042.0287,122677.9895,124617.5625,371499
2019-03-21,124617.5494,127042.0154,123162.8699,124132.6562,399492
2019-03-22,123162.8672,125587.3331,122193.0808,123162.8672,379311
2019-03-25,122193.0781,124132.6508,121223.2918,122193.0781,279179
2019-03-26,121708.1824,123162.8619,121223.2893,122677.9688,452377
2019-03-27,122193.0857,122193.0857,118313.9402,119283.7266,429156
2019-03-28,118798.8307,119283.7239,116859.2579,118313.9375,449545
2019-03-29,117829.0496,120738.4088,117829.0496,120253.5156,421477
2019-04-01,120253.5156,121708.1952,119768.6224,120253.5156,367014
2019-04-02,120738.3984,121708.1848,119768.6121,120738.3984,471744
2019-04-03,119283.7239,119768.6171,117344.1511,118313.9375,958364
2019-04-04,118798.8281,119768.6145,117829.0418,118798.8281,361821
2019-04-05,118798.8334,119768.6198,118313.9402,119283.7266,365838
2019-04-08,118798.8254,119283.7186,117344.1459,117829.0391,393376
2019-04-09,117829.0391,118798.8254,117344.1459,117829.0391,423498
2019-04-10,117829.0443,118798.8307,117344.1511,118313.9375,459206
2019-04-11,117829.0391,119283.7186,117344.1459,117829.0391,615217
2019-04-12,117829.0494,118313.9426,115889.4766,115889.4766,953216
2019-04-15,115404.5834,116374.3698,114434.7969,115889.4766,596131
2019-04-16,115889.4766,116859.2630,115404.5834,115889.4766,973625
2019-04-17,116374.3698,116374.3698,115404.5834,115889.4766,639441
2019-04-18,115404.5912,116374.3776,113465.0182,114434.8047,776721
2019-04-19,115404.5912,115404.5912,113949.9114,114434.8047,247009
2019-04-22,114434.8047,115889.4844,113949.9114,114434.8047,531346
2019-04-23,115404.5783,117344.1510,115404.5783,116859.2578,815629
2019-04-24,118313.9427,118798.8359,115889.4766,117344.1562,906235
2019-04-25,118313.9374,118313.9374,116374.3646,116859.2578,720472
2019-04-26,116374.3776,116859.2709,113949.9114,114434.8047,544042
2019-04-29,114919.6799,116374.3594,113465.0004,116374.3594,429353
2019-04-30,115404.5834,116374.3698,113949.9037,115889.4766,569162
2019-05-02,115404.5784,120253.5102,114919.6852,118313.9375,691901
2019-05-03,118313.9428,120738.4088,117829.0496,120253.5156,705503
2019-05-07,118313.9428,121708.1952,117829.0496,120253.5156,696627
2019-05-08,118313.9299,120253.5025,118313.9299,119768.6094,317483
2019-05-09,118798.8304,120253.5100,115404.5781,115404.5781,799208
2019-05-10,116859.2554,119283.7213,116374.3622,118798.8281,474352
2019-05-13,117829.0418,120253.5077,117829.0418,118798.8281,343827
2019-05-14,117344.1511,119768.6171,115889.4716,118313.9375,532037
2019-05-15,117829.0389,119283.7184,116374.3594,116374.3594,460936
2019-05-16,116859.2577,117344.1509,114434.7918,115404.5781,484468
2019-05-17,116374.3698,119768.6223,114919.6902,117344.1562,439545
2019-05-20,117829.0387,117829.0387,114434.7865,114919.6797,449916
2019-05-21,113949.8901,115889.4627,110070.7450,111040.5312,603105
2019-05-22,111525.4401,111525.4401,107646.2943,109585.8672,567069
2019-05-23,109100.9740,110555.6536,106676.5079,109585.8672,545497
2019-05-24,109585.8568,111525.4295,109100.9637,110070.7500,408081
2019-05-27,109100.9633,109585.8565,106191.6043,107161.3906,369902
2019-05-28,106191.6224,109100.9820,105221.8359,105221.8359,1490526
2019-05-29,105706.7162,107646.2890,105221.8230,106191.6094,515196
2019-05-30,106676.4976,110555.6430,106191.6045,108616.0703,378379
2019-05-31,108131.1875,109100.9739,106676.5078,108131.1875,310649
2019-06-03,109585.8570,111525.4297,108616.0707,111525.4297,391824
2019-06-04,110555.6402,111040.5334,107161.3881,107646.2812,531826
2019-06-05,108616.0701,109100.9633,106191.6043,107161.3906,471689
2019-06-07,106676.4949,108616.0676,106676.4949,107646.2812,386800
2019-06-10,108131.1825,111040.5416,107646.2893,110555.6484,464590
2019-06-11,110555.6536,111040.5468,109100.9740,109585.8672,423258
2019-06-12,108616.0757,111040.5416,108616.0757,110555.6484,354664
2019-06-13,111040.5468,112010.3333,108616.0808,109585.8672,551067
2019-06-14,108616.0807,109585.8672,107161.4011,108131.1875,553083
2019-06-17,108131.1770,108131.1770,106676.4975,107161.3906,475346
2019-06-18,106191.6041,106676.4973,103282.2451,105706.7109,791946
2019-06-19,106676.5078,106676.5078,103767.1485,106676.5078,483689
2019-06-20,106676.5078,108616.0807,105706.7214,108131.1875,282163
2019-06-21,109100.9740,111525.4401,108131.1875,109585.8672,555965
2019-06-24,109585.8568,110070.7500,108616.0705,110070.7500,254210
2019-06-25,110555.6381,112495.2107,109585.8518,111040.5312,473961
2019-06-26,111040.5340,112980.1066,110555.6408,112010.3203,300077
2019-06-27,112010.3229,112495.2160,109585.8570,111525.4297,375582
2019-06-28,111040.5416,112010.3280,109100.9689,110555.6484,267404
2019-07-01,111040.5312,112010.3175,110555.6381,111040.5312,306736
2019-07-02,110555.6433,112010.3229,108616.0707,111525.4297,273980
2019-07-03,112495.2266,114919.6927,111525.4402,113949.9062,408701
2019-07-04,112495.2317,115889.4844,112495.2317,114434.8047,355658
2019-07-05,114919.6902,117829.0495,114919.6902,117344.1562,409700
2019-07-08,116859.2523,117344.1455,114434.7865,114919.6797,306897
2019-07-09,114434.7861,116374.3588,111525.4272,112010.3203,460058
2019-07-10,112980.1066,115404.5724,112010.3203,112010.3203,267438
2019-07-11,112010.3282,114434.7942,112010.3282,113465.0078,293389
2019-07-12,113465.0078,114919.6874,112980.1146,113465.0078,160685
2019-07-15,114434.8047,116374.3776,112980.1250,114434.8047,263893
2019-07-16,115404.5730,116859.2525,113949.8936,116374.3594,391260
2019-07-17,116374.3645,116374.3645,114434.7918,115404.5781,205316
2019-07-18,114919.6851,118313.9374,114919.6851,116859.2578,267715
2019-07-19,117344.1486,119283.7213,117344.1486,118798.8281,445122
2019-07-22,118313.9427,118798.8359,116859.2630,117344.1562,346897
2019-07-23,118798.8281,119283.7213,118313.9349,118798.8281,358255
2019-07-24,118798.8231,120738.3957,118798.8231,119768.6094,606769
2019-07-25,121708.1981,130436.2760,121223.3049,129951.3828,1635774
2019-07-26,133345.6228,137709.6613,132375.8364,136739.8750,1440686
2019-07-29,135285.1768,136739.8562,132860.7113,134315.3906,583629
2019-07-30,135770.0699,136254.9631,132375.8182,134315.3906,364674
2019-07-31,134800.3020,135285.1951,131890.9429,133830.5156,361525
2019-08-01,135285.1980,137224.7707,134315.4116,136254.9844,460049
2019-08-02,134800.3279,138194.5808,134315.4346,137709.6875,484009
2019-08-05,136739.8747,137709.6610,131406.0498,133830.5156,733982
2019-08-06,129951.3527,135770.0699,128011.7802,134315.3906,610095
2019-08-07,134800.3203,135285.2136,131890.9609,133345.6406,336416
2019-08-08,135285.2006,137709.6665,132375.8414,135770.0938,496443
2019-08-09,137709.6693,140619.0285,136254.9897,138194.5625,368133
2019-08-12,138194.5571,140134.1298,136254.9844,136254.9844,217292
2019-08-13,134800.3101,140134.1353,134315.4169,138194.5625,352863
2019-08-14,138194.5810,138679.4743,134315.4349,134800.3281,433070
2019-08-16,134315.4012,136254.9738,133345.6149,135285.1875,351686
2019-08-19,134800.3281,136739.9012,133830.5416,134800.3281,487500
2019-08-20,134800.2953,141103.9062,134800.2953,141103.9062,556246
2019-08-21,140134.1254,144013.2707,138194.5527,143043.4844,514109
2019-08-22,143528.3594,145952.8249,143043.4663,143528.3594,499537
2019-08-23,144498.1901,144498.1901,141103.9373,144013.2969,491690
2019-08-26,141103.9006,142558.5800,138679.4350,139164.3281,423695
2019-08-27,139649.2526,143043.5052,137224.7864,142073.7188,904199
2019-08-28,142073.7188,143043.5052,140134.1458,142073.7188,309159
2019-08-29,142073.7109,142073.7109,139164.3516,140619.0312,408164
2019-08-30,141588.8255,144498.1849,140134.1458,142073.7188,424498
2019-09-02,151286.6875,151286.6875,143043.5026,145467.9688,371788
2019-09-03,146922.6458,146922.6458,144498.1797,145952.8594,308863
2019-09-04,144983.0704,146437.7500,144498.1772,146437.7500,351494
2019-09-05,145467.9688,146437.7552,140619.0365,142558.6094,548033
2019-09-06,141588.8102,145467.9557,141103.9170,144983.0625,223250
2019-09-09,144983.0603,149347.0989,144013.2739,148377.3125,464232
2019-09-10,148377.3255,148377.3255,145467.9662,145952.8594,297053
2019-09-11,145952.8594,149347.1120,145467.9662,148862.2188,738431
2019-09-16,149832.0000,151771.5728,148862.2136,149832.0000,449618
2019-09-17,148377.3024,150801.7681,148377.3024,150316.8750,304106
2019-09-18,151286.6875,154680.9401,150801.7943,154196.0469,465208
2019-09-19,152256.4506,153226.2369,151286.6643,152741.3438,377446
2019-09-20,151286.6513,153226.2237,151286.6513,152256.4375,390181
2019-09-23,152741.3306,153226.2237,150801.7582,152256.4375,204570
2019-09-24,152256.4636,153711.1432,150801.7840,153226.2500,195994
2019-09-25,150801.7840,154196.0364,150801.7840,153226.2500,274586
2019-09-26,152741.3568,154196.0364,151771.5704,153226.2500,313084
2019-09-27,153711.1219,153711.1219,149831.9769,151286.6562,241249
2019-09-30,150316.8650,152741.3306,149831.9719,152256.4375,313910
2019-10-01,152741.3774,155165.8438,152256.4842,155165.8438,260668
2019-10-02,154196.0100,155165.7962,151771.5444,152256.4375,203708
2019-10-04,150801.7916,154196.0441,144013.2865,145952.8594,602642
2019-10-07,145952.8466,148862.2057,145467.9534,148377.3125,387749
2019-10-08,149832.0052,149832.0052,146922.6459,148862.2188,250805
2019-10-10,146922.6459,150801.7916,145952.8594,148862.2188,404228
2019-10-11,151771.5494,152256.4425,148862.1906,151286.6562,216730
2019-10-14,151286.6562,151771.5494,148862.1906,151286.6562,246407
2019-10-15,151771.5888,151771.5888,145952.8697,146922.6562,297569
2019-10-16,146922.6408,150316.8932,146437.7476,149832.0000,280882
2019-10-17,150316.8852,151771.5647,147407.5261,148377.3125,280276
2019-10-18,146922.6458,148862.2187,145467.9662,145952.8594,245740
2019-10-21,146922.6225,148862.1951,144498.1568,147407.5156,245735
2019-10-22,145952.8416,149831.9869,145952.8416,149347.0938,360102
2019-10-23,147407.5287,148862.2082,146922.6355,147892.4219,226744
2019-10-24,146922.6330,148377.3125,145952.8466,148377.3125,224666
2019-10-25,146437.7423,148862.2082,146437.7423,147892.4219,162510
2019-10-28,147892.3995,153226.2237,147892.3995,152256.4375,335238
2019-10-29,152741.3511,153226.2443,147407.5261,148377.3125,321007
2019-10-30,147407.5340,149832.0000,146922.6408,149832.0000,290658
2019-10-31,154196.0368,161954.3279,152741.3572,159044.9688,1409619
2019-11-01,160984.5417,163409.0077,159044.9689,161954.3281,720358
2019-11-04,160499.6458,161954.3253,157105.3934,159529.8594,455199
2019-11-05,159044.9501,159529.8432,154680.9118,156620.4844,662116
2019-11-06,156620.4844,159044.9501,155650.6981,156620.4844,332755
2019-11-07,157105.3731,161469.4113,156135.5869,160499.6250,390866
2019-11-08,160014.7420,160014.7420,157105.3830,158560.0625,306968
2019-11-11,158560.0807,160014.7604,157590.2943,158075.1875,231149
2019-11-12,159044.9792,159044.9792,155165.8333,157105.4062,236652
2019-11-13,153711.1432,154196.0364,151286.6772,153226.2500,500221
2019-11-14,164863.6684,174561.5312,164378.7753,174561.5312,2042648
2019-11-15,171652.1898,173591.7626,167773.0443,168257.9375,886846
2019-11-18,172137.0886,176016.2342,167288.1565,173106.8750,876975
2019-11-19,169227.7077,170682.3871,164378.7762,165348.5625,1055749
2019-11-20,165348.5676,168742.8197,162924.1018,164378.7812,602206
2019-11-21,163893.9011,167288.1535,162924.1147,164863.6875,543754
2019-11-22,164378.7915,165833.4711,160499.6460,162439.2188,481529
2019-11-25,162924.1099,169227.7213,161954.3235,168742.8281,490795
2019-11-26,168257.9244,170197.4970,166318.3518,167773.0312,774461
2019-11-27,169712.6223,170197.5155,166803.2630,167288.1562,299949
2019-11-28,167288.1381,169227.7107,164863.6723,167773.0312,252885
2019-11-29,167773.0363,168257.9295,163408.9978,166803.2500,349615
2019-12-02,167288.1457,169712.6116,164863.6798,166318.3594,275601
2019-12-03,165348.5705,168257.9295,163408.9978,166803.2500,245675
2019-12-04,166803.2683,170197.5208,165833.4818,169227.7344,228851
2019-12-05,167773.0282,168742.8145,164863.6694,165348.5625,271499
2019-12-06,166803.2554,169227.7213,165348.5758,168742.8281,208849
2019-12-09,168742.8075,170197.4869,167773.0212,169712.5938,271990
2019-12-10,169227.7344,170197.5208,167773.0547,169227.7344,215711
2019-12-11,169712.6145,170197.5077,168257.9349,168742.8281,200711
2019-12-12,169227.7447,171167.3178,167773.0650,170197.5312,609714
2019-12-13,172137.1043,172137.1043,167773.0650,170197.5312,317833
2019-12-16,169712.6175,174561.5494,168742.8311,174076.6562,335819
2019-12-17,174561.5443,175531.3307,172621.9716,175046.4375,370752
2019-12-18,174561.5546,174561.5546,169712.6225,173106.8750,310567
2019-12-19,169712.6047,174076.6432,169712.6047,173591.7500,296857
2019-12-20,174561.5599,181350.0651,174076.6667,177955.8125,560761
2019-12-23,179410.4896,179895.3828,176501.1303,178440.7031,250256
2019-12-24,178440.6820,178440.6820,173591.7504,176501.1094,193440
2019-12-26,176016.2239,177470.9034,173591.7580,175046.4375,173426
2019-12-27,176869.5806,179785.0132,173954.1479,178327.2969,323473
2019-12-30,178327.2709,184644.0407,178327.2709,181242.7031,376541
2020-01-02,182214.5227,182700.4281,176869.5634,177355.4688,300640
2020-01-03,179785.0099,180756.8208,175411.8610,176383.6719,454492
2020-01-06,174925.9384,176869.5599,172982.3168,175411.8438,287970
2020-01-07,177355.4610,181728.6094,176383.6503,181728.6094,328624
2020-01-08,176869.5487,178327.2647,173954.1165,177841.3594,820867
2020-01-09,178327.2700,181242.7022,178327.2700,180756.7969,531355
2020-01-10,179785.0050,182700.4375,178813.1941,182700.4375,398739
2020-01-13,182214.5321,183186.3429,180756.8158,182700.4375,337749
2020-01-14,182700.4262,189017.1962,182700.4262,185129.9531,501286
2020-01-15,184158.1286,186587.6554,183186.3179,186101.7500,323778
2020-01-16,184644.0339,187073.5607,183672.2232,186101.7500,245107
2020-01-17,185129.9696,187073.5913,184158.1587,185615.8750,286019
2020-01-20,184644.0425,185129.9479,181728.6102,182214.5156,454733
2020-01-21,182214.5218,184158.1434,175897.7517,176869.5625,547678
2020-01-22,179784.9861,184644.0398,179299.0808,180756.7969,429852
2020-01-23,179784.9808,180270.8861,176383.6433,177841.3594,375929
2020-01-28,176869.5723,179299.0994,172982.3290,173468.2344,476253
2020-01-29,177841.3857,178327.2911,174925.9531,174925.9531,434897
2020-01-30,174440.0477,177841.3857,170066.8989,174925.9531,772160
2020-01-31,174925.9366,175411.8420,172496.4097,174440.0312,537062
2020-02-03,172982.3273,175411.8544,171038.7056,172496.4219,485913
2020-02-04,172496.4114,176383.6545,170066.8845,175411.8438,563463
2020-02-05,175897.7664,178327.2936,173468.2393,176383.6719,653809
2020-02-06,177355.4827,178327.2936,175411.8610,176383.6719,659850
2020-02-07,176383.6468,183186.3219,175897.7415,179784.9844,728633
2020-02-10,177355.4860,178813.2023,175411.8642,178327.2969,433051
2020-02-11,178327.2829,179784.9992,177841.3775,179299.0938,400386
2020-02-12,177841.3629,179784.9844,176383.6468,179784.9844,351892
2020-02-13,178813.1883,179784.9992,177841.3775,179299.0938,555923
2020-02-14,178813.1763,182214.5139,178813.1763,181242.7031,659429
2020-02-17,179299.0851,183672.2335,179299.0851,183186.3281,312407
2020-02-18,181242.7031,183186.3246,180270.8924,181242.7031,345642
2020-02-19,182700.4245,185615.8568,179784.9922,184158.1406,560743
2020-02-20,184158.1571,186101.7788,182214.5354,184644.0625,427402
2020-02-21,182214.5191,185615.8568,181728.6137,184158.1406,434019
2020-02-24,180270.8880,182214.5094,178327.2665,178813.1719,567036
2020-02-25,178813.1831,185615.8585,178327.2777,185129.9531,704859
2020-02-26,184158.1362,184644.0416,181242.7040,181728.6094,494066
2020-02-27,179784.9948,181728.6164,173954.1302,176869.5625,535696
2020-02-28,173954.0999,174925.9106,167151.4256,169095.0469,830654
2020-03-02,170066.8906,172010.5122,167637.3636,170066.8906,659376
2020-03-03,173954.1338,174925.9446,169095.0798,170066.8906,544379
2020-03-04,169580.9910,174440.0452,168123.2748,173468.2344,450252
2020-03-05,175411.8758,175897.7812,173468.2539,175897.7812,483840
2020-03-06,174440.0312,175897.7474,172496.4097,174440.0312,293897
2020-03-09,174440.0312,174440.0312,174440.0312,174440.0312,0
2020-03-10,163264.1948,171038.6802,160348.7627,167151.4375,666532
2020-03-11,167151.4496,169095.0711,162778.3012,165207.8281,483822
2020-03-12,165207.8281,165207.8281,165207.8281,165207.8281,0
2020-03-13,146743.4317,163264.2154,145285.7155,161320.5938,1242510
2020-03-16,161320.6073,161806.5127,150630.6875,150630.6875,812823
2020-03-17,143342.0843,151116.5702,142856.1789,146743.4219,979243
2020-03-18,148201.1125,151602.4495,141884.3438,141884.3438,666723
2020-03-19,145771.6146,147229.3307,131194.4531,139940.7500,1154230
2020-03-20,143342.1043,152088.4022,141884.3880,149658.8750,997895
2020-03-23,137511.2368,145285.7237,136053.5205,138968.9531,1033851
2020-03-24,147229.3510,152574.3109,143828.0128,151602.5000,960786
2020-03-25,155975.6490,158405.1763,147715.2564,151602.5000,1039579
2020-03-26,151602.4943,153546.1160,145285.7237,148201.1562,988725
2020-03-27,156947.4572,159862.8898,154032.0245,159376.9844,1217815
2020-03-30,155489.7385,160348.7928,154517.9276,157919.2656,630830
2020-03-31,158891.0582,166179.6389,158891.0582,165207.8281,858165
2020-04-01,161806.5099,166179.6588,158405.1719,158405.1719,720283
2020-04-02,161806.4964,170066.8881,159862.8748,168609.1719,1086863
2020-04-03,165207.8161,167637.3428,163264.1948,167151.4375,663454
2020-04-06,168609.1553,171038.6821,165693.7233,168123.2500,655547
2020-04-07,169095.0702,169580.9756,162778.3004,164721.9219,873091
2020-04-08,164236.0112,164721.9165,161806.4844,161806.4844,588577
2020-04-09,163750.1233,164236.0287,160348.7854,162778.3125,682921
2020-04-10,161320.5790,162292.3897,159376.9576,161806.4844,483720
2020-04-13,159862.8775,163264.2154,157919.2559,161320.5938,413768
2020-04-14,163264.2040,165207.8255,161806.4879,163750.1094,520725
2020-04-16,163264.2075,167637.3559,162778.3021,165693.7344,841066
2020-04-17,170552.8180,174925.9672,168609.1961,173954.1562,900031
2020-04-20,175897.7640,176869.5748,173954.1423,174925.9531,663723
2020-04-21,175411.8560,176383.6669,168609.1802,173468.2344,759150
2020-04-22,170066.8870,177355.4679,168123.2655,176869.5625,611589
2020-04-23,184644.0625,190474.9276,181242.7245,184644.0625,1521478
2020-04-24,183672.2403,191932.6321,183672.2403,187073.5781,928695
2020-04-27,187559.4766,194362.1519,187073.5712,191932.6250,927347
2020-04-28,191932.6103,192418.5156,189017.1782,192418.5156,433549
2020-04-29,193876.2465,194362.1519,190960.8142,191932.6250,676743
2020-05-04,192904.4228,197277.5709,188045.3693,193390.3281,1104027
2020-05-06,195819.8623,206509.7804,194848.0516,206023.8750,992225
2020-05-07,205537.9910,213798.3831,204566.1802,209425.2344,984024
2020-05-08,209911.1373,212340.6643,206023.8940,207967.5156,732394
2020-05-11,208453.4062,214770.1761,207967.5009,208453.4062,599328
2020-05-12,211854.7681,220115.1604,208939.3355,213312.4844,1056584
2020-05-13,211368.8455,216227.8994,207481.6023,212340.6562,1014692
2020-05-14,208453.3987,215741.9790,208453.3987,212826.5469,866427
2020-05-15,212826.5680,213312.4734,203594.3653,206995.7031,1050469
2020-05-18,208939.3281,211854.7606,205537.9902,208939.3281,638906
2020-05-19,208939.3099,210397.0260,204566.1615,207481.5938,917603
2020-05-20,209425.2297,219143.3378,208939.3243,215742.0000,977544
2020-05-21,221086.9330,226917.7972,216227.8795,218657.4062,1004395
2020-05-22,220601.0528,225946.0122,216227.9042,224002.3906,1108281
2020-05-25,227889.6360,234206.4062,227403.7305,234206.4062,1015069
2020-05-26,237121.8353,239065.4569,223516.4840,232262.7812,1568016
2020-05-27,224488.2768,227889.6143,220115.1286,222058.7500,1351505
2020-05-28,219629.2579,234206.4211,215742.0144,233720.5156,1625154
2020-05-29,233234.5686,236150.0007,219629.2188,219629.2188,3114298
2020-06-01,226917.8185,230319.1562,223516.4807,230319.1562,1140644
2020-06-02,228375.5452,229347.3560,225460.1127,227403.7344,689584
2020-06-03,228375.5141,228861.4195,218657.4072,219143.3125,1476614
2020-06-04,221572.8516,228375.5269,220601.0409,225946.0000,1052789
2020-06-05,222544.6907,224488.3125,218657.4472,224488.3125,1061922
2020-06-08,227889.6504,235178.2319,224488.3123,233720.5156,1624752
2020-06-09,233234.5895,236150.0218,228861.4409,230805.0625,934440
2020-06-10,234206.3804,240523.1500,233234.5697,237121.8125,1431071
2020-06-11,237121.8537,241980.9081,232262.7993,233720.5156,1423978
2020-06-12,222544.6633,235664.1085,222058.7579,235178.2031,1318334
2020-06-15,233234.6112,237607.7602,224002.4079,224974.2188,1311773
2020-06-16,232262.7734,236635.9219,229347.3411,236635.9219,1155474
2020-06-17,237121.8095,244896.2951,236635.9042,243924.4844,1357900
2020-06-18,244410.4151,246839.9420,240037.2665,240523.1719,744330
2020-06-19,242952.6866,242952.6866,237121.8221,242466.7812,919945
2020-06-22,242466.7567,263846.5910,240523.1354,262388.8750,1841479
2020-06-23,264332.5688,280853.3544,262874.8525,268219.8125,2104075
2020-06-24,265790.2286,271621.0929,262874.7965,271135.1875,995065
2020-06-25,265790.2272,268705.6593,261902.9844,261902.9844,1196267
2020-06-26,266762.0529,267247.9583,255586.2292,261417.0938,937593
2020-06-29,257529.8420,262874.8010,253642.5991,256558.0312,814814
2020-06-30,260445.2795,262874.8064,255586.2258,259473.4688,862860
2020-07-01,262388.9045,267247.9583,258501.6615,261417.0938,655711
2020-07-02,266276.1613,269191.5938,263360.7289,269191.5938,1015829
2020-07-03,268705.6892,272592.9324,266762.0676,269677.5000,971940
2020-07-06,270163.4429,279395.6469,270163.4429,273564.7812,1211636
2020-07-07,276966.0845,281339.2332,271135.2196,271621.1250,1365047
2020-07-08,272107.0354,276480.1842,266276.1704,274536.5625,1353345
2020-07-09,278423.8141,288141.9228,276480.1924,279395.6250,2006662
2020-07-10,283282.8868,299803.6726,281825.1704,290571.4688,2120904
2020-07-13,294944.5189,294944.5189,279881.4545,288627.7500,1254800
2020-07-14,281825.1198,282796.9305,276966.0660,278909.6875,1360849
2020-07-15,282311.0560,284740.5831,272592.9473,278423.8125,1276196
2020-07-16,275022.4840,276966.1058,264332.5641,265304.3750,1338814
2020-07-17,262388.9470,271621.1507,258501.7034,268219.8125,926932
2020-07-20,268705.6799,270163.3960,253156.7074,255586.2344,1556415
2020-07-21,265304.3069,265790.2123,261417.0644,262388.8750,1179638
2020-07-22,256558.0111,264818.4016,254128.4845,262388.8750,905784
2020-07-23,264332.5211,275994.2500,263360.7104,275994.2500,1396607
2020-07-24,273078.8438,282311.0467,270649.3167,273078.8438,1233584
2020-07-27,273078.8495,279395.6201,268705.7007,276480.1875,691075
2020-07-28,281339.2161,283768.7431,275994.2569,279881.5000,978238
2020-07-29,277937.8241,283768.6875,275022.3923,283768.6875,964066
2020-07-30,287655.9651,289113.6812,282796.9117,285712.3438,1150474
2020-07-31,290571.4098,294458.6527,288141.8829,292515.0312,1567503
2020-08-03,293000.9295,305634.4688,290571.4027,305634.4688,1341104
2020-08-04,308549.9264,312923.0750,298831.8185,302233.1562,1330818
2020-08-05,303204.9713,305634.4983,297860.0119,304662.6875,809939
2020-08-06,304176.7657,312923.0625,301747.2388,312923.0625,1032045
2020-08-07,315352.5749,316324.3856,303204.9411,305148.5625,1063254
2020-08-10,299803.6335,305634.4983,294944.5794,304662.6875,968592
2020-08-11,302233.1571,305634.4949,298831.8193,302719.0625,665863
2020-08-12,299317.7451,302233.1777,294944.5962,296402.3125,856711
2020-08-13,301261.3070,302719.0230,295430.4430,298345.8750,1406370
2020-08-14,296402.3125,299803.6505,294458.6908,296402.3125,608156
2020-08-18,298831.8125,308549.9202,296402.2856,298831.8125,1494966
2020-08-19,302719.0684,307092.2171,296888.2035,306120.4062,941038
2020-08-20,306120.3897,310007.6328,293972.7552,296888.1875,1186809
2020-08-21,302719.0331,305634.4652,299317.6956,303690.8438,781961
2020-08-24,304176.7623,310979.4375,301261.3301,310979.4375,783392
2020-08-25,313894.9095,315838.5312,308064.0443,315838.5312,897649
2020-08-26,312437.1472,328957.9295,311951.2419,324584.7812,1155853
2020-08-27,327500.2188,337218.3261,327014.3134,327500.2188,1232239
2020-08-28,327500.2116,328957.9277,320211.6312,323612.9688,969408
2020-08-31,327014.3193,330415.6570,312923.0634,313408.9688,1528978
2020-09-01,313408.9722,320211.6476,312923.0668,315352.5938,691864
2020-09-02,323127.0625,326042.4946,317782.1036,323127.0625,808064
2020-09-03,324098.8846,329929.7491,320211.6416,329443.8438,776547
2020-09-04,313409.0404,325556.6776,312923.1349,319239.9062,1174337
2020-09-07,316324.3866,316324.3866,304662.6580,305634.4688,1308247
2020-09-08,307092.2102,309035.8318,296888.1969,302233.1562,989171
2020-09-09,294458.6900,298345.9334,291543.2574,295916.4062,925825
2020-09-10,300289.5287,302233.1502,296402.2856,298831.8125,834946
2020-09-11,293972.7870,298345.9359,292515.0707,297374.1250,517023
2020-09-14,298831.8363,299317.7417,291543.2550,294458.6875,608816
2020-09-15,295430.5128,305148.6218,294458.7019,303205.0000,797985
2020-09-16,302719.0230,303204.9283,297374.0643,298345.8750,696219
2020-09-17,293972.7465,295430.4626,290571.4089,292029.1250,823516
2020-09-18,291057.3098,293486.8366,287655.9723,289599.5938,750488
2020-09-21,288627.7404,293000.8879,283768.6875,283768.6875,656024
2020-09-22,282311.0526,286684.2014,274050.6604,276480.1875,864846
2020-09-23,281825.1054,289599.5911,277451.9572,288141.8750,984136
2020-09-24,283282.8170,287170.0598,278909.6689,285712.3438,848971
2020-09-25,287655.9669,289113.6830,281339.1974,286684.1562,648182
2020-09-28,288627.8150,293486.8691,287656.0042,290085.5312,724465
2020-09-29,294458.6446,294458.6446,285712.3482,288141.8750,765489
2020-10-05,289113.7204,290571.4367,281339.2338,290085.5312,906516
2020-10-06,291057.3528,298831.8397,288141.9202,296402.3125,868540
2020-10-07,293486.8799,296402.3125,291057.3528,296402.3125,534644
2020-10-08,298831.8010,298831.8010,291543.2205,292515.0312,756735
2020-10-12,294458.6038,294458.6038,283282.7822,283768.6875,914860
2020-10-13,283768.7242,289599.5883,283768.7242,286684.1562,636487
2020-10-14,286684.1934,292515.0583,284740.5717,290085.5312,759464
2020-10-15,292029.1105,292029.1105,282796.9090,284254.6250,624097
2020-10-16,284254.6580,289113.7119,283282.8472,285226.4688,446832
2020-10-19,285226.4877,288141.9203,277937.9062,277937.9062,434420
2020-10-20,278423.7564,282796.9044,273078.7977,281825.0938,535870
2020-10-21,284254.6032,292514.9934,282796.8873,289113.6562,640501
2020-10-22,286684.1526,287655.9633,283768.7206,284740.5312,416425
2020-10-23,287170.1103,287170.1103,277937.9071,278423.8125,451654
2020-10-26,278423.8360,280853.3633,273564.7812,273564.7812,349163
2020-10-27,273564.7223,280367.3974,272592.9115,275508.3438,2071432
2020-10-28,274050.6526,290085.5312,273564.7472,290085.5312,698195
2020-10-29,288627.8150,292515.0583,286198.2880,290085.5312,785050
2020-10-30,290571.3898,291543.2004,281825.0938,281825.0938,939833
2020-11-02,283768.7706,284740.5814,277452.0000,277452.0000,503831
2020-11-03,275994.2482,278909.6804,272107.0053,275022.4375,1066923
2020-11-04,274536.5581,292029.1529,274050.6526,290085.5312,1623712
2020-11-05,286684.2250,293486.9015,283282.8868,290571.4688,1082388
2020-11-06,294458.6527,298345.8957,290571.4098,292515.0312,968971
2020-11-09,295430.4581,295916.3634,289599.5938,289599.5938,678531
2020-11-10,278909.6804,279881.4912,274050.6268,275022.4375,1728995
2020-11-11,273078.8421,275022.4637,269677.5042,272107.0312,1183499
2020-11-12,275022.4303,277451.9571,271135.1875,271135.1875,1016673
2020-11-13,269677.5058,274050.6546,269677.5058,273078.8438,710865
2020-11-16,274536.5549,275022.4603,269677.5008,270163.4062,887878
2020-11-17,269677.4957,270163.4011,265790.2526,267247.9688,816320
2020-11-18,266762.0733,275508.3708,266276.1679,273078.8438,912899
2020-11-19,274536.5906,275994.3070,271621.1578,272592.9688,520114
2020-11-20,273564.7492,275508.3708,270649.3167,273078.8438,439077
2020-11-23,274050.6867,274536.5922,270649.3484,273564.7812,565213
2020-11-24,273564.7517,278909.7113,272107.0354,274536.5625,809745
2020-11-25,278909.7044,278909.7044,270649.3125,270649.3125,909937
2020-11-26,272107.0403,277452.0000,272107.0403,277452.0000,797094
2020-11-27,278909.7146,279395.6201,275022.4712,276480.1875,417510
2020-11-30,277937.8919,278423.7973,269677.5000,269677.5000,1176272
2020-12-01,274050.6620,277937.9054,272107.0403,277452.0000,709278
2020-12-02,278909.6813,278909.6813,274050.6276,275508.3438,601596
2020-12-03,276966.0660,278909.6875,275508.3498,278909.6875,740985
2020-12-04,279395.5742,287170.0598,276480.1422,285712.3438,1174932
2020-12-07,291543.2642,292029.1697,279881.5337,281339.2500,821860
2020-12-08,283282.8323,283282.8323,276966.0625,276966.0625,566981
2020-12-09,277451.9731,280853.3108,276966.0677,279881.5000,533304
2020-12-10,279881.5280,281825.1497,276480.1900,277937.9062,959427
2020-12-11,279881.4724,283282.8098,279395.5671,281825.0938,503588
2020-12-14,284254.6768,285712.3931,277937.9062,277937.9062,555272
2020-12-15,278423.7751,279395.5858,274536.5321,275022.4375,491995
2020-12-16,278423.8109,278909.7163,275022.4729,277452.0000,381896
2020-12-17,277937.8732,278909.6840,274050.6303,276966.0625,522344
2020-12-18,275994.2788,277451.9950,274050.6571,274536.5625,487305
2020-12-21,275994.2500,277451.9661,272107.0070,275994.2500,473545
2020-12-22,276966.0607,285226.4520,275994.2500,275994.2500,750095
2020-12-23,280367.3983,280853.3037,275022.4393,275994.2500,508019
2020-12-24,276480.1833,276480.1833,272107.0346,274050.6562,453095
2020-12-28,274050.6546,274536.5600,272107.0329,273078.8438,537848
2020-12-29,273956.6952,277362.9064,272983.4920,275416.5000,506090
2020-12-30,277362.8830,285148.5078,276389.6799,284661.9062,1190327
2021-01-04,283688.6954,286121.7031,277849.4770,285148.5000,947178
2021-01-05,283688.7032,284661.9062,278822.6877,284661.9062,912657
2021-01-06,284661.8825,292447.5067,281742.2735,282228.8750,1375856
2021-01-07,280769.0782,284175.2889,278822.6721,281742.2812,1155734
2021-01-08,285635.0878,303639.3438,282228.8772,303639.3438,3175396
2021-01-11,311424.9838,314831.1946,292934.1254,300719.7500,2765169
2021-01-12,296826.9218,300233.1323,284661.8840,295853.7188,1573299
2021-01-13,297800.1258,308991.9606,295853.7197,305585.7500,1894304
2021-01-14,309965.1953,317264.2188,305585.7812,309478.5938,1548585
2021-01-15,311911.6016,314344.6094,297313.5547,297800.1562,1106810
2021-01-18,296340.3436,300233.1560,291960.9297,292447.5312,864969
2021-01-19,295367.1176,302179.5388,291474.3055,299746.5312,880238
2021-01-20,305099.1479,305099.1479,293907.3131,299746.5312,885472
2021-01-21,308018.7507,317264.1793,307532.1492,313857.9688,1941446
2021-01-22,323103.3846,340621.0380,317264.1668,334295.2188,3303950
2021-01-25,339647.8438,343540.6557,330889.0168,339647.8438,1593848
2021-01-26,341107.7273,341594.3289,328942.6871,332835.5000,1247284
2021-01-27,337701.4923,342567.5081,330402.4687,332348.8750,1149246
2021-01-28,326996.2056,356192.2954,326023.0026,345487.0625,2285696
2021-01-29,352299.4818,352299.4818,331375.6175,333808.6250,1607894
2021-02-01,337214.8828,343054.1016,332348.8672,338674.6875,988630
2021-02-02,348406.6802,363004.7254,343540.6651,352786.0938,1951062
2021-02-03,356678.9067,361058.3203,351326.2901,360571.7188,1197680
2021-02-04,358138.7179,358625.3194,346460.2814,348406.6875,1160116
2021-02-05,353759.2968,361544.9209,346946.8756,352786.0938,982325
2021-02-08,351812.9060,354732.5152,347433.4922,347920.0938,712484
2021-02-09,349866.4843,352299.4918,345487.0707,348893.2812,667655
2021-02-10,355219.1328,358625.3437,349379.9142,356678.9375,1147417
2021-02-15,373223.3751,377602.7889,367870.7583,375169.7812,1172475
2021-02-16,381008.9924,394147.2335,379549.1878,383442.0000,1567108
2021-02-17,385875.0075,385875.0075,375656.3755,381495.5938,1161595
2021-02-18,381009.0234,389281.2500,376143.0078,377602.8125,1020222
2021-02-19,376629.5790,387821.4140,375169.7744,387334.8125,1047043
2021-02-22,389281.2419,394633.8590,374196.5938,376143.0000,1289395
2021-02-23,368843.9465,383928.5933,368357.3450,380035.7812,1017577
2021-02-24,379062.5846,381008.9907,363977.9375,363977.9375,1078485
2021-02-25,370303.7425,374196.5545,364464.5245,372736.7500,757476
2021-02-26,362031.5470,368357.3670,358625.3362,364951.1562,1170208
2021-03-02,378576.0237,379549.2268,365437.7812,367384.1875,1240322
2021-03-03,368843.9621,388794.6250,367384.1575,388794.6250,1287551
2021-03-04,381495.6015,390254.4291,378575.9923,381009.0000,1585134
2021-03-05,375656.4142,376143.0158,361058.3671,367384.1875,1594386
2021-03-08,371763.5533,375656.3653,356678.9065,358625.3125,1031748
2021-03-09,356678.9216,361544.9369,340621.0711,351812.9062,1313900
2021-03-10,363004.7656,367870.7812,358138.7500,362031.5625,946917
2021-03-11,362518.1407,367384.1560,356192.3208,363491.3438,1024741
2021-03-12,385388.3968,385388.3968,368357.3440,370303.7500,969276
2021-03-15,371763.5470,375169.7575,367384.1335,372736.7500,609496
2021-03-16,374196.5782,379062.5935,373709.9767,375169.7812,574082
2021-03-17,377602.7888,381008.9995,370303.7658,373223.3750,1200355
2021-03-18,378089.3614,399013.2257,376142.9554,392687.4062,1818409
2021-03-19,386361.6098,396580.2418,384415.2037,391227.6250,1258199
2021-03-22,391714.2182,394633.8272,382468.7894,385875.0000,911358
2021-03-23,386361.6085,388308.0146,373709.9689,375656.3750,1167110
2021-03-24,369817.1415,376629.5625,365924.3295,376629.5625,763754
2021-03-25,371276.9608,373709.9684,367870.7502,369817.1562,672585
2021-03-26,369817.1410,372736.7500,366897.5320,372736.7500,691786
2021-03-29,373223.3984,373710.0000,362031.5625,362031.5625,878014
2021-03-30,363491.3284,370790.3511,363491.3284,366410.9375,623997
2021-03-31,369330.6017,372736.8127,366897.5938,366897.5938,568103
2021-04-01,365437.7657,368843.9766,362031.5548,368357.3750,547402
2021-04-02,371276.9372,372250.1402,367870.7268,369330.5312,476668
2021-04-05,369330.6017,369817.2032,364464.5858,366897.5938,421508
2021-04-06,368357.4056,380522.4455,367870.8041,378089.4375,997518
2021-04-07,380035.7806,380522.3822,371276.9534,374196.5625,578490
2021-04-08,374196.5779,376629.5856,369817.1642,371276.9688,626575
2021-04-09,371763.5704,374683.1796,371276.9689,373223.3750,469100
2021-04-12,374196.5782,382468.8042,372736.7736,375169.7812,680329
2021-04-13,373710.0232,378576.0391,371763.6168,378089.4375,586643
2021-04-14,381009.0000,387334.8199,379549.1954,381009.0000,757969
2021-04-15,381008.9765,387821.3975,376142.9615,380522.3750,889538
2021-04-16,383928.6092,384415.2107,380522.3985,381009.0000,423962
2021-04-19,381009.0234,382955.4297,378089.4141,379549.2188,449064
2021-04-20,378575.9690,381008.9765,377116.1645,380522.3750,417892
2021-04-21,378575.9757,378575.9757,370303.7500,370303.7500,835828
2021-04-22,371763.5545,374196.5621,369817.1485,370303.7500,394350
2021-04-23,367384.1485,369330.5546,363977.9378,367870.7500,505140
2021-04-26,366410.9844,368843.9922,364464.5781,367384.1875,484369
2021-04-27,367870.7502,371276.9608,365924.3441,369817.1562,392509
2021-04-28,371276.9682,371763.5698,363004.7422,363491.3438,485971
2021-04-29,363491.3592,367384.1716,356192.3359,356678.9375,743106
2021-04-30,356192.3199,356192.3199,344027.2816,349866.5000,1028215
2021-05-03,356192.3280,360571.7419,350839.7110,353272.7188,507361
2021-05-04,356192.3359,357165.5390,350839.7188,354732.5312,398383
2021-05-06,350839.7032,354732.5154,349866.5001,351812.9062,632873
2021-05-07,350839.6798,354245.8902,350353.0783,351326.2812,446152
2021-05-10,352786.1015,354245.9061,350353.0939,352299.5000,572111
2021-05-11,346946.8662,348406.6707,338188.0393,339647.8438,2373361
2021-05-12,340134.4444,341107.6474,331375.6175,333808.6250,1120816
2021-05-13,328456.0312,332348.8435,325536.4221,328456.0312,992326
2021-05-14,328942.6485,335268.4687,328456.0470,333322.0625,460390
2021-05-17,336241.6483,339647.8589,331862.2346,334781.8438,453316
2021-05-18,337701.4611,340134.4688,335755.0550,340134.4688,445015
2021-05-20,342080.9141,345487.1252,339161.3046,341594.3125,561151
2021-05-21,345487.0786,350353.0938,344027.2740,350353.0938,618431
2021-05-24,346946.8592,348893.2652,343540.6488,345973.6562,361765
2021-05-25,345973.6799,348406.6875,343054.0708,348406.6875,433413
2021-05-26,349866.5080,356678.9295,349866.5080,353272.7188,543316
2021-05-27,353272.7027,353759.3042,344027.2738,348406.6875,963669
2021-05-28,351812.8981,351812.8981,345973.6799,348406.6875,439112
2021-05-31,349866.4847,354245.8983,347433.4772,352786.0938,397118
2021-06-01,352786.0865,358625.3045,352786.0865,357165.5000,404110
2021-06-02,357165.5311,359111.9372,352299.5157,353272.7188,397044
2021-06-03,352786.1015,355219.1091,351326.2970,352299.5000,292257
2021-06-04,350839.7108,350839.7108,345487.0938,347433.5000,433146
2021-06-07,348893.2817,354245.8983,347433.4772,352786.0938,393697
2021-06-08,351812.8907,355705.7028,351812.8907,352786.0938,370929
2021-06-09,350839.6873,353759.2963,348893.2812,348893.2812,361808
2021-06-10,355219.1177,366897.5545,351812.9070,363491.3438,1502316
2021-06-11,367870.7733,368357.3749,357652.1407,362518.1562,658403
2021-06-14,367384.1340,377602.7655,365437.7280,376629.5625,1208589
2021-06-15,376629.5625,378575.9685,371276.9460,376629.5625,625594
2021-06-16,374196.5555,384415.1870,372736.7510,380522.3750,836281
2021-06-17,379062.6250,383928.6407,374683.2108,379062.6250,670522
2021-06-18,381008.9927,389767.8201,380522.3912,387334.8125,1268656
2021-06-21,387334.8281,391227.6404,381495.6096,386361.6250,809114
2021-06-22,389281.2020,389767.8035,380522.3750,380522.3750,702840
2021-06-23,382468.8354,415557.7423,381982.2338,412151.5312,2721355
2021-06-24,418477.3197,424316.5381,401932.8676,408258.6875,2143286
2021-06-25,408745.3125,408745.3125,394147.2656,399013.2812,1382051
2021-06-28,395120.4688,401932.8906,392200.8594,397066.8750,623480
2021-06-29,398526.6875,400473.0938,395120.4765,400473.0938,572319
2021-06-30,403879.2425,413611.2725,398040.0246,406312.2500,955297
2021-07-01,406798.9221,412151.5395,399499.8983,401932.9062,592869
2021-07-02,401446.2579,407285.4762,396093.6412,402906.0625,517934
2021-07-05,404365.8984,406798.9062,397553.4766,399013.2812,492899
2021-07-06,400473.0624,401446.2655,397066.8516,398526.6562,342771
2021-07-07,399986.4305,407772.0545,399499.8290,406312.2500,663260
2021-07-08,407772.0783,419937.1165,407285.4768,410691.6875,1142267
2021-07-09,408745.2888,412638.1011,397066.8520,404365.8750,1090218
2021-07-12,407285.5000,410205.1093,401932.8829,407285.5000,475697
2021-07-13,409718.4709,430155.7343,407772.0648,429182.5312,1498546
2021-07-14,424316.5625,432588.7891,424316.5625,432102.1875,931990
2021-07-15,434535.1487,440374.3668,427722.7276,436968.1562,950460
2021-07-16,435995.0157,448646.6567,431128.9999,435021.8125,1246425
2021-07-19,431128.9688,437454.7888,426749.5548,431128.9688,704307
2021-07-20,426749.5235,429669.1325,419450.5009,427236.1250,789090
2021-07-21,431128.9197,434048.5286,416530.8750,416530.8750,885519
2021-07-22,421396.9224,433075.3590,417504.1102,428209.3438,1035882
2021-07-23,431615.5246,442320.7575,429182.5171,439887.7500,1094026
2021-07-26,447673.3739,452539.3888,435508.3366,439887.7500,855277
2021-07-27,445240.3664,450592.9829,439887.7500,439887.7500,757638
2021-07-28,434048.5622,435021.7653,428209.3439,430155.7500,913055
2021-07-29,432102.1638,433075.3669,426749.5469,427722.7500,556532
2021-07-30,426262.9135,428695.9210,421396.8985,421883.5000,628812
2021-08-02,417504.0865,425289.7105,417017.4850,421883.5000,551937
2021-08-03,427236.1078,427236.1078,410691.6571,416530.8750,830841
2021-08-04,413611.3435,422856.7735,411664.9371,421396.9688,545873
2021-08-05,430155.7734,439401.2030,426749.5626,430642.3750,744924
2021-08-06,431128.9454,435508.3591,428695.9379,432588.7500,416829
2021-08-09,426262.9458,436968.1796,423343.3366,435508.3750,528032
2021-08-10,434048.5547,441347.5775,430642.3441,434535.1562,461940
2021-08-11,433075.3438,436968.1558,430155.7347,433075.3438,446275
2021-08-12,435994.9603,436481.5618,426262.9299,428695.9375,671083
2021-08-13,433075.3508,434048.5538,421396.9144,424803.1250,515855
2021-08-17,423829.9530,425776.3592,408745.3048,417017.5312,763564
2021-08-18,417990.6953,421883.5073,410205.0711,417504.0938,496576
2021-08-19,419450.5072,422370.1163,413124.6875,413124.6875,504352
2021-08-20,413611.3517,420423.7740,409718.5390,411178.3438,587940
2021-08-23,416530.9141,424316.5387,412151.5003,417990.7188,515679
2021-08-24,423343.3361,427236.1484,419937.1253,425776.3438,546884
2021-08-25,422370.1169,427236.1320,415557.6956,418963.9062,677224
2021-08-26,416044.3438,418963.9533,408745.3202,412151.5312,645901
2021-08-27,410691.7188,412151.5234,405339.1016,408745.3125,567004
2021-08-30,414097.8676,417504.0780,411664.8601,416530.8750,399336
2021-08-31,418477.2978,427722.7265,415557.6888,427236.1250,768823
2021-09-01,430155.7347,436481.5543,424803.1181,433075.3438,655075
2021-09-02,433561.9843,436481.5936,427722.7657,430642.3750,431529
2021-09-03,430642.3446,440374.3750,429182.5401,440374.3750,646199
2021-09-06,440374.4141,442320.8203,433561.9922,441834.2188,368743
2021-09-07,438427.9682,440860.9758,432102.1485,432588.7500,356293
2021-09-08,425776.3421,427236.1467,397066.8516,398526.6562,2470864
2021-09-09,389767.8359,395120.4529,385388.4220,388308.0312,1972500
2021-09-10,387334.8438,405339.1016,387334.8438,399013.2812,1326870
2021-09-13,394147.2656,402906.0938,391714.2578,397066.8750,771749
2021-09-14,392687.4531,395607.0624,382955.4220,391714.2500,1636660
2021-09-15,392200.8515,398526.6717,389281.2422,389767.8438,730616
2021-09-16,394147.2341,399013.2494,390254.4220,391227.6250,614987
2021-09-17,393660.6170,394147.2185,386848.1960,392200.8125,558566
2021-09-23,389767.8516,390741.0547,386848.2422,389281.2500,615295
2021-09-24,387821.4223,395120.4453,387334.8207,394633.8438,574341
2021-09-27,395120.4215,396580.2260,390254.4065,392200.8125,455667
2021-09-28,388794.6087,389281.2102,380522.3830,381982.1875,857556
2021-09-29,370303.7430,379549.1715,369817.1415,376629.5625,664216
2021-09-30,372736.7969,379549.2188,370790.3906,377602.8125,611128
2021-10-01,378089.3823,379062.5853,371276.9610,371763.5625,402239
2021-10-05,368357.3429,369817.1474,360085.1172,360571.7188,828794
2021-10-06,363004.7188,373223.3502,361544.9143,363004.7188,826716
2021-10-07,370303.7664,383442.0078,367870.7587,382955.4062,832068
2021-10-08,386848.2662,386848.2662,377602.8359,378089.4375,542514
2021-10-12,374196.6016,376629.6094,362031.5625,362031.5625,817135
2021-10-13,362518.1336,372736.7655,362031.5321,371763.5625,612239
2021-10-14,377116.1650,385388.3905,375169.7589,384415.1875,689827
2021-10-15,389281.2262,389281.2262,381495.6017,382955.4062,444506
2021-10-18,384415.1955,388794.6091,378575.9773,385875.0000,448726
2021-10-19,389281.2270,397066.8515,387821.4224,396580.2500,560257
2021-10-20,400473.0623,405825.6791,396093.6485,396580.2500,591636
2021-10-21,396580.2347,400959.6483,393174.0241,399499.8438,482389
2021-10-22,400473.0623,400473.0623,391714.2347,396580.2500,395564
2021-10-25,397553.4686,401932.8826,390741.0469,391714.2500,461889
2021-10-26,391714.2197,402419.4530,391714.2197,401446.2500,471083
2021-10-27,403879.3203,407772.1331,400473.1092,403392.7188,497113
2021-10-28,407772.1252,408258.7268,400473.1015,401932.9062,494766
2021-10-29,401932.8748,403392.6794,394633.8516,396093.6562,472080
2021-11-01,396093.6952,400473.1095,393174.0857,397553.5000,337049
2021-11-02,398526.6797,403392.6953,398040.0781,399013.2812,352579
2021-11-03,399013.2733,399986.4764,389281.2422,391714.2500,366530
2021-11-04,398526.6875,404365.9063,395607.0780,400473.0938,537599
2021-11-05,400473.0468,403879.2574,394147.2271,399499.8438,309468
2021-11-08,403392.6953,404365.8984,394633.8672,397066.8750,365376
2021-11-09,398526.6260,407772.0545,397553.4231,406312.2500,542759
2021-11-10,404365.9219,407772.1331,399986.5076,403392.7188,414599
2021-11-11,399986.4686,401932.8748,394147.2501,396093.6562,566739
2021-11-12,396580.2267,401446.2418,392687.4147,398040.0312,412100
2021-11-15,398040.0626,401446.2734,397066.8595,399986.4688,331770
2021-11-16,399013.2576,401446.2652,394147.2422,394633.8438,490783
2021-11-17,395120.4213,395607.0228,388308.0002,390254.4062,540444
2021-11-18,392687.4454,401932.8748,391227.6408,396093.6562,729079
2021-11-19,396093.6404,399013.2495,393174.0312,393174.0312,415847
2021-11-22,392200.8594,400473.0859,389767.8516,399013.2812,555854
2021-11-23,390254.4531,394147.2656,388794.6484,389281.2500,682033
2021-11-24,388307.9995,390254.4055,381495.5785,384415.1875,554151
2021-11-25,389281.2343,390254.4373,384901.8204,386361.6250,323058
2021-11-26,383442.0392,384901.8439,377602.8203,379062.6250,473540
2021-11-29,376143.0000,381009.0155,372250.1876,376143.0000,457264
2021-11-30,380522.3738,381982.1783,370790.3438,370790.3438,1103481
2021-12-01,374683.2031,381982.2266,371763.5938,379549.2188,548840
2021-12-02,372250.1878,388308.0391,371763.5863,387821.4375,613006
2021-12-03,386848.2113,391227.6250,383928.6021,391227.6250,501099
2021-12-06,389767.8196,389767.8196,379062.5861,381495.5938,456773
2021-12-07,380035.7735,381982.1795,378089.3675,380522.3750,384366
2021-12-08,384415.1875,388794.6010,383441.9845,384415.1875,534080
2021-12-09,386361.6173,388794.6250,383442.0081,388794.6250,748143
2021-12-10,383441.9845,385874.9920,382955.3830,384415.1875,224452
2021-12-13,387334.8039,387334.8039,379549.1797,380035.7812,346330
2021-12-14,378089.3831,381982.1953,376629.5785,381495.5938,322068
2021-12-15,376629.5860,379549.1952,376629.5860,377116.1875,290339
2021-12-16,379062.5936,384901.8120,374196.5783,377116.1875,543865
2021-12-17,376629.5701,377116.1716,373223.3595,374196.5625,505284
2021-12-20,371276.9442,372736.7487,363004.7188,363004.7188,630690
2021-12-21,360085.1408,368843.9686,360085.1408,364951.1562,480367
2021-12-22,365924.3672,369817.1797,365437.7657,368357.3750,263513
2021-12-23,369330.5546,370303.7576,364464.5394,367870.7500,354342
2021-12-24,367870.7812,377602.8125,367870.7812,373710.0000,412695
2021-12-27,374196.5621,374196.5621,369817.1485,370303.7500,226757
2021-12-28,369817.1489,375169.7655,367870.7428,374196.5625,551228
2021-12-29,379079.8317,379079.8317,372258.3438,372258.3438,352409
2021-12-30,371283.8080,372258.3061,366411.3170,368847.5625,369314
2022-01-04,366411.2927,366411.2927,355691.8134,356179.0625,803676
2022-01-05,352768.3627,352768.3627,343023.3803,345946.8750,1151703
2022-01-06,339612.6065,340587.1047,328893.1268,329867.6250,1280916
2022-01-07,329380.3750,334740.1148,328405.8768,329380.3750,787839
2022-01-10,330354.8992,330842.1483,320609.9169,326456.9062,828611
2022-01-11,327431.4045,335714.6394,325969.6571,326456.9062,805084
2022-01-12,330842.1359,343510.6123,330842.1359,336689.1250,1047713
2022-01-13,339125.3750,343023.3678,335227.3822,339125.3750,677226
2022-01-14,332303.9080,333765.6554,326944.1675,333278.4062,504907
2022-01-17,331816.6924,337663.6826,330842.1941,334740.1875,418789
2022-01-18,337663.6093,339125.3565,326944.1296,329380.3750,441573
2022-01-19,321584.3797,325482.3722,319635.3835,324020.6250,749338
2022-01-20,322558.9133,327918.6536,318173.6713,326456.9062,695553
2022-01-21,322071.6297,331816.6109,321584.3806,324507.8750,580928
2022-01-24,324507.8664,325482.3645,319148.1269,320122.6250,494977
2022-01-25,321097.1744,323046.1709,309890.4445,313788.4375,799996
2022-01-26,313788.4375,313788.4375,313788.4375,313788.4375,0
2022-01-27,299170.9617,307454.1968,295272.9688,295272.9688,949565
2022-01-28,289425.9611,303068.9357,289425.9611,302094.4375,974351
2022-02-03,317199.2105,317686.4596,311839.4696,312326.7188,884438
2022-02-04,313301.1365,321097.1212,312813.8874,319148.1250,548945
2022-02-07,320122.6221,320609.8712,312326.6374,318660.8750,492656
2022-02-08,318660.8750,318660.8750,318660.8750,318660.8750,0
2022-02-09,318660.8750,318660.8750,318660.8750,318660.8750,0
2022-02-10,318173.6344,328893.1137,318173.6344,323046.1250,701866
2022-02-11,318173.6269,322071.6193,315250.1326,319148.1250,450896
2022-02-14,317686.4305,318660.9288,309890.4445,313788.4375,424845
2022-02-15,316711.8941,317199.1432,307941.4109,310377.6562,335584
2022-02-16,314275.6599,317199.1544,311839.4145,316224.6562,447832
2022-02-17,316711.9053,319635.3998,310864.9163,316224.6562,481773
2022-02-18,311352.1848,311839.4340,307454.1919,309890.4375,549382
2022-02-21,309890.4375,309890.4375,309890.4375,309890.4375,0
2022-02-22,309890.4375,309890.4375,309890.4375,309890.4375,0
2022-02-23,309890.4375,309890.4375,309890.4375,309890.4375,0
2022-02-24,297221.9329,298196.4310,292349.4421,294785.6875,666538
2022-02-25,300145.4491,309403.1821,297221.9545,306479.6875,857872
2022-02-28,306479.6875,306479.6875,306479.6875,306479.6875,0
2022-03-02,310864.9340,311352.1831,304043.4464,308915.9375,546099
2022-03-03,310864.9181,318660.9035,310377.6690,317199.1562,580888
2022-03-04,317199.1562,317199.1562,317199.1562,317199.1562,0
2022-03-07,301119.9338,301607.1829,297221.9412,299170.9375,535033
2022-03-08,294298.4421,301607.1783,293811.1930,296734.6875,559921
2022-03-10,296734.6875,296734.6875,296734.6875,296734.6875,0
2022-03-11,296734.6875,296734.6875,296734.6875,296734.6875,0
2022-03-14,320122.6572,329380.3900,316711.9135,320609.9062,679812
2022-03-15,320609.9062,320609.9062,320609.9062,320609.9062,0
2022-03-16,320609.9062,320609.9062,320609.9062,320609.9062,0
2022-03-17,320609.9062,320609.9062,320609.9062,320609.9062,0
2022-03-18,336201.8741,337663.6214,332791.1304,335714.6250,722326
2022-03-21,335714.6250,335714.6250,335714.6250,335714.6250,0
2022-03-22,331329.3741,332303.8722,327431.3814,330842.1250,301259
2022-03-23,334252.8795,338638.1214,332791.1322,336689.1250,504911
2022-03-24,330842.1259,333278.3713,326456.8842,331329.3750,528012
2022-03-25,330842.1128,331329.3619,324020.6259,324507.8750,559026
2022-03-28,321097.1288,324020.6231,315737.3891,323046.1250,356589
2022-03-29,325969.6554,329380.3991,323533.4098,325482.4062,323767
2022-03-30,333278.3695,333278.3695,328405.8787,330354.8750,454373
2022-03-31,332791.1858,333278.4350,329867.6908,331816.6875,427064
2022-04-01,331329.3666,331816.6157,326944.1250,326944.1250,446987
2022-04-04,326944.1296,330354.8732,323533.3861,329380.3750,283687
2022-04-05,331816.6286,334252.8741,329380.3832,333765.6250,389951
2022-04-06,327918.6127,329380.3598,320609.8769,321584.3750,647201
2022-04-07,314762.9026,320122.6424,312813.9062,312813.9062,493204
2022-04-08,313788.4277,316224.6733,303556.1964,308428.6875,626173
2022-04-11,303068.9100,305017.9062,300145.4157,305017.9062,507362
2022-04-12,298196.4111,303068.9014,297221.9130,300632.6562,467984
2022-04-13,298196.4457,303556.1857,296247.4493,302581.6875,519629
2022-04-14,303556.1591,307454.1515,300632.6648,305017.9062,459979
2022-04-15,301119.9053,305992.3957,297709.1620,300632.6562,369642
2022-04-18,298196.4696,300145.4662,297221.9713,298683.7188,209787
2022-04-19,300145.4447,305992.4339,299658.1956,304043.4375,371024
2022-04-20,307454.2188,308915.9662,304043.4746,307454.2188,496286
2022-04-21,302581.6857,303068.9348,298196.4439,301607.1875,803990
2022-04-22,294298.4338,296247.4300,291862.1884,292349.4375,1166406
2022-04-25,285040.7114,287476.9568,280655.4697,281142.7188,823308
2022-04-26,281142.7160,284066.2104,277731.9725,279680.9688,804555
2022-04-27,272372.1895,274808.4345,269935.9445,273346.6875,875090
2022-04-28,278706.4265,278706.4265,271397.6915,273346.6875,547958
2022-04-29,275295.7570,280168.2483,274321.2587,279193.7500,540274
2022-05-02,273834.0000,275295.7473,271885.0036,273834.0000,509250
2022-05-03,273346.7527,276757.4965,272859.5035,274808.5000,419535
2022-05-04,274808.5000,279680.9911,272372.2544,274808.5000,394212
2022-05-06,265550.7491,267986.9945,261165.5074,265063.5000,787063
2022-05-10,262140.0127,270423.2473,262140.0127,268961.5000,732705
2022-05-11,266525.2599,271885.0000,266038.0108,271885.0000,473201
2022-05-12,266525.2435,268961.4889,263114.5000,263114.5000,611860
2022-05-13,265063.4736,267986.9678,262627.2284,267499.7188,474153
2022-05-16,270910.5235,271885.0218,266038.0321,266525.2812,385763
2022-05-17,266525.2536,268961.4991,265063.5064,268474.2500,430794
2022-05-18,272372.2762,273346.7745,267987.0338,269448.7812,536493
2022-05-19,261652.7246,266037.9658,259703.7285,264576.2188,625683
2022-05-20,263114.5398,269936.0278,262140.0415,267987.0312,468832
2022-05-23,267986.9735,270910.4678,266525.2264,270423.2188,317519
2022-05-24,267987.0154,268474.2645,259216.5312,259216.5312,574617
2022-05-25,259703.7804,261652.7768,255805.7874,259216.5312,533307
2022-05-26,262627.2751,265550.7698,259216.5312,259216.5312,541194
2022-05-27,264088.9981,265063.4963,261652.7528,263114.5000,481191
2022-05-30,267012.5125,275295.7473,266525.2633,273834.0000,751170
2022-05-31,274321.2307,282117.2160,270423.2381,280655.4688,1515701
2022-06-02,283091.7178,283578.9669,276757.4797,282604.4688,608586
2022-06-03,286015.2077,286989.7058,278706.4715,280168.2188,470483
2022-06-07,275295.7419,276757.4892,268961.5036,270910.5000,660801
2022-06-08,272372.2473,272859.4964,267499.7563,270910.5000,400681
2022-06-09,268474.2139,270423.2100,262139.9765,266037.9688,753205
2022-06-10,262140.0019,267499.7417,261652.7528,263114.5000,497525
2022-06-13,255318.5165,256293.0146,247522.5312,247522.5312,928643
2022-06-14,239726.5290,248984.2608,238752.0309,246548.0156,731127
2022-06-15,243624.5527,245573.5491,235341.3179,238264.8125,751618
2022-06-16,242650.0299,244599.0261,233392.2978,233879.5469,737844
2022-06-17,226570.8370,235341.3210,226570.8370,231443.3281,990192
2022-06-20,233392.3182,234854.0655,224134.5853,228032.5781,719666
2022-06-21,229981.5843,235341.3246,228519.8369,233392.3281,526317
2022-06-22,233392.3088,233392.3088,221211.0818,223160.0781,894578
2022-06-23,223160.0871,233392.3182,223160.0871,228032.5781,894526
2022-06-24,232417.8284,243624.5581,229981.5828,241188.3125,990710
2022-06-27,241188.3151,247035.3046,238264.8204,242650.0625,634239
2022-06-28,242162.7887,246548.0303,239726.5433,246060.7812,460119
2022-06-29,240213.7969,242650.0423,238264.8006,240213.7969,464699
2022-06-30,235341.2940,238752.0374,230468.8035,233879.5469,764891
2022-07-01,233879.5728,236315.8183,227545.3344,230956.0781,527033
2022-07-04,231443.3236,233879.5691,224621.8362,229007.0781,512776
2022-07-05,232417.8053,242162.7866,230956.0581,236803.0469,654854
2022-07-06,233879.5688,243137.3017,230468.8251,237290.3125,875386
2022-07-07,239726.5607,242650.0554,236803.0661,238752.0625,547620
2022-07-08,240701.0660,246060.8064,239726.5678,242650.0625,652395
2022-07-11,239726.5525,241675.5489,232417.8161,234366.8125,554603
2022-07-12,230468.8227,231443.3209,224621.8335,227545.3281,601679
2022-07-13,226083.5879,232905.0755,226083.5879,231443.3281,451619
2022-07-14,226083.5808,229981.5736,225109.0826,227545.3281,611226
2022-07-15,228519.8376,228519.8376,222185.5990,225109.0938,826920
2022-07-18,228032.5699,240701.0460,227058.0717,240213.7969,986963
2022-07-19,236315.8143,237777.5616,233879.5688,237290.3125,350932
2022-07-20,244599.0536,247035.2992,238264.8152,239726.5625,635582
2022-07-21,242162.8005,249958.7860,240213.8041,244111.7969,567875
2022-07-22,243624.5312,247035.2747,240701.0369,243624.5312,465586
2022-07-25,241675.5469,242650.0450,237777.5542,241675.5469,380368
2022-07-26,238264.8134,238752.0625,234366.8205,238752.0625,432397
2022-07-27,241188.3098,241188.3098,234854.0714,239726.5625,576997
2022-07-28,244599.0395,248497.0322,239239.2996,240701.0469,564324
2022-07-29,245573.5591,255318.5416,245086.3100,252395.0469,1105156
2022-08-01,253856.7943,254831.2925,249958.8012,252395.0469,532517
2022-08-02,253856.7943,253856.7943,247522.5556,252395.0469,551218
2022-08-03,249471.5093,264088.9805,248497.0112,262139.9844,831121
2022-08-04,265550.7830,270910.5235,264089.0355,266525.2812,960547
2022-08-05,270423.2303,273833.9738,258729.2528,260191.0000,949836
2022-08-08,254344.0267,254831.2758,250446.0340,251907.7812,940226
2022-08-09,254343.9922,260190.9805,252882.2451,258241.9844,529474
2022-08-10,255805.7804,259216.5241,254344.0330,255318.5312,317975
2022-08-11,262627.2777,264089.0251,259216.5339,260678.2812,517715
2022-08-12,260678.2462,262627.2425,258242.0009,258729.2500,402713
2022-08-16,261652.7650,262140.0141,251420.5340,252882.2812,864710
2022-08-17,252395.0137,253369.5119,248009.7722,251420.5156,433453
2022-08-18,247522.5237,249471.5200,242650.0331,243624.5312,788467
2022-08-19,244111.7923,244599.0414,239726.5505,241675.5469,382703
2022-08-22,238752.0478,240701.0441,235341.3043,239239.2969,340467
2022-08-23,237290.3080,238264.8061,233879.5643,234854.0625,400035
2022-08-24,235828.5303,237290.2774,234366.7832,235341.2812,344838
2022-08-25,236803.0652,242162.8053,235828.5670,238264.8125,347778
2022-08-26,239726.5553,240213.8044,235341.3134,235828.5625,306637
2022-08-29,226570.8308,229494.3254,225596.3326,228032.5781,610295
2022-08-30,228519.8189,233392.3097,228519.8189,231930.5625,306143
2022-08-31,228519.8073,234366.7959,226570.8110,233879.5469,424718
2022-09-01,229981.5625,231930.5588,227058.0681,229981.5625,410984
2022-09-02,231443.3218,232905.0691,226570.8308,228032.5781,374672
2022-09-05,227545.3171,231930.5588,227545.3171,229981.5625,327916
2022-09-06,231443.3236,231443.3236,227545.3308,229007.0781,240015
2022-09-07,227545.3245,227545.3245,222185.5845,225596.3281,480805
2022-09-08,227058.0754,228519.8227,222672.8336,225596.3281,542651
2022-09-13,229981.5671,233392.3107,229494.3180,232417.8125,510894
2022-09-14,222672.8464,225109.0920,220236.6008,224134.5938,552863
2022-09-15,225109.0838,225109.0838,219749.3438,219749.3438,525459
2022-09-16,215851.3410,217313.0882,213902.3447,214389.5938,777712
2022-09-19,213902.3567,215364.1040,211466.1112,212440.6094,502182
2022-09-20,214876.8549,216338.6022,212440.6094,212440.6094,240498
2022-09-21,210978.8371,211466.0861,206593.5957,207568.0938,493972
2022-09-22,202208.3889,204157.3854,198797.6450,201233.8906,693460
2022-09-23,202208.3649,207080.8557,202208.3649,205131.8594,655441
2022-09-26,200259.3732,202695.6186,198797.6259,199284.8750,513342
2022-09-27,197335.8787,200746.6222,193925.1351,199284.8750,641394
2022-09-28,197335.8713,198310.3694,192950.6297,195386.8750,579635
2022-09-29,198729.0743,200686.9963,191876.3476,192365.8281,612278
2022-09-30,187471.0157,193834.2616,186492.0547,189428.9375,924294
2022-10-04,187960.4873,187960.4873,171807.6329,172786.5938,3753785
2022-10-05,166912.8561,172297.1418,160549.6094,160549.6094,6634375
2022-10-06,160060.1209,165444.4063,159570.6404,163486.4844,3477299
2022-10-07,160549.5777,163975.9407,156144.2540,156633.7344,2596863
2022-10-11,153207.3906,156144.2735,152717.9101,155165.3125,1835014
2022-10-12,155165.2933,161039.0584,154675.8129,158591.6562,1515631
2022-10-13,157123.2344,157612.7149,151738.9491,155165.3125,1487183
2022-10-14,160060.1094,164954.9140,159570.6290,162018.0312,1568930
2022-10-17,159081.1599,164465.4454,157123.2380,163486.4844,1436527
2022-10-18,166912.8591,169360.2618,165444.4176,168870.7812,1414552
2022-10-19,168870.7497,169849.7106,164954.9062,164954.9062,1172766
2022-10-20,164465.4258,164954.9062,159570.6215,164954.9062,1098598
2022-10-21,161528.5392,164465.4217,160549.5783,162507.5000,749769
2022-10-24,165444.4145,166423.3756,159570.6483,160549.6094,888373
2022-10-25,161039.0703,163486.4726,160549.5899,162018.0312,547041
2022-10-26,161528.5668,161528.5668,155654.8007,156144.2812,1352211
2022-10-27,155654.7968,158591.6797,152717.9138,157612.7188,1058992
2022-10-28,154675.8127,157612.6952,153696.8519,156633.7344,777329
2022-10-31,160060.0944,166912.8202,158102.1728,165933.8594,1585289
2022-11-01,164465.4260,167402.3086,162996.9846,166912.8281,768757
2022-11-02,166423.3594,173276.0859,165444.3984,170339.2031,1585072
2022-11-03,164954.8946,166912.8162,162507.4926,165444.3750,1017930
2022-11-04,163975.9570,170828.6836,163975.9570,170339.2031,1248339
2022-11-07,173276.0614,174255.0222,164465.4142,165444.3750,2128304
2022-11-08,168381.2623,175233.9881,167402.3015,173765.5469,2549625
2022-11-09,174744.5273,179149.8516,173765.5664,176212.9688,1596245
2022-11-10,173765.5664,176212.9688,172297.1250,172297.1250,975484
2022-11-11,185023.6134,192365.8203,182086.7306,189428.9375,3312709
2022-11-14,189918.4098,190407.8903,184044.6446,184534.1250,1776156
2022-11-15,186002.5627,188449.9648,184044.6410,187960.4844,889734
2022-11-16,189918.4179,190407.8983,183065.6915,185513.0938,1156594
2022-11-17,184044.6562,185513.0977,182576.2148,184044.6562,825254
2022-11-18,183555.1718,186002.5741,180618.2891,181597.2500,784241
2022-11-21,182086.7224,183555.1637,177191.9181,178660.3594,614738
2022-11-22,177681.3984,180618.2810,175723.4766,176702.4375,631550
2022-11-23,180128.8244,182086.7464,177191.9414,177681.4219,780342
2022-11-24,179149.8516,184044.6562,178660.3711,184044.6562,969322
2022-11-25,183065.6874,185023.6092,181107.7656,181107.7656,440351
2022-11-28,180128.8006,180618.2810,176702.4375,176702.4375,550985
2022-11-29,174744.5159,179639.3202,174744.5159,178660.3594,481120
2022-11-30,177681.4026,183065.6875,176702.4417,183065.6875,880333
2022-12-01,190407.8983,190897.3788,183555.1719,183555.1719,1218297
2022-12-02,184044.6523,186492.0546,181597.2500,181597.2500,796841
2022-12-05,183065.6762,190897.3629,182576.1958,187471.0000,1224361
2022-12-06,185513.0937,186002.5741,181107.7695,181597.2500,877534
2022-12-07,179149.8321,183555.1558,178660.3517,179639.3125,646753
2022-12-08,180128.8086,182576.2109,177681.4063,181597.2500,709428
2022-12-09,183555.1683,190897.3750,183065.6878,190897.3750,1081470
2022-12-12,188449.9727,192365.8163,186492.0509,188939.4531,652814
2022-12-13,191386.8554,192855.2967,186981.5313,188939.4531,692706
2022-12-14,189918.4180,190897.3789,187471.0157,189428.9375,708760
2022-12-15,186981.5268,186981.5268,178660.3594,178660.3594,1270685
2022-12-16,174255.0353,178660.3592,173765.5549,176702.4375,913806
2022-12-19,175723.4692,180128.7929,175723.4692,179639.3125,574398
2022-12-20,178170.8788,180128.8006,175233.9962,176702.4375,625022
2022-12-21,178660.3711,179149.8516,176212.9688,176212.9688,302976
2022-12-22,178170.8945,181597.2578,176702.4530,180618.2969,466951
2022-12-23,176702.4334,178170.8746,174255.0312,174255.0312,613209
2022-12-26,174744.5312,176702.4532,173276.0898,174744.5312,350843
2022-12-27,175723.4805,178660.3632,175234.0001,177191.9219,492232
2022-12-28,175234.0078,179639.3320,174255.0469,176212.9688,580495
2022-12-29,176212.9489,181107.7531,173765.5469,173765.5469,656658
2023-01-02,175723.4844,176212.9648,172297.1212,175723.4844,438162
2023-01-03,173276.0898,175723.4922,169849.7265,174744.5312,573137
2023-01-04,173276.0746,179639.3202,173276.0746,178660.3594,792920
2023-01-05,180618.2775,186002.5622,180128.7970,182086.7188,1107483
2023-01-06,181597.2461,183065.6874,178660.3634,181107.7656,741129
2023-01-09,185513.1014,192365.8281,185023.6209,192365.8281,1115201
2023-01-10,188939.4531,191876.3358,186492.0509,188939.4531,839225
2023-01-11,193344.7772,196281.6599,190407.8946,190897.3750,1030650
2023-01-12,193834.2656,194813.2266,189918.4219,189918.4219,797343
2023-01-13,191876.3359,196281.6599,190897.3750,190897.3750,869459
2023-01-16,192855.2778,196771.1210,190897.3562,196281.6406,846276
2023-01-17,196771.1444,196771.1444,189428.9375,189428.9375,976576
2023-01-18,189918.4025,191876.3242,188939.4417,191386.8438,518929
2023-01-19,189918.4064,192365.8086,188449.9651,191876.3281,475600
2023-01-20,191386.8477,196771.1324,190897.3673,191876.3281,787881
2023-01-25,196281.6525,199218.5350,195400.5877,197750.0938,4625
2023-01-26,198239.5742,199708.0155,195694.2759,197750.0938,5156
2023-01-27,200197.5079,207050.2344,197750.1056,207050.2344,6621
2023-01-30,207539.7107,209497.6325,202155.4258,202644.9062,4949
2023-01-31,201665.9454,204113.3476,197750.1018,202644.9062,3824
2023-02-01,200197.5078,204113.3515,198239.5860,201176.4688,2827
2023-02-02,208518.6756,209008.1561,206071.2733,201176.4688,20981
2023-02-03,209497.6367,220755.6872,206071.2735,207050.2344,11490
2023-02-06,216350.3632,219776.7264,210966.0781,210966.0781,12489
2023-02-07,211455.5587,215860.8828,210476.5977,214881.9219,6245
2023-02-08,219776.7343,227118.9414,219287.2538,225650.5000,9889
2023-02-09,219776.7000,225650.4648,219287.2196,225160.9844,8793
2023-02-10,221245.1412,225650.4648,217329.2980,225160.9844,6957
2023-02-13,226139.9685,226139.9685,215860.8790,218308.2812,7040
2023-02-14,221734.6365,223692.5583,218308.2735,219287.2344,4249
2023-02-15,219776.7264,219776.7264,210476.5977,210966.0781,10250
2023-02-16,213413.4882,217818.8125,213413.4882,215860.8906,2933
2023-02-17,211455.5586,214392.4413,207539.7149,210966.0781,4039
2023-02-20,210966.0743,215371.3984,209008.1525,214392.4375,2145
2023-02-21,215860.8827,215860.8827,210476.5977,210966.0781,6766
2023-02-22,207050.2344,209008.1562,206071.2735,207050.2344,4098
2023-02-23,207539.7149,209987.1172,206560.7540,209008.1562,4285
2023-02-24,209008.1441,209497.6245,202644.8985,203623.8594,6114
2023-02-27,199708.0159,204602.8202,199708.0159,203623.8594,930467
2023-02-28,205092.3046,207539.7068,203134.3829,204113.3438,848323
2023-03-02,203134.3788,205092.3005,200686.9766,201665.9375,817689
2023-03-03,203134.3906,206071.2733,201176.4688,201176.4688,729689
2023-03-06,204113.3441,209987.1094,204113.3441,209987.1094,1052243
2023-03-07,209497.6485,209987.1290,206071.2851,206560.7656,640146
2023-03-08,204113.3595,204602.8400,197750.1133,198239.5938,1027023
2023-03-09,200197.4959,201665.9372,197750.0938,197750.0938,760330
2023-03-10,193834.2610,196771.1437,193638.4688,195596.3906,854741
2023-03-13,195596.3992,198729.0742,190505.8022,198239.5938,1035513
2023-03-14,195792.1716,197750.0933,191876.3281,191876.3281,776395
2023-03-15,195792.1652,196771.1261,190407.8807,192267.9062,838555
2023-03-16,189526.8245,194225.8366,188058.3831,192953.1875,708127
2023-03-17,196771.1484,197750.1094,193051.0969,193834.2656,778496
2023-03-20,193834.2618,199708.0273,193834.2618,197260.6250,602589
2023-03-21,198239.5622,199218.5230,195792.1602,196281.6406,403322
2023-03-22,199218.5431,203134.3867,198729.0627,202644.9062,655503
2023-03-23,199708.0156,200686.9765,197750.0939,199708.0156,607503
2023-03-24,200197.5157,200197.5157,196281.6718,198239.5938,599102
2023-03-27,197260.6202,197750.1007,194030.0493,195106.9062,611569
2023-03-28,195400.5992,196771.1445,193638.4696,195302.7031,586388
2023-03-29,193834.2524,196771.1350,193834.2524,194911.1094,442034
2023-03-30,196281.6602,196771.1406,193932.1540,196771.1406,788108
2023-03-31,199218.5350,199218.5350,194911.1073,197750.0938,937726
2023-04-03,199218.5396,200197.5004,193932.1508,194030.0469,794745
2023-04-04,194030.0501,196771.1406,193932.1540,196771.1406,575220
2023-04-05,196771.1295,198239.5708,194911.1039,195009.0000,485125
2023-04-06,194030.0312,194127.9273,187862.5781,187862.5781,1409355
2023-04-07,188939.4469,191288.9530,188841.5508,189331.0312,531141
2023-04-10,189233.1414,189624.7258,186492.0509,188939.4531,783772
2023-04-11,189233.1545,195792.1930,189233.1545,195694.2969,1137837
2023-04-12,195106.9148,196281.6680,192757.4086,193834.2656,700638
2023-04-13,192072.1141,194617.4122,191484.7376,192267.9062,727674
2023-04-14,194519.5305,196281.6601,192855.2970,194813.2188,964852
2023-04-17,194813.2187,195106.9069,192170.0242,192855.2969,556371
2023-04-18,191974.2271,192757.3958,187471.0071,188743.6562,1022386
2023-04-19,188352.0702,188449.9663,187373.1094,187373.1094,612192
2023-04-20,187568.9219,188645.7789,185904.6882,187568.9219,581315
2023-04-21,187471.0030,188058.3795,186100.4578,186296.2500,479007
2023-04-24,185023.6172,187764.7078,184534.1367,186002.5781,469050
2023-04-25,186002.5725,187177.3256,182086.7289,182184.6250,778485
2023-04-26,181890.9368,186883.6374,181793.0407,184142.5469,671910
2023-04-27,184044.6765,185415.2220,182576.2350,184240.4688,470891
2023-04-28,186002.5619,189331.0288,186002.5619,188254.1719,902999
2023-05-02,188156.2735,189135.2344,187373.1049,189135.2344,491178
2023-05-03,187764.6907,189331.0281,187275.2103,188547.8594,448203
2023-05-04,187079.4298,193148.9875,185023.6119,191974.2344,900385
2023-05-08,196281.6604,203134.3867,194030.0503,202644.9062,2034862
2023-05-09,204602.8437,209987.1290,204113.3632,206560.7656,1855368
2023-05-10,206560.7421,208029.1834,202155.4182,205581.7812,763447
2023-05-11,208518.6876,211455.5705,206071.2851,206560.7656,825757
2023-05-12,207539.7149,209497.6367,205581.7930,209008.1562,666880
2023-05-15,207539.7188,209008.1602,203134.3945,207539.7188,584184
2023-05-16,208029.1952,209008.1561,202644.9102,203134.3906,528940
2023-05-17,203134.3717,209497.6171,203134.3717,208518.6562,538104
2023-05-18,209008.1484,209497.6288,205581.7853,208029.1875,378470
2023-05-19,209497.6445,212434.5274,208029.2031,211945.0469,870698
2023-05-22,210966.0742,213413.4765,209497.6328,210476.5938,534887
2023-05-23,210966.0820,211455.5625,207050.2383,207539.7188,550247
2023-05-24,203623.8670,205092.3083,198239.5821,198729.0625,1210194
2023-05-25,198239.5745,203134.3788,198239.5745,201665.9375,791642
2023-05-26,200197.5157,202644.9181,198239.5938,198239.5938,505880
2023-05-30,200686.9882,200686.9882,196281.6641,197260.6250,609318
2023-05-31,197260.6250,198729.0663,194911.1188,195302.7031,993582
2023-06-01,195694.2761,199708.0156,195694.2761,199708.0156,547388
2023-06-02,200197.5000,200686.9804,198239.5782,200197.5000,405330
2023-06-05,201176.4609,202155.4218,199708.0196,200197.5000,428762
2023-06-07,202155.4257,203623.8671,199708.0235,200686.9844,553505
2023-06-08,198729.0426,199218.5230,195792.1602,196281.6406,717690
2023-06-09,197750.0818,200686.9642,196281.6406,196281.6406,546093
2023-06-12,198239.5622,199218.5230,195498.4720,196281.6406,417698
2023-06-13,197750.1015,198729.0624,195400.5954,196771.1406,565013
2023-06-14,196771.1295,197750.0904,194127.9352,195009.0000,666340
2023-06-15,195792.1602,198239.5622,195694.2641,196281.6406,557684
2023-06-16,198239.5938,200197.5157,197750.1133,198239.5938,751013
2023-06-19,198239.5564,198239.5564,194323.7133,194421.6094,669785
2023-06-20,195302.6953,196771.1366,193736.3578,194323.7344,437974
2023-06-21,194911.1284,195009.0245,185904.6875,185904.6875,1358963
2023-06-22,185415.1931,189135.2444,185317.2970,187275.2188,580244
2023-06-23,187471.0013,187960.4817,184925.7031,184925.7031,689964
2023-06-26,183750.9501,187177.3131,183653.0540,184925.7031,489487
2023-06-27,184044.6460,184044.6460,180226.6985,181988.8281,877288
2023-06-28,183555.1631,184142.5396,178954.0470,180911.9688,717140
2023-06-29,180337.9970,182692.7913,179945.5312,179945.5312,578195
2023-06-30,179847.4103,181024.8074,177198.2667,179356.8281,683584
2023-07-03,179356.8382,187009.9199,179356.8382,185734.4062,869777
2023-07-04,184655.1054,186617.4338,183183.3591,185145.6875,491576
2023-07-05,184458.8871,186617.4485,182987.1406,182987.1406,686759
2023-07-06,182005.9818,192504.4400,182005.9818,191817.6250,1503767
2023-07-07,191915.7455,193583.7249,190149.6497,191327.0469,832803
2023-07-10,191327.0332,192602.5467,189070.3554,189560.9375,509523
2023-07-11,192995.0131,193878.0610,190934.5682,193681.8281,524208
2023-07-12,193681.8165,198685.7540,192013.8373,198195.1719,865666
2023-07-13,200648.0884,202610.4169,195742.2672,195938.5000,941626
2023-07-14,198195.1831,200648.0938,196723.4367,200648.0938,739825
2023-07-17,202119.8553,203101.0197,198685.7801,202610.4375,705819
2023-07-18,201629.2533,205553.9102,200648.0890,205063.3281,803341
2023-07-19,205553.9151,205553.9151,200648.0938,200648.0938,687227
2023-07-20,198685.7652,204572.7508,198685.7652,200648.0938,578731
2023-07-21,198685.7687,202610.4259,196723.4402,202119.8438,629745
2023-07-24,201629.2544,202610.4186,197704.5974,199176.3438,662414
2023-07-25,198195.1956,199666.9421,195546.0519,197214.0312,661241
2023-07-26,197704.5960,198685.7603,191228.9120,193976.1719,1068784
2023-07-27,193779.9498,208006.8322,193289.3676,207516.2500,1442727
2023-07-28,207516.2540,208497.4184,202119.8503,207025.6719,952122
2023-07-31,210459.7283,223705.4455,208497.3998,222724.2812,2725703
2023-08-01,228120.6835,234988.8331,226158.3550,228611.2656,3102468
2023-08-02,230573.5910,230573.5910,221743.1130,223214.8594,1388773
2023-08-03,222233.6998,223214.8641,214874.9680,218799.6250,1430439
2023-08-04,226158.3688,231064.1902,215856.1437,219290.2188,2561625
2023-08-07,222233.7017,236951.1653,220761.9553,230083.0156,3055268
2023-08-08,236460.5813,236951.1634,218799.6250,218799.6250,1933999
2023-08-09,220761.9488,228120.6805,219780.7846,223214.8594,1277473
2023-08-10,219290.2068,220761.9531,215856.1319,220761.9531,928409
2023-08-11,222724.2901,227139.5293,217818.4688,217818.4688,939248
2023-08-14,218309.0432,220271.3717,216346.7148,216837.2969,572079
2023-08-16,215365.5541,221252.5396,213893.8077,218309.0469,943493
2023-08-17,216837.3053,217818.4696,211931.4839,213893.8125,880587
2023-08-18,209478.5862,213403.2436,207025.6754,208497.4219,886686
2023-08-21,208987.9880,213893.8093,208987.9880,210459.7344,691652
2023-08-22,213893.8042,220271.3717,212912.6399,216837.2969,1005692
2023-08-23,217818.4581,217818.4581,211440.8906,211440.8906,868139
2023-08-24,216837.3106,230573.6108,214384.3998,224686.6250,3013711
2023-08-25,217327.8973,217818.4794,206535.0897,207025.6719,2072800
2023-08-28,208987.9960,209478.5781,206044.5031,209478.5781,695518
2023-08-29,209478.5733,214384.3946,209478.5733,213893.8125,805948
2023-08-30,216837.2935,217818.4578,212422.0545,213403.2188,600149
2023-08-31,213403.2272,214874.9736,208987.9880,210459.7344,808546
2023-09-01,210950.3165,211440.8986,208006.8237,210459.7344,569772
2023-09-04,209478.5786,209969.1608,203591.5928,207516.2500,660388
2023-09-05,207516.2616,208988.0081,205553.9329,208006.8438,390882
2023-09-06,206535.0813,210459.7384,203591.5884,209969.1562,808331
2023-09-07,211931.4804,217818.4659,210459.7340,212422.0625,1234068
2023-09-08,213893.8211,213893.8211,208497.4173,210950.3281,595117
2023-09-11,209969.1608,210459.7429,206044.5035,207516.2500,724040
2023-09-12,209478.5615,218309.0395,208987.9794,215365.5469,1284472
2023-09-13,215856.1402,217818.4688,211440.9010,217818.4688,923349
2023-09-14,218799.6207,221743.1134,216346.7102,221252.5312,990793
2023-09-15,220761.9638,225667.7853,220271.3817,225177.2031,1162871
2023-09-18,222724.2782,224686.6067,217327.8750,217327.8750,720909
2023-09-19,217818.4574,217818.4574,214874.9648,215365.5469,448589
2023-09-20,214874.9651,217327.8756,212422.0545,213403.2188,374274
2023-09-21,210950.3214,212422.0679,206044.5000,206044.5000,685787
2023-09-22,202610.4254,206044.5005,202119.8433,204082.1719,485769
2023-09-25,205063.3484,207516.2592,202119.8553,202610.4375,490044
2023-09-26,203101.0173,203591.5994,196232.8669,197214.0312,660374
2023-09-27,194270.5189,198685.7580,193878.0532,197704.5938,419270
2023-10-04,192308.1979,194368.6429,187598.6094,187598.6094,1163452
2023-10-05,188874.1249,190149.6385,185440.0499,185832.5156,622759
2023-10-06,185734.4027,188677.8957,185636.2863,187304.2656,403501
2023-10-10,189168.4722,192602.5472,186224.9794,187598.6094,627779
2023-10-11,190345.8674,192111.9631,189168.4703,189364.7031,603727
2023-10-12,190051.5227,191228.9198,187892.9612,189953.4062,570782
2023-10-13,188089.1805,190051.5089,187304.2491,188187.2969,368249
2023-10-16,186911.7908,188383.5372,184851.3458,186126.8594,568781
2023-10-17,187892.9616,189168.4752,184949.4688,184949.4688,512662
2023-10-18,184851.3670,186421.2300,182005.9904,182790.9219,531306
2023-10-19,179651.1824,180141.7646,177296.3881,177983.2031,789241
2023-10-20,175039.7012,178179.4268,174647.2355,176805.7969,579075
2023-10-23,175922.7580,178768.1345,174843.4773,174941.5938,446010
2023-10-24,178081.3153,183575.8352,176707.6853,183477.7188,802790
2023-10-25,186323.0876,187598.6011,181319.1501,185538.1562,802846
2023-10-26,180534.2262,183281.4862,177885.0827,178473.7812,757629
2023-10-27,179945.5153,182790.8915,179062.4676,181907.8438,520566
2023-10-30,180632.3433,183673.9526,179553.0626,182594.6719,392043
2023-10-31,187402.3789,189070.3582,183183.3725,183870.1875,823369
2023-11-01,186421.1932,187991.0559,183477.7007,184164.5156,511161
2023-11-02,187500.4899,189070.3527,186715.5585,187206.1406,633508
2023-11-03,192111.9654,196723.4375,189462.8219,196723.4375,1272388
2023-11-06,200648.1013,203591.5942,196232.8619,201629.2656,1000560
2023-11-07,198685.7661,200157.5125,193878.0611,196723.4375,782666
2023-11-08,196232.8552,198195.1838,193681.8281,193681.8281,586525
2023-11-09,193387.4849,196723.4435,192308.2041,194466.7656,592942
2023-11-10,192602.5346,194761.0959,189855.2748,191032.6719,674585
2023-11-13,193681.8228,195251.6856,188874.1180,188972.2344,499910
2023-11-14,190443.9797,195153.5680,190345.8632,194859.2188,478385
2023-11-15,199666.9370,202119.8478,198195.1905,201629.2656,846436
2023-11-16,200157.5080,200648.0901,196723.4331,199176.3438,425403
2023-11-17,199176.3361,200157.5003,196232.8434,198195.1719,406874
2023-11-20,196723.4371,199666.9299,196232.8549,198685.7656,272327
2023-11-21,201138.6759,203591.5866,200157.5116,200648.0938,463033
2023-11-22,198685.7570,203591.5781,196723.4285,203591.5781,357391
2023-11-23,202610.4299,204082.1764,200648.1013,201629.2656,345224
2023-11-24,201629.2656,203591.5942,200157.5192,201629.2656,335280
2023-11-27,201629.2616,207025.6652,201138.6795,202119.8438,538210
2023-11-28,204082.1602,206044.4887,200648.0854,203591.5781,550801
2023-11-29,204572.7424,205063.3245,201629.2497,203591.5781,496563
2023-11-30,202610.4254,205553.9183,202610.4254,204082.1719,642304
2023-12-01,204082.1723,206044.5009,200157.5152,202119.8438,542598
2023-12-04,204082.1675,209969.1531,203591.5853,206535.0781,706500
2023-12-05,206044.4916,212422.0592,205553.9095,208987.9844,890514
2023-12-06,209969.1603,211440.9067,208497.4138,209478.5781,494143
2023-12-07,209969.1684,210950.3327,206044.5110,208497.4219,521170
2023-12-08,211440.8903,214874.9651,210950.3082,213403.2188,685720
2023-12-11,214384.3830,216346.7114,210950.3082,213403.2188,513760
2023-12-12,212422.0710,215365.5639,208497.4138,209478.5781,710270
2023-12-13,208006.8317,211440.9067,208006.8317,209478.5781,435945
2023-12-14,214384.3859,220761.9535,212912.6396,218799.6250,1761941
2023-12-15,218799.6168,222233.6915,217818.4526,221743.1094,899325
2023-12-18,221743.1177,222233.6998,217818.4608,218799.6250,555176
2023-12-19,218309.0469,220271.3754,216837.3005,218309.0469,497403
2023-12-20,219780.7937,221252.5400,215365.5545,216346.7188,874344
2023-12-21,214384.3910,215856.1374,211440.8982,212422.0625,844340
2023-12-22,214384.4032,214874.9854,210950.3281,210950.3281,571741
2023-12-26,212422.0549,213403.2191,210950.3085,211440.8906,458545
2023-12-27,212711.2517,219604.6719,212218.8645,219604.6719,609910
2023-12-28,220589.4375,220589.4375,217635.1147,220589.4375,525435
2024-01-02,219112.2694,225513.3020,217635.1080,224036.1406,716469
2024-01-03,220097.0678,220589.4550,216650.3575,218619.9062,690960
2024-01-04,217635.1232,222066.6077,217142.7361,219604.6719,538911
2024-01-05,219112.2988,220589.4603,216157.9756,217142.7500,387884
2024-01-08,218619.9060,227975.2624,218619.9060,223051.3906,1054917
2024-01-09,226005.7031,229452.4132,225020.9288,226005.7031,835945
2024-01-10,226005.6980,229944.7951,223543.7622,227482.8594,702562
2024-01-11,228960.0243,230929.5729,226005.7014,227975.2500,879647
2024-01-12,228467.6459,228960.0330,224528.5485,226990.4844,516678
2024-01-15,226498.0903,226990.4774,220097.0573,226005.7031,205882
2024-01-16,224036.1579,231914.3525,223543.7708,226498.0938,695734
2024-01-17,225020.9180,226990.4665,215173.1754,215665.5625,961856
2024-01-18,213696.0278,216157.9636,211726.4791,213203.6406,730722
2024-01-19,215665.5694,218127.5051,210249.3108,212218.8594,916193
2024-01-22,215665.5799,219112.2901,213696.0312,213696.0312,533513
2024-01-23,214680.7969,216157.9583,212218.8611,214680.7969,388908
2024-01-24,215665.5712,216157.9583,212218.8611,214680.7969,380731
2024-01-25,212711.2641,213696.0384,209264.5538,210249.3281,582265
2024-01-26,208279.7690,215173.1893,208279.7690,213203.6406,406869
2024-01-29,213203.6407,214680.8022,208279.7691,208772.1562,616505
2024-01-30,210741.7032,211234.0903,204833.0573,206310.2188,614246
2024-01-31,205325.4445,206310.2188,196954.8628,197447.2500,1318605
2024-02-01,196462.4740,199416.7969,195576.1771,199416.7969,818613
2024-02-02,206310.2088,218127.5000,204833.0474,218127.5000,1841501
2024-02-05,217142.7417,218127.5161,204833.0625,204833.0625,1721981
2024-02-06,204833.0608,205817.8352,200401.5763,202371.1250,896400
2024-02-07,204833.0538,206310.2152,200893.9566,201386.3438,706209
2024-02-08,203355.8871,204833.0485,201878.7257,202863.5000,628984
2024-02-13,203355.8958,204833.0573,201386.3472,201878.7344,860778
2024-02-14,197447.2483,200401.5712,196265.5191,199416.7969,627951
2024-02-15,201878.7274,206310.2117,200401.5660,200893.9531,945641
2024-02-16,202371.1215,205817.8316,200893.9601,201878.7344,999143
2024-02-19,203355.9011,203355.9011,199909.1910,200401.5781,618150
2024-02-20,200401.5712,202371.1198,198924.4097,199416.7969,708867
2024-02-21,198924.4097,200401.5712,197939.6354,199416.7969,592041
2024-02-22,200893.9548,201386.3420,197447.2448,198924.4062,881700
2024-02-23,199416.7986,199909.1858,196954.8628,197447.2500,731357
2024-02-26,196954.8681,198432.0296,196462.4809,196856.3906,630834
2024-02-27,196856.3819,197447.2465,195674.6528,196954.8594,650795
2024-02-28,197447.2431,200893.9531,196659.4237,200893.9531,597421
2024-02-29,196954.8718,197447.2590,192031.0000,192031.0000,2016957
2024-03-04,191440.1145,194394.4372,189076.6562,189076.6562,1186323
2024-03-05,188879.7065,189864.4808,185826.9062,185826.9062,1096733
2024-03-06,186122.3368,189864.4791,186122.3368,186910.1562,876283
2024-03-07,188288.8472,188584.2795,185334.5243,186122.3438,775759
2024-03-08,187107.1268,187796.4689,185137.5781,185137.5781,750757
2024-03-11,185334.5243,187993.4149,185334.5243,187008.6406,653165
2024-03-12,187796.4549,188288.8420,185531.4740,187599.5000,708580
2024-03-13,188190.3592,188288.8367,185432.9913,185531.4688,812716
2024-03-14,185925.3924,186516.2570,183955.8438,183955.8438,1148654
2024-03-15,183266.5000,185629.9584,183168.0226,183266.5000,1015837
2024-03-18,183364.9792,183660.4115,180410.6562,181296.9531,1054143
2024-03-19,180410.6458,181001.5104,179327.3941,179819.7812,726483
2024-03-20,180213.7101,181592.3942,179819.8003,180312.1875,569076
2024-03-21,181887.8229,184940.6234,181592.3906,181592.3906,1047858
2024-03-22,181789.3453,187894.9463,181789.3453,186023.8750,1280053
2024-03-25,184448.2361,186516.2622,182577.1648,185137.5781,654494
2024-03-26,185137.5781,188091.9011,184448.2360,186023.8750,746583
2024-03-27,186023.8715,188288.8525,185531.4844,186417.7812,590542
2024-03-28,187107.1110,187304.0659,184251.2656,184251.2656,661837
2024-03-29,184448.2257,186023.8646,182281.7222,184546.7031,633233
2024-04-01,185137.5627,191538.5955,185137.5627,191341.6406,1393825
2024-04-02,189569.0434,190159.9079,187599.4949,189076.6562,918137
2024-04-03,188091.8855,194295.9634,187697.9758,190455.3438,1132978
2024-04-04,192917.2795,193015.7569,191144.6858,191341.6406,682404
2024-04-05,189175.1476,190849.2639,187107.1215,190159.9219,484403
2024-04-08,190159.9184,190258.3958,185629.9566,187008.6406,614052
2024-04-09,186220.8212,187599.5052,183758.8854,186122.3438,457312
2024-04-11,183266.4983,185433.0017,180312.1753,180804.5625,1192681
2024-04-12,181887.8177,186417.7796,181789.3403,183069.5469,835729
2024-04-15,181001.5086,181789.3280,179819.7795,180016.7344,636607
2024-04-16,178835.0262,178933.5036,176767.0000,176767.0000,796179
2024-04-17,178047.1979,178835.0174,176865.4688,176865.4688,405813
2024-04-18,177259.3767,178736.5382,177062.4219,177948.7188,599743
2024-04-19,177160.8924,181001.5121,176373.0730,179622.8281,759807
2024-04-22,182380.2014,182478.6788,177554.8073,178145.6719,492109
2024-04-23,178638.0503,179622.8245,177259.3663,177357.8438,468831
2024-04-24,178638.0505,181592.3732,178539.5730,180903.0312,597721
2024-04-25,178736.5365,181789.3368,177456.3299,179918.2656,437455
2024-04-26,181296.9444,181690.8541,178736.5312,178736.5312,438747
2024-04-29,179425.8768,181986.2899,178835.0122,181887.8125,510519
2024-04-30,181789.3455,184645.1911,181001.5260,181592.3906,620050
2024-05-02,182380.2031,187107.1198,181789.3385,185925.3906,1046087
2024-05-03,192030.9878,193409.6719,188584.2778,191637.0781,2291415
2024-05-07,194394.4602,195477.7120,190849.2725,191834.0469,1272598
2024-05-08,191144.6839,191144.6839,186811.6771,187993.4062,1000782
2024-05-09,183069.5417,185826.9097,182675.6320,185433.0000,1129421
2024-05-10,185432.9896,186417.7638,184251.2605,185728.4219,691790
2024-05-13,184054.3195,184054.3195,179622.8351,181493.9062,723861
2024-05-14,182281.7327,184349.7588,181493.9132,181592.3906,542815
2024-05-16,183463.4497,187697.9791,183364.9723,185629.9531,805720
2024-05-17,185728.4253,186910.1544,184152.7865,184448.2188,394214
2024-05-20,185039.0885,185137.5659,180804.5590,181198.4688,569690
2024-05-21,179327.4045,181690.8629,179327.4045,180410.6562,469119
2024-05-22,180016.7361,180509.1232,179524.3490,179819.7812,316154
2024-05-23,179130.4514,180213.7032,177357.8576,179327.4062,406392
2024-05-24,177554.8003,178342.6197,176274.5938,176274.5938,730052
2024-05-27,177259.3680,177357.8454,174698.9549,176274.5938,558709
2024-05-28,175782.2205,175979.1754,174698.9688,174698.9688,563865
2024-05-29,175388.3056,177062.4219,172433.9826,172630.9375,898094
2024-05-30,170858.3473,172237.0314,167805.5469,167805.5469,947416
2024-05-31,167904.0261,169381.1876,167411.6389,167608.5938,1117529
2024-06-03,169381.1892,172827.8994,169184.2343,170070.5312,661878
2024-06-04,169972.0417,174698.9583,169972.0417,174108.0938,758259
2024-06-05,174698.9635,175486.7830,172926.3698,174403.5312,467925
2024-06-07,174797.4322,175782.2065,172237.0191,172729.4062,638712
2024-06-10,170464.4270,172335.4981,168100.9688,168100.9688,744709
2024-06-11,168396.4132,168888.8004,167411.6389,167608.5938,606686
2024-06-12,167411.6232,168297.9200,165146.6424,165835.9844,977784
2024-06-13,167411.6180,170365.9407,167313.1406,167313.1406,982883
2024-06-14,166722.2761,168494.8697,166131.4116,167313.1406,677657
2024-06-17,166229.9063,166820.7709,163472.5382,163571.0156,876593
2024-06-18,164161.8819,166820.7727,163767.9722,164260.3594,663328
2024-06-19,165146.6545,165835.9965,162586.2413,165343.6094,773616
2024-06-20,164949.6979,167116.2014,163964.9236,164654.2656,581688
2024-06-21,163669.5034,165442.0973,163078.6387,165048.1875,872036
2024-06-24,165146.6614,168100.9845,164654.2742,166328.3906,591088
2024-06-25,165639.0470,165836.0018,163177.1111,163866.4531,675119
2024-06-26,163275.5713,166820.7586,162487.7519,165835.9844,635128
2024-06-27,164260.3559,165146.6528,162881.6719,162881.6719,582846
2024-06-28,164752.7378,166426.8541,163374.0538,164358.8281,709968
2024-07-01,162881.6860,163472.5506,159041.0658,160419.7500,1140154
2024-07-02,159139.5225,160025.8194,157169.9740,157465.4062,932343
2024-07-03,157563.8924,159927.3508,157268.4601,157366.9375,608424
2024-07-04,157662.3698,158548.6667,157169.9826,157366.9375,505466
2024-07-05,158154.7551,166032.9497,157760.8454,165540.5625,1306514
2024-07-08,165540.5573,169282.6996,163571.0088,167904.0156,1148160
2024-07-09,168494.8785,170267.4722,167214.6719,168100.9688,661077
2024-07-10,168002.4949,175585.2569,167116.1980,174797.4375,1659106
2024-07-11,175683.7467,175979.1790,172630.9461,173418.7656,791229
2024-07-12,173418.7535,178835.0121,171350.7274,172138.5469,1393405
2024-07-15,175486.7900,177751.7710,173320.2864,173615.7188,925722
2024-07-16,172926.3627,173517.2273,168494.8785,168987.2656,812128
2024-07-17,169381.1754,171843.1111,168987.2657,170759.8594,560011
2024-07-18,170661.3923,172827.8959,168691.8436,172237.0312,523719
2024-07-19,171055.2864,172040.0606,167214.6668,169578.1250,616972
2024-07-22,169381.1892,171252.2605,168100.9825,170070.5312,464293
2024-07-23,171350.7327,174305.0557,168002.5000,168002.5000,599169
2024-07-24,166426.8593,169873.5695,164457.3107,169085.7500,411210
2024-07-25,167411.6336,176471.5573,166919.2464,175289.8281,1473198
2024-07-26,175683.7343,176274.5989,171843.1146,172138.5469,880999
2024-07-29,172630.9323,173517.2291,170956.8160,172335.5000,429619
2024-07-30,171843.1041,173911.1300,169972.0330,170661.3750,402895
2024-07-31,171252.2569,172433.9861,168888.7985,171350.7344,425047
2024-08-01,173812.6614,174305.0486,171843.1129,172335.5000,481980
2024-08-02,169381.1771,169873.5642,167904.0156,168790.3125,674484
2024-08-05,166426.8708,167017.7354,148799.4093,153723.2812,1447269
2024-08-06,157563.8889,160813.6441,154215.6562,155988.2500,1115733
2024-08-07,153723.2708,161010.6007,153624.7933,160222.7812,778054
2024-08-08,157662.3680,161010.6007,156480.6388,160222.7812,724039
2024-08-09,167411.6247,167411.6247,160616.6823,161207.5469,1236721
2024-08-12,162093.8418,162192.3192,156973.0157,157859.3125,811411
2024-08-13,157366.9358,157859.3230,153723.2708,154018.7031,1035007
2024-08-14,154905.0000,155594.3420,153329.3611,154905.0000,858853
2024-08-16,156776.0694,156776.0694,154609.5660,155101.9531,825934
2024-08-19,155495.8628,156874.5469,154215.6562,154215.6562,548046
2024-08-20,155495.8628,156480.6372,154117.1788,154215.6562,541953
2024-08-21,154314.1354,155101.9549,153230.8837,154018.7031,464862
2024-08-22,154806.5208,162192.3281,154708.0434,162192.3281,1616355
2024-08-23,161798.4167,162881.6684,160813.6424,162389.2812,589333
2024-08-26,163078.6199,169578.1302,161995.3682,168100.9688,1277462
2024-08-27,168297.9324,169282.7067,165343.6094,165343.6094,628385
2024-08-28,165442.0833,165934.4705,161109.0764,161306.0312,781672
2024-08-29,160321.2552,163374.0555,159631.9132,162389.2812,448071
2024-08-30,162980.1561,167707.0730,162684.7238,166525.3438,950399
2024-09-02,166525.3421,166525.3421,162389.2899,164063.4062,505605
2024-09-03,164654.2744,167116.2103,162783.2031,162783.2031,536586
2024-09-04,157859.3212,160124.3021,154314.1337,155101.9531,1217431
2024-09-05,155889.7760,159336.4862,155594.3437,157366.9375,830603
2024-09-06,157760.8544,158154.7641,154708.0538,154806.5312,649137
2024-09-09,151458.2865,153132.4028,150178.0799,152640.0156,612322
2024-09-10,154117.1737,156677.5868,154018.6963,156579.1094,956903
2024-09-11,154806.5226,157859.3230,153526.3160,154018.7031,425569
2024-09-12,155200.4323,157563.8906,154215.6579,157563.8906,586471
2024-09-13,157465.4045,157957.7917,156480.6303,157662.3594,352083
2024-09-19,159434.9723,160124.3144,157071.5138,158154.7656,606948
2024-09-20,159533.4322,162881.6648,157268.4514,157465.4062,780267
2024-09-23,158253.2292,164161.8750,157465.4098,164161.8750,951074
2024-09-24,164063.3941,165442.0781,161601.4585,165442.0781,661159
2024-09-25,166623.8072,167214.6718,163571.0069,163669.4844,676074
2024-09-26,164555.7797,168297.9219,164555.7797,168297.9219,700659
2024-09-27,168297.9340,168790.3212,166032.9531,167805.5469,844604
2024-09-30,171350.7274,174600.4826,166820.7656,166820.7656,1947054
2024-10-02,165639.0312,168494.8766,165540.5538,165639.0312,940787
2024-10-04,166722.2848,169282.6979,165639.0331,168100.9688,1171102
2024-10-07,169184.2293,169282.7067,163275.5833,163571.0156,1084682
2024-10-08,163964.9167,164851.2135,162586.2327,163669.4844,893907
2024-10-10,165343.6093,172040.0747,165245.1319,169775.0938,1408359
2024-10-11,170267.4653,170858.3298,168593.3491,170661.3750,576782
2024-10-14,170661.3750,171646.1492,167313.1426,170661.3750,677634
2024-10-15,169775.0852,173024.8403,169775.0852,172532.4531,1056877
2024-10-16,171252.2620,174994.4046,170661.3974,174305.0625,864891
2024-10-17,174305.0486,174994.3906,172335.5000,172335.5000,571148
2024-10-18,173812.6615,174895.9132,172729.4097,174108.0938,570513
2024-10-21,174108.0938,176471.5520,173517.2292,174108.0938,537952
2024-10-22,174206.5890,174403.5439,168199.4652,168593.3750,765563
2024-10-23,169381.1909,171941.6043,168199.4617,169873.5781,589358
2024-10-24,169479.6562,170759.8628,168199.4497,169479.6562,384523
2024-10-25,169479.6705,170267.4900,164555.7986,165245.1406,627017
2024-10-28,165245.1336,168100.9792,165245.1336,167805.5469,319943
2024-10-29,167805.5417,169184.2257,164161.8767,166623.8125,352478
2024-10-30,168002.4982,172630.9375,167904.0208,171744.6406,716996
2024-10-31,169479.6668,172138.5575,167116.2083,167411.6406,485411
2024-11-01,166426.8455,168199.4392,165934.4584,167116.1875,244187
2024-11-04,167608.5851,173221.7986,167510.1077,173024.8438,697688
2024-11-05,171350.7206,174403.5208,171055.2883,173812.6562,346402
2024-11-06,174009.6285,174698.9705,171449.2152,173615.7188,432475
2024-11-07,173221.8105,176963.9531,171941.6039,176963.9531,675120
2024-11-08,179819.7882,180016.7431,171055.2969,171941.5938,1233287
2024-11-11,171941.5972,174305.0556,168888.7968,173320.2812,654961
2024-11-12,173024.8488,180016.7466,173024.8488,178638.0625,1708052
2024-11-13,178638.0556,181296.9461,176963.9393,179425.8750,1224589
2024-11-14,181001.5140,187599.5017,180213.6945,185629.9531,2172828
2024-11-15,187599.5122,188978.1963,185236.0537,187107.1250,1153043
2024-11-18,188091.8924,188879.7118,186417.7760,187894.9375,760104
2024-11-19,187402.5469,191243.1666,187304.0695,190061.4375,964416
2024-11-20,190553.8316,191046.2188,188387.3281,190159.9219,693589
2024-11-21,189667.5330,189766.0104,186023.8680,186811.6875,887174
2024-11-22,186713.2153,187894.9445,184546.7117,187107.1250,759493
2024-11-25,187205.5904,190258.3906,184546.6998,190258.3906,2335917
2024-11-26,189273.6113,193015.7535,189273.6113,192621.8438,995917
2024-11-27,193803.5867,201878.7361,193212.7221,199909.1875,2305266
2024-11-28,200893.9566,204833.0538,198924.4080,201386.3438,1341153
2024-11-29,201386.3575,205817.8422,198432.0344,203355.9062,1243799
2024-12-02,205325.4498,207294.9985,199909.1910,200401.5781,1220401
2024-12-03,204340.6667,206802.6024,201386.3438,205817.8281,1101247
2024-12-04,201878.7326,205817.8299,197447.2483,199416.7969,1758995
2024-12-05,201386.3403,204833.0502,199909.1788,200893.9531,1438398
2024-12-06,200893.9566,202863.5052,194295.9688,201386.3438,1336764
2024-12-09,197447.2414,200893.9513,197447.2414,198432.0156,1206493
2024-12-10,201386.3438,205817.8281,199909.1823,205817.8281,905766
2024-12-11,205817.8282,214680.7969,205325.4410,214680.7969,1547595
2024-12-12,215665.5802,216650.3546,202863.5138,204833.0625,2167932
2024-12-13,205817.8350,208772.1580,201878.7377,206802.6094,1102386
2024-12-16,210249.3160,214680.8004,208279.7673,210741.7031,945545
2024-12-17,211234.0903,211726.4775,205817.8316,206310.2188,895923
2024-12-18,206310.2239,211726.4827,206310.2239,209264.5469,663879
2024-12-19,205325.4444,208279.7674,204340.6701,206310.2188,640399
2024-12-20,207787.3837,209756.9324,205325.4479,206802.6094,775746
2024-12-23,209264.5454,209756.9326,196954.8663,197939.6406,1169871
2024-12-24,197447.2483,200893.9583,197447.2483,199416.7969,557658
2024-12-26,199416.8039,199909.1911,194000.5450,196856.3906,645976
2024-12-27,195674.6493,197447.2430,192523.3716,194689.8750,689235
2024-12-30,193803.5833,198432.0226,193409.6736,195871.6094,577293
2025-01-02,196462.4793,198924.4152,188781.2395,190849.2656,698458
2025-01-03,190258.3975,198924.4115,190258.3975,197447.2500,798480
2025-01-06,197447.2433,205325.4375,197447.2433,205325.4375,770359
2025-01-07,206802.6112,209756.9342,203848.2882,204833.0625,603701
2025-01-08,203355.8941,206802.6042,202863.5069,203848.2812,523637
2025-01-09,205325.4427,206802.6042,197939.6354,199416.7969,777551
2025-01-10,199909.1805,201386.3420,197939.6320,198924.4062,441863
2025-01-13,197939.6303,201878.7274,196954.8560,200893.9531,543782
2025-01-14,200893.9548,202371.1163,198924.4062,198924.4062,499095
2025-01-15,199909.1960,203848.2934,198924.4216,203355.9062,678808
2025-01-16,206802.6165,207787.3909,201878.7447,203355.9062,642605
2025-01-17,202863.5052,206802.6024,200401.5695,205817.8281,701799
2025-01-20,205817.8316,206310.2188,201386.3472,201878.7344,398841
2025-01-21,201878.7309,204833.0538,199909.1823,201386.3438,357682
2025-01-22,203848.2760,208279.7602,200893.9531,200893.9531,555170
2025-01-23,202863.5052,204340.6666,200893.9566,201386.3438,487301
2025-01-24,202371.1145,205817.8245,200401.5660,200893.9531,419464
2025-01-31,205325.4461,215173.1893,205325.4461,213203.6406,1964710
2025-02-03,214188.4184,216157.9671,210249.3211,213696.0312,1410072
2025-02-04,216650.3490,220589.4462,213696.0260,215173.1875,1432688
2025-02-05,219112.2948,228467.6512,215665.5845,225513.3281,2336982
2025-02-06,226005.7048,228467.6406,220097.0590,228467.6406,1718369
2025-02-07,231914.3526,231914.3526,219604.6736,222066.6094,1908836
2025-02-10,226005.6891,228467.6247,223543.7535,224036.1406,1234703
2025-02-11,224036.1476,227975.2447,222066.5990,225020.9219,808905
2025-02-12,226498.0903,226990.4774,219112.2830,221574.2188,945298
2025-02-13,221574.2152,222558.9895,214680.7952,216650.3438,1028493
2025-02-14,218619.8993,221081.8351,216650.3507,217635.1250,574538
2025-02-17,218127.5122,220589.4480,216157.9635,217635.1250,615576
2025-02-18,218127.5070,219604.6684,214680.7969,219112.2812,630070
2025-02-19,219112.2934,220589.4550,216650.3575,218619.9062,569222
2025-02-20,217635.1129,222066.5971,215173.1772,218127.5000,614258
2025-02-21,219112.2932,224528.5522,218619.9060,223051.3906,821558
2025-02-24,220589.4496,224528.5469,220589.4496,224528.5469,526842
2025-02-25,222558.9862,226498.0833,221081.8248,225020.9219,622624
2025-02-26,225020.9271,228467.6371,224036.1528,227975.2500,708250
2025-02-27,228103.8920,228103.8920,215733.8328,216723.4375,1125911
2025-02-28,212270.2233,214744.2352,204353.3851,204848.1875,1660981
2025-03-04,202868.9789,207817.0027,202374.1765,203363.7812,673266
2025-03-05,208311.7986,209796.2057,203363.7749,205342.9844,761832
2025-03-06,206332.5878,217713.0422,205342.9830,216723.4375,998317
2025-03-07,213754.6268,214249.4291,210785.8125,210785.8125,630434
2025-03-10,209301.4145,214744.2408,208311.8097,212765.0312,542653
2025-03-11,203363.7822,212270.2252,202868.9798,210291.0156,586599
2025-03-12,210291.0147,213259.8290,208806.6075,211775.4219,409913
2025-03-13,215239.0321,217218.2416,210785.8108,213754.6250,622944
2025-03-14,213259.8328,214249.4376,205837.7969,205837.7969,519114
2025-03-17,207817.0046,208806.6094,205342.9926,208806.6094,481843
2025-03-18,208806.6001,211775.4143,205837.7859,206827.3906,669726
2025-03-19,205837.7969,209301.4136,205342.9945,205837.7969,710932
2025-03-20,207817.0065,207817.0065,205342.9945,205837.7969,593445
2025-03-21,207322.2031,208311.8079,203858.5864,207322.2031,685909
2025-03-24,207322.1994,208311.8042,203858.5827,204848.1875,354434
2025-03-25,206332.5891,206827.3915,204353.3796,205342.9844,365297
2025-03-26,205342.9917,206332.5965,200889.7702,201879.3750,790441
2025-03-27,198910.5635,200889.7731,194457.3419,195743.8281,1501086
2025-03-28,195545.9007,195644.8612,191884.3631,192676.0469,700564
2025-03-31,189410.3575,190103.0809,187233.2270,189014.5156,668750
2025-04-01,189608.2811,195941.7519,189608.2811,194655.2656,485068
2025-04-02,195545.8970,195743.8179,192181.2409,193566.6875,461848
2025-04-03,188915.5436,197525.1047,188816.5831,196535.5000,577896
2025-04-04,194655.2629,200394.9707,192082.2904,195743.8281,672143
2025-04-07,190399.9503,193170.8436,187332.1757,189806.1875,597627
2025-04-08,190103.0752,190993.7195,177337.1737,177733.0156,1366603
2025-04-09,177139.2481,179415.3390,174368.3548,175061.0781,621304
2025-04-10,182285.1939,182681.0358,177930.9330,181988.3125,656557
2025-04-11,178326.7785,182186.2371,178227.8181,181097.6719,569473
2025-04-14,181097.6783,183175.8484,180602.8759,180800.7969,391419
2025-04-15,182878.9568,184462.3244,181790.3916,181988.3125,345595
2025-04-16,181988.3226,184363.3741,181097.6783,182483.1250,427131
2025-04-17,182878.9632,183472.7261,180207.0303,181691.4375,237641
2025-04-18,182779.9973,185946.7325,182087.2740,185550.8906,287707
2025-04-21,187134.2582,188816.5863,185254.0092,185550.8906,246628
2025-04-22,185254.0067,193665.6470,184066.4810,191686.4375,645159
2025-04-23,193962.5405,194259.4219,190597.8842,190894.7656,391879
2025-04-24,190597.8777,191785.4035,188420.7473,189509.3125,417055
2025-04-25,191389.5552,193071.8832,190202.0295,191488.5156,391764
2025-04-28,192280.2086,194457.3392,190696.8410,193467.7344,313415
2025-04-29,193467.7389,195347.9881,191686.4503,194457.3438,325432
2025-04-30,194160.4496,198415.7500,193764.6077,198415.7500,523186
2025-05-02,197723.0359,198415.7592,195249.0239,195347.9844,280801
2025-05-07,197920.9568,199900.1664,196139.6682,197030.3125,622014
2025-05-08,193071.8925,194556.2996,186540.5009,186738.4219,1199556
2025-05-09,188024.9108,190103.0809,187530.1084,189014.5156,558440
2025-05-12,190795.8005,192280.2077,187728.0257,188222.8281,437578
2025-05-13,188024.9137,189014.5185,185649.8621,186243.6250,680047
2025-05-14,187925.9513,189410.3585,186936.3465,189212.4375,363846
2025-05-15,187826.9816,188321.7840,186243.6140,187233.2188,355097
2025-05-16,187134.2675,187728.0304,185550.8998,185847.7812,285272
2025-05-19,185649.8492,186243.6120,182582.0745,183472.7188,262018
2025-05-20,183868.5588,184561.2821,182087.2703,183076.8750,293512
2025-05-21,183967.5340,184561.2969,182681.0478,182878.9688,382117
2025-05-22,181295.5938,182582.0800,179217.4237,181295.5938,469433
2025-05-23,182186.2454,183373.7712,180899.7592,181196.6406,257074
2025-05-26,181196.6396,186045.7031,179910.1533,186045.7031,472314
2025-05-27,184264.4109,184957.1342,181097.6755,181889.3594,668670
2025-05-28,182681.0378,187035.2987,182186.2354,185748.8125,727369
2025-05-29,187332.1875,188618.6737,185748.8198,187332.1875,649059
2025-05-30,186738.4163,186837.3768,184165.4440,185550.8906,989028
2025-06-02,183868.5735,186342.5855,183769.6130,184561.2969,408085
2025-06-04,187035.3042,187134.2647,183571.6875,183571.6875,817069
2025-06-05,184363.3740,190004.1213,184363.3740,189212.4375,911249
2025-06-09,193368.7721,200394.9660,190300.9973,196436.5469,1407038
2025-06-10,201879.3722,201879.3722,194754.2179,197920.9531,911907
2025-06-11,198415.7601,199900.1673,196832.3924,198910.5625,512085
2025-06-12,197426.1535,199405.3631,196832.3906,196832.3906,624703
2025-06-13,201384.5642,203858.5761,195347.9753,198415.7500,1050533
2025-06-16,208806.6103,209301.4127,199900.1672,207322.2031,1159906
2025-06-17,209796.2170,210785.8218,201879.3786,204353.3906,837169
2025-06-18,202374.1789,241958.3704,201879.3765,240968.7656,5706879
2025-06-19,251854.4182,256307.6398,245916.7895,249380.4062,3810468
2025-06-20,246411.6011,266698.5000,242453.1818,266698.5000,4889308
2025-06-23,273625.7110,291933.3987,267193.2802,286985.3750,5050411
2025-06-24,285500.9779,289459.3971,274615.3254,287480.1875,4326501
2025-06-25,279563.3328,283521.7517,273130.9021,280552.9375,2862461
2025-06-26,267193.2866,272141.3105,251359.6104,258286.8438,4314779
2025-06-27,260760.8631,262245.2703,249380.4080,254823.2344,2316733
2025-06-30,254328.4238,265214.0762,252844.0167,259771.2500,2219752
2025-07-01,261255.6627,266203.6866,257297.2436,259276.4531,1791173
2025-07-02,260266.0589,260760.8613,247401.1967,249380.4062,1870730
2025-07-03,247895.9881,257297.2332,246906.3834,250370.0000,1207730
2025-07-04,249875.2105,251854.4201,244927.1866,246411.5938,874760
2025-07-07,245916.7921,257792.0497,245916.7921,253338.8281,1175356
2025-07-08,258781.6480,260266.0551,252349.2169,255318.0312,903743
2025-07-09,255812.8308,255812.8308,248390.7951,251359.6094,952460
2025-07-10,252844.0184,262245.2637,248390.7970,256802.4375,1754234
2025-07-11,258286.8379,258781.6403,250370.0000,250370.0000,1249355
2025-07-14,249380.4081,249875.2105,241463.5698,246411.5938,1205192
2025-07-15,244927.1811,250370.0073,244432.3787,246906.3906,791762
2025-07-16,248390.7922,252844.0136,246411.5828,247401.1875,785410
2025-07-17,251359.6159,252349.2207,239979.1608,240968.7656,1262077
2025-07-18,240968.7666,242453.1737,237505.1498,239484.3594,703602
2025-07-21,238989.5478,242947.9668,237505.1406,237505.1406,674282
2025-07-22,238989.5561,239484.3585,232062.3226,232557.1250,930384
2025-07-23,233546.7214,235031.1285,227114.2905,229093.5000,719824
2025-07-24,230577.9098,232062.3170,222661.0717,224640.2812,1177878
2025-07-25,224145.4745,233546.7196,222661.0674,232062.3125,1202489
2025-07-28,233546.7243,234536.3290,229588.3052,233051.9219,600063
2025-07-29,233051.9181,237505.1395,229588.3015,230577.9062,928345
2025-07-30,231072.7132,237505.1442,231072.7132,231567.5156,768748
2025-07-31,232557.1250,234041.5322,230083.1130,232557.1250,521064
2025-08-01,230083.1141,230577.9165,221671.4733,222661.0781,827729
2025-08-04,223155.8760,237010.3428,222661.0736,230083.1094,1276649
2025-08-05,233546.7317,234041.5341,226619.4981,229588.3125,683813
2025-08-06,234041.5256,234041.5256,223650.6756,226124.6875,1076418
2025-08-07,227609.0957,233051.9219,225629.8861,233051.9219,1019496
2025-08-08,238494.7518,238989.5542,226124.6921,227114.2969,1638049
2025-08-11,227114.2903,227609.0926,220187.0570,220681.8594,1264837
2025-08-12,221176.6618,225629.8831,220681.8594,220681.8594,743541
2025-08-13,223155.8805,223650.6829,219197.4614,222661.0781,1017399
2025-08-14,226124.6846,231072.7083,221671.4633,222166.2656,1165222
2025-08-18,222166.2648,226124.6837,221176.6600,223650.6719,479724
2025-08-19,225629.8869,226124.6893,220681.8631,223155.8750,419214
2025-08-20,219197.4531,221671.4650,217218.2436,219197.4531,507825
2025-08-21,219692.2546,224145.4760,219692.2546,220681.8594,463923
2025-08-22,221671.4752,224640.2896,218702.6608,219692.2656,543978
2025-08-25,222166.2702,223155.8750,219197.4559,223155.8750,564999
2025-08-26,221671.4706,222166.2730,218702.6562,218702.6562,685341
2025-08-27,219692.2629,219692.2629,214249.4366,215733.8438,691579
2025-08-28,215239.0312,216228.6360,212765.0194,215239.0312,663919
2025-08-29,215239.0330,215733.8354,211775.4164,212270.2188,750586
2025-09-01,209301.4090,214249.4329,208311.8043,213259.8281,634984
2025-09-02,213754.6350,226619.4973,213754.6350,222661.0781,1790972
2025-09-03,222166.2730,222661.0754,217713.0515,218702.6562,711207
2025-09-04,219197.4551,227114.2932,219197.4551,224640.2812,971838
2025-09-05,225135.0928,228103.9072,223155.8832,226619.5000,941824
2025-09-08,226124.6930,227114.2978,223650.6811,225629.8906,716688
2025-09-09,226124.6912,230577.9127,223650.6792,228598.7031,929473
2025-09-10,229588.3116,232062.3235,228103.9044,231072.7188,915806
2025-09-11,232062.3134,233546.7205,229093.4991,230577.9062,808213
2025-09-12,232062.3116,236515.5330,230083.1022,233546.7188,1191699
2025-09-15,233546.7252,233546.7252,229093.5037,231567.5156,710904
2025-09-16,237010.3465,238494.7537,232062.3226,232557.1250,923864
2025-09-17,231072.7188,232557.1259,227114.2996,231072.7188,2083776
2025-09-18,232557.1136,236020.7302,231072.7065,234288.9219,1004507
2025-09-22,231567.5221,232557.1269,226619.4981,229588.3125,1004689
2025-09-23,229588.3079,233051.9246,227609.0983,228598.7031,735957
2025-09-24,228598.7050,231072.7169,222166.2739,225629.8906,982181
2025-09-25,224145.4784,254328.4237,223155.8737,251359.6094,8314576
2025-09-26,248885.6011,259276.4513,247401.1940,253833.6250,4597910
2025-09-29,265708.8716,275604.9189,263234.8597,271646.5000,3486022
2025-09-30,276099.7249,276594.5272,262740.0608,265708.8750,2764865
2025-10-01,264224.4819,265708.8891,250370.0147,251854.4219,3385774
2025-10-02,252844.0119,255318.0237,247895.9881,250370.0000,2205648
2025-10-10,253833.6286,272141.3172,252844.0238,264719.2812,3490894
2025-10-13,255318.0286,263729.6690,255318.0286,259771.2500,1454859
2025-10-14,259276.4503,267688.0909,254328.4265,255318.0312,2072061
2025-10-15,257792.0376,258286.8400,252349.2115,255812.8281,1438737
2025-10-16,254823.2325,267193.2923,252844.0229,257792.0469,2154638
2025-10-17,257297.2370,257792.0394,251359.6085,252844.0156,1478832
2025-10-20,252349.2169,259771.2527,247401.1931,255318.0312,1527621
2025-10-21,257297.2483,257792.0507,251359.6195,251854.4219,1321294
2025-10-22,251359.6085,253833.6204,244432.3752,252844.0156,1076507
2025-10-23,248885.5992,248885.5992,239484.3539,239979.1562,2033710
2025-10-24,242453.1655,245916.7821,239979.1536,244432.3750,1005395
2025-10-27,242453.1683,248885.5993,239484.3540,248390.7969,1317125
2025-10-28,247895.9881,252349.2095,245421.9763,250370.0000,908952
2025-10-29,252349.2028,265708.8665,250864.7958,262245.2500,2466385
2025-10-30,264224.4703,264224.4703,251854.4109,252844.0156,1393179
2025-10-31,260266.0597,270656.9100,258286.8501,264719.2812,2861914
2025-11-03,280552.9426,284511.3616,268677.6858,271646.5000,2760215
2025-11-04,269667.2949,271151.7020,264224.4688,264224.4688,1325780
2025-11-05,266203.6919,277089.3447,253833.6318,275604.9375,3470467
2025-11-06,278573.7395,279068.5419,261255.6562,261255.6562,2287056
2025-11-07,253338.8154,264224.4676,253338.8154,257297.2344,1648859
2025-11-10,260760.8510,261255.6534,255318.0249,257297.2344,974635
2025-11-11,258781.6553,267688.0985,258286.8529,260266.0625,1341337
2025-11-12,262740.0689,262740.0689,259276.4522,260760.8594,600486
2025-11-13,259771.2482,263234.8649,255812.8292,262740.0625,724253
2025-11-14,255318.0340,257297.2436,250370.0101,250864.8125,923411
2025-11-17,253833.6259,254328.4283,251359.6140,252349.2188,507818
2025-11-18,248885.6057,257792.0489,245916.7914,246411.5938,959645
2025-11-19,247895.9908,248390.7931,240473.9551,245916.7812,570754
2025-11-20,257297.2361,260266.0504,251854.4100,254328.4219,970537
2025-11-21,248390.7952,262245.2619,246906.3881,259771.2500,1278706
2025-11-24,264719.2747,266698.4843,256307.6342,258286.8438,1673646
2025-11-25,259771.2451,259771.2451,247895.9881,250370.0000,1218659
2025-11-26,252349.2188,261750.4642,249380.4044,260760.8594,944519
2025-11-27,256802.4317,258781.6412,247895.9890,248885.5938,2028550
2025-11-28,250864.8078,251359.6101,240968.7601,241463.5625,1580887
2025-12-01,243937.5697,244927.1745,239979.1508,240473.9531,666662
2025-12-02,240473.9531,242453.1626,238989.5460,240473.9531,618439
2025-12-03,243937.5781,245916.7877,242947.9733,243937.5781,630018
2025-12-04,242947.9679,245916.7821,241958.3631,244432.3750,487370
2025-12-05,244927.1811,247401.1930,243442.7739,246906.3906,575298
2025-12-08,247896.0009,247896.0009,244432.3842,246411.5938,466382
2025-12-09,245421.9844,245916.7868,243442.7748,245421.9844,497708
2025-12-10,245421.9760,245421.9760,241463.5570,241958.3594,654772
2025-12-11,242947.9752,243442.7776,238494.7537,240968.7656,1056918
2025-12-12,240473.9523,242453.1617,238989.5451,241958.3594,485052
2025-12-15,238989.5579,241463.5699,237505.1507,237999.9531,522965
2025-12-16,237999.9428,237999.9428,228598.6976,229093.5000,1520556
2025-12-17,230577.9127,230577.9127,227114.2960,228598.7031,769339
2025-12-18,225135.0919,230825.3194,224145.4871,228103.9062,744015
2025-12-19,230083.1076,233051.9219,229093.5028,233051.9219,1487738
2025-12-22,236020.7399,236515.5423,234041.5303,235525.9375,610805
2025-12-23,235525.9329,236020.7353,233051.9210,234536.3281,689469
2025-12-24,234536.3336,235525.9384,232062.3217,234041.5312,640875
2025-12-26,234041.5238,235031.1285,228598.6976,229093.5000,738058
2025-12-29,229093.5091,239979.1618,229093.5091,239484.3594,1067392
2025-12-30,238494.7491,241958.3658,236515.5396,239979.1562,652269
2026-01-02,240968.7584,246411.5845,235525.9322,244432.3750,1362199
2026-01-05,245916.7859,248390.7978,244432.3787,246906.3906,1011640
2026-01-06,246906.3845,259771.2462,245421.9774,257297.2344,2462129
2026-01-07,255318.0293,255318.0293,243937.5745,249875.2031,1886634
2026-01-08,246906.3897,255318.0303,242453.1683,248390.7969,1311262
2026-01-09,250370.0046,253833.6213,247895.9927,251359.6094,918991
2026-01-12,253338.8180,255812.8299,246411.5847,252844.0156,1328415
2026-01-13,256307.6424,261750.4688,253833.6304,261750.4688,1671879
2026-01-14,265214.0780,267193.2876,252844.0184,256802.4375,1574617
2026-01-15,254328.4331,260760.8643,241463.5707,244927.1875,2397110
2026-01-16,245916.7830,245916.7830,240968.7592,242947.9688,1898586
2026-01-19,239484.3566,240968.7638,235031.1351,235525.9375,1689244
2026-01-20,238989.5506,241958.3649,237999.9458,241463.5625,1205903
2026-01-21,237010.3391,239979.1534,235525.9320,236020.7344,1022540
2026-01-22,239484.3521,244927.1783,237010.3402,242947.9688,1341056
2026-01-23,245421.9887,266698.4918,243937.5815,263234.8750,5042292
2026-01-26,271151.7197,273625.7318,262245.2764,269667.3125,2706664
2026-01-27,267688.0972,288964.6004,267193.2948,278573.7500,4948006
2026-01-28,282037.3480,282532.1503,268182.8818,274615.3125,2822531
2026-01-29,273130.9103,287480.1791,272141.3055,284016.5625,2812259
2026-01-30,282532.1626,282532.1626,271646.5101,272141.3125,1819960
2026-02-02,267193.3034,275604.9444,262245.2793,265214.0938,1862631
2026-02-03,271646.5138,271646.5138,262245.2684,266203.6875,1894227
2026-02-04,263234.8759,264224.4807,257297.2472,261750.4688,1700411
2026-02-05,259771.2480,261750.4575,252844.0147,254328.4219,1551427
2026-02-06,248390.8033,251359.6177,241463.5698,246411.5938,1919017
2026-02-09,250864.8041,251854.4089,245421.9780,247401.1875,1426634
2026-02-10,251359.6094,256307.6332,249380.3999,251359.6094,1475536
2026-02-11,255812.8392,258286.8512,252349.2224,254823.2344,1133876
2026-02-12,258781.6442,259276.4466,252844.0156,252844.0156,1404228
2026-02-13,251359.6103,254823.2269,247401.1912,249875.2031,820046
2026-02-19,251854.4071,252349.2095,249380.3953,250370.0000,806208
2026-02-20,251854.4219,257297.2483,251359.6195,251854.4219,948594
2026-02-23,254823.2251,259276.4466,252349.2132,252844.0156,747019
2026-02-24,253833.6259,253833.6259,251359.6140,252349.2188,652490
2026-02-25,252844.0119,253338.8142,248390.7905,250370.0000,937503
2026-02-26,258500.0000,267000.0000,258000.0000,260500.0000,1890166
2026-02-27,261000.0000,261500.0000,254500.0000,254500.0000,1259511
2026-03-03,250500.0000,252000.0000,236000.0000,236000.0000,1507045
2026-03-04,225500.0000,231000.0000,207500.0000,208000.0000,2051989
2026-03-05,224000.0000,227500.0000,218000.0000,220000.0000,1671549
2026-03-06,216000.0000,225500.0000,216000.0000,222500.0000,1042652
2026-03-09,209500.0000,218500.0000,207000.0000,218500.0000,940462
2026-03-10,226500.0000,227000.0000,218000.0000,220500.0000,935756
2026-03-11,227000.0000,230000.0000,221000.0000,222000.0000,757145
2026-03-12,223500.0000,225500.0000,220500.0000,222000.0000,700973
2026-03-13,216500.0000,224000.0000,216000.0000,223000.0000,706127
2026-03-16,222000.0000,222500.0000,216000.0000,218000.0000,531797
2026-03-17,221500.0000,227500.0000,220500.0000,224000.0000,614390
2026-03-18,228500.0000,228500.0000,225000.0000,226500.0000,687521
2026-03-19,221500.0000,222500.0000,220000.0000,220500.0000,474188
2026-03-20,222000.0000,224500.0000,220000.0000,221500.0000,673277
2026-03-23,215500.0000,215500.0000,208500.0000,209000.0000,692498
2026-03-24,215500.0000,217000.0000,209000.0000,213500.0000,468548
2026-03-25,216500.0000,218000.0000,214000.0000,215500.0000,465850
2026-03-26,216500.0000,218500.0000,211000.0000,211500.0000,414907
2026-03-27,208000.0000,213000.0000,206000.0000,211500.0000,439328
2026-03-30,205500.0000,208500.0000,204000.0000,207000.0000,379513
2026-03-31,202500.0000,205500.0000,200000.0000,201500.0000,890860
2026-04-01,208500.0000,212000.0000,205500.0000,210500.0000,575814
2026-04-02,211500.0000,212000.0000,194600.0000,195800.0000,1464904
2026-04-03,198900.0000,200000.0000,196600.0000,197500.0000,659137
2026-04-06,197100.0000,199400.0000,194200.0000,196800.0000,717180
2026-04-07,197200.0000,202000.0000,195100.0000,195900.0000,668729
2026-04-08,202500.0000,204000.0000,200000.0000,201500.0000,699966
2026-04-09,200000.0000,206500.0000,198600.0000,201500.0000,1258361
2026-04-10,202500.0000,205000.0000,201000.0000,202000.0000,525142
2026-04-13,197700.0000,199500.0000,196800.0000,199000.0000,514728
2026-04-14,203500.0000,206500.0000,201000.0000,201500.0000,623470
2026-04-15,206000.0000,214500.0000,205000.0000,211000.0000,992297
2026-04-16,219500.0000,220000.0000,216500.0000,218500.0000,752603
2026-04-17,218500.0000,219000.0000,214500.0000,216500.0000,1121630
2026-04-20,216000.0000,217500.0000,212500.0000,213500.0000,457862
2026-04-21,215000.0000,215500.0000,211500.0000,214000.0000,545889
2026-04-22,215000.0000,216000.0000,212500.0000,214000.0000,364648
2026-04-23,220500.0000,221000.0000,213000.0000,217500.0000,800536
2026-04-24,216000.0000,216500.0000,213000.0000,214000.0000,476096
2026-04-27,216000.0000,218500.0000,215000.0000,215000.0000,458738
2026-04-28,215500.0000,223500.0000,215000.0000,219500.0000,758420
2026-04-29,223000.0000,227500.0000,219000.0000,220000.0000,673160
2026-04-30,223000.0000,223000.0000,210500.0000,211000.0000,1387029
2026-05-04,213500.0000,213500.0000,208000.0000,209000.0000,875803
2026-05-06,210500.0000,213000.0000,207500.0000,208000.0000,839509
2026-05-07,209000.0000,214000.0000,206000.0000,207500.0000,1014658
2026-05-08,210000.0000,219000.0000,209000.0000,215000.0000,1542717
2026-05-11,215500.0000,216000.0000,210000.0000,211500.0000,780013
2026-05-12,213000.0000,213000.0000,200500.0000,204000.0000,991427
2026-05-13,206000.0000,206500.0000,198600.0000,201500.0000,904464
2026-05-14,204000.0000,216000.0000,203500.0000,213000.0000,1601442
2026-05-15,215000.0000,216500.0000,201000.0000,203500.0000,997805
2026-05-18,203000.0000,203500.0000,196700.0000,200000.0000,890762
2026-05-19,200500.0000,206250.0000,195100.0000,198100.0000,950434
2026-05-20,198100.0000,200000.0000,190800.0000,191500.0000,992090
2026-05-21,194600.0000,202000.0000,194600.0000,199500.0000,869601
2026-05-22,201500.0000,207000.0000,199300.0000,203000.0000,751620
2026-05-26,205500.0000,207000.0000,199900.0000,200000.0000,580181
2026-05-27,199800.0000,202000.0000,197300.0000,198800.0000,912403
2026-05-28,202000.0000,213000.0000,195800.0000,205000.0000,1978430
2026-05-29,211500.0000,247500.0000,211000.0000,234000.0000,7569228
2026-06-01,251000.0000,304000.0000,244500.0000,271500.0000,14505895
2026-06-02,285000.0000,289500.0000,244000.0000,280500.0000,9275907
2026-06-04,267500.0000,275000.0000,255000.0000,267500.0000,3324373
2026-06-05,254500.0000,266500.0000,245000.0000,255500.0000,3143220
2026-06-08,239500.0000,294000.0000,238500.0000,279000.0000,10148390
2026-06-09,286000.0000,288500.0000,243000.0000,257000.0000,6918079
2026-06-10,245000.0000,253500.0000,222000.0000,227000.0000,165
2026-06-11,218500.0000,228500.0000,218500.0000,224000.0000,2218764
2026-06-12,232000.0000,263000.0000,231000.0000,247000.0000,5215884
2026-06-15,256000.0000,257500.0000,245500.0000,248000.0000,2001006
2026-06-16,255000.0000,265500.0000,239500.0000,242000.0000,2480043
2026-06-17,239500.0000,247500.0000,234500.0000,243500.0000,1156913
2026-06-18,241000.0000,241000.0000,234000.0000,235000.0000,1322859
2026-06-19,236500.0000,245500.0000,224000.0000,229500.0000,2109401
2026-06-22,230000.0000,231000.0000,222000.0000,222000.0000,866623
2026-06-23,219000.0000,220000.0000,201500.0000,202500.0000,1683494
2026-06-24,203000.0000,204000.0000,195900.0000,199400.0000,1455973
2026-06-25,202500.0000,208000.0000,199500.0000,199700.0000,1024898
2026-06-26,200500.0000,201000.0000,190300.0000,196400.0000,1473699
2026-06-29,198300.0000,206000.0000,191700.0000,204000.0000,1093200
2026-06-30,205000.0000,205500.0000,198700.0000,199000.0000,822445
2026-07-01,201000.0000,203500.0000,192700.0000,197400.0000,1015743
2026-07-02,195700.0000,204500.0000,191000.0000,199900.0000,1162498
2026-07-03,199900.0000,199900.0000,191700.0000,195800.0000,1111357
2026-07-06,196600.0000,201000.0000,194000.0000,196600.0000,686793
2026-07-07,194600.0000,199400.0000,193100.0000,197200.0000,1077802
2026-07-08,196300.0000,197800.0000,189800.0000,192700.0000,1090495
2026-07-09,191500.0000,193200.0000,184000.0000,184400.0000,1207585
2026-07-10,186300.0000,194600.0000,186300.0000,191300.0000,725383
2026-07-13,191100.0000,195400.0000,186400.0000,188000.0000,757031
2026-07-14,187300.0000,189400.0000,181100.0000,183200.0000,946614
2026-07-15,188000.0000,191900.0000,187500.0000,189600.0000,674208
2026-07-16,188200.0000,191300.0000,185400.0000,190000.0000,737459
2026-07-20,186700.0000,188400.0000,183300.0000,185900.0000,630080
2026-07-21,189000.0000,196500.0000,185700.0000,193000.0000,876385
2026-07-22,197800.0000,207000.0000,196200.0000,196900.0000,896565
2026-07-23,204500.0000,220000.0000,203000.0000,220000.0000,1907827
2026-07-24,215000.0000,216500.0000,202000.0000,207500.0000,1048497
2026-07-27,228500.0000,234500.0000,219000.0000,225000.0000,2705093
2026-07-28,218500.0000,232000.0000,208500.0000,210000.0000,2281917
2026-07-29,213500.0000,213500.0000,194600.0000,201500.0000,1978355
2026-07-30,198500.0000,205500.0000,194100.0000,194700.0000,1680475
2026-07-31,205000.0000,212500.0000,199600.0000,208000.0000,1766586
2026-08-03,206500.0000,208500.0000,201500.0000,207500.0000,662318
2026-08-04,219000.0000,231500.0000,215000.0000,226500.0000,2278507
2026-08-05,227000.0000,234000.0000,223500.0000,229000.0000,1090483
2026-08-06,225000.0000,230500.0000,221500.0000,226000.0000,961609
2026-08-07,219500.0000,222000.0000,208000.0000,210000.0000,1755934
2026-08-10,210500.0000,211500.0000,206500.0000,211500.0000,733171
2026-08-11,214000.0000,215500.0000,209500.0000,214000.0000,649296
2026-08-12,215000.0000,220500.0000,214500.0000,215500.0000,833014
2026-08-13,218500.0000,228000.0000,215500.0000,226500.0000,944575
