date,open,high,low,close,volume
2019-01-02,20559.4097,20857.3722,20162.1264,20261.4473,867310
2019-01-03,20360.7676,20956.6925,19963.4843,20360.7676,1469945
2019-01-04,20261.4438,20658.7271,20162.1230,20559.4062,1258640
2019-01-07,20857.3692,21254.6524,20261.4443,20460.0859,1890765
2019-01-08,20360.7711,20460.0919,19764.8461,19844.3027,2252310
2019-01-09,19963.4848,20360.7681,19864.1640,20261.4473,1785480
2019-01-10,20062.8047,20460.0879,19963.4839,20062.8047,1457865
2019-01-11,20062.8056,20559.4097,20062.8056,20261.4473,902805
2019-01-14,20261.4454,20261.4454,19824.4338,19864.1621,1216525
2019-01-15,19864.1669,20360.7711,19764.8461,19844.3027,1907905
2019-01-16,19963.4829,20062.8037,19824.4338,19864.1621,1086045
2019-01-17,19864.1616,20261.4449,19566.1992,19566.1992,2174015
2019-01-18,19665.5220,19844.2995,19645.6579,19784.7070,1457940
2019-01-21,19844.2988,19864.1629,19605.9288,19625.7930,1263100
2019-01-22,19744.9790,20360.7681,19725.1148,20261.4473,2242450
2019-01-23,20162.1259,20460.0884,19963.4843,20360.7676,1802310
2019-01-24,20360.7681,20559.4097,20062.8056,20261.4473,1412040
2019-01-25,20162.1259,20460.0884,20062.8051,20360.7676,1775085
2019-01-28,20460.0889,20658.7305,20162.1264,20261.4473,1376480
2019-01-29,20162.1264,20261.4473,20062.8056,20261.4473,1125690
2019-01-30,20261.4502,20360.7711,19764.8461,19844.3027,2826985
2019-01-31,19963.4813,19963.4813,19625.7905,19725.1113,2730200
2019-02-01,19744.9787,19963.4845,19705.2504,19784.7070,1940915
2019-02-07,19864.1651,19864.1651,19605.9309,19665.5234,1536485
2019-02-08,19605.9302,19685.3869,19486.7452,19506.6094,1574420
2019-02-11,19566.2014,19605.9297,18930.5481,18990.1406,4533980
2019-02-12,18990.1410,19168.9185,18533.2652,19069.5977,2996570
2019-02-13,19168.9175,19645.6574,18970.2759,19486.7441,2597830
2019-02-14,19427.1520,20062.8052,19089.4612,19963.4844,4245800
2019-02-15,20162.1270,20559.4102,19963.4853,20162.1270,3268170
2019-02-18,20360.7681,20460.0889,20062.8056,20261.4473,1778725
2019-02-19,20162.1245,20261.4454,19864.1621,19864.1621,1155655
2019-02-20,19963.4816,20062.8025,19566.1984,19804.5684,1935545
2019-02-21,19824.4337,20062.8037,19625.7921,19645.6562,1642220
2019-02-22,19764.8396,19963.4813,19625.7905,19725.1113,1471235
2019-02-25,19744.9785,19824.4351,19486.7443,19526.4727,1852415
2019-02-26,19546.3341,20559.4062,19546.3341,20559.4062,6194510
2019-02-27,20758.0503,20956.6919,20460.0878,20857.3711,2759895
2019-02-28,20857.3687,21155.3311,20559.4062,20559.4062,3666305
2019-03-04,20956.6923,21651.9380,20857.3715,21552.6172,4265190
2019-03-05,21453.2964,21453.2964,20956.6924,21155.3340,2362520
2019-03-06,21254.6538,21453.2955,20658.7290,20956.6914,1491100
2019-03-07,20956.6904,21254.6529,20559.4072,20758.0488,1651770
2019-03-08,21651.9390,21751.2598,21155.3349,21353.9766,3963935
2019-03-11,21453.2989,21453.2989,20758.0531,21056.0156,1380130
2019-03-12,21155.3311,21254.6519,20559.4062,20559.4062,1903885
2019-03-13,20658.7285,21155.3326,20559.4077,20658.7285,1202330
2019-03-14,20857.3715,21353.9756,20758.0507,21155.3340,2220255
2019-03-15,21155.3349,21552.6182,21155.3349,21353.9766,2318840
2019-03-18,21453.2974,21552.6182,21254.6557,21353.9766,986455
2019-03-19,21353.9758,21552.6174,20360.7676,20360.7676,3025270
2019-03-20,20460.0889,20559.4097,19864.1640,20261.4473,2460005
2019-03-21,20261.4468,20658.7300,20162.1259,20360.7676,1150865
2019-03-22,20460.0869,20758.0493,20460.0869,20658.7285,1198070
2019-03-25,20261.4473,20658.7305,20162.1264,20261.4473,858735
2019-03-26,20360.7661,20956.6909,20261.4453,20658.7285,1287260
2019-03-27,20758.0508,20758.0508,20261.4468,20360.7676,1043535
2019-03-28,20261.4468,20658.7300,20261.4468,20360.7676,814830
2019-03-29,20460.0854,20658.7271,20360.7646,20559.4062,769115
2019-04-01,20559.4067,20658.7275,20261.4443,20460.0859,1080660
2019-04-02,20559.4062,20658.7271,20261.4438,20559.4062,1136690
2019-04-03,20460.0884,20658.7300,20261.4468,20360.7676,1470505
2019-04-04,20360.7676,20460.0884,20162.1259,20360.7676,1305315
2019-04-05,20360.7676,20460.0884,20261.4468,20360.7676,660525
2019-04-08,20460.0889,20559.4097,20162.1264,20261.4473,1017395
2019-04-09,20261.4468,20261.4468,19864.1636,19963.4844,1915190
2019-04-10,20062.8051,20460.0884,19963.4843,20360.7676,1316670
2019-04-11,20460.0884,20460.0884,20162.1259,20360.7676,1268980
2019-04-12,20360.7676,20360.7676,20162.1259,20360.7676,811745
2019-04-15,20658.7298,21949.9004,20460.0881,21949.9004,6144845
2019-04-16,22545.8241,23439.7114,22347.1825,23340.3906,8721360
2019-04-17,23241.0698,23638.3531,22943.1074,23340.3906,3265515
2019-04-18,23638.3541,23737.6749,23042.4292,23141.7500,2219625
2019-04-19,23241.0723,23638.3556,22843.7890,23241.0723,1648100
2019-04-22,23439.7109,23936.3150,23241.0693,23439.7109,2287525
2019-04-23,23539.0333,23737.6749,23042.4292,23141.7500,1297355
2019-04-24,23340.3901,23539.0317,22943.1069,23439.7109,2215680
2019-04-25,23340.3921,23439.7130,22843.7881,23042.4297,1461165
2019-04-26,22943.1079,23340.3912,22446.5039,22843.7871,1833625
2019-04-29,22943.1055,23737.6719,22645.1430,23737.6719,2563515
2019-04-30,23638.3545,24035.6377,23539.0336,23836.9961,2474450
2019-05-02,23836.9950,24730.8824,23737.6742,24432.9199,3712725
2019-05-03,25028.8437,25624.7686,24929.5229,25426.1270,5494945
2019-05-07,25028.8442,25823.4107,25028.8442,25326.8066,3323580
2019-05-08,25128.1640,25823.4097,24929.5224,25525.4473,3500835
2019-05-09,26518.6595,26518.6595,25128.1680,25128.1680,6763815
2019-05-10,25525.4477,26022.0518,25326.8061,25823.4102,5034605
2019-05-13,25922.7305,25922.7305,25227.4848,25525.4473,2924120
2019-05-14,25227.4890,26816.6221,25128.1681,26617.9805,6803305
2019-05-15,26915.9430,27015.2638,25823.4140,26220.6973,6205300
2019-05-16,26320.0146,26617.9771,25922.7314,26518.6562,2794455
2019-05-17,25624.7701,25724.0910,24631.5620,24730.8828,26110020
2019-05-20,25128.1680,25525.4513,24929.5263,25128.1680,4497370
2019-05-21,25128.1675,25326.8092,24830.2051,24830.2051,3474805
2019-05-22,24929.5215,25128.1631,24134.9551,24929.5215,4203240
2019-05-23,24830.2022,25227.4854,24532.2397,24631.5605,2125680
2019-05-24,24432.9189,24631.5605,23936.3149,24631.5605,3830725
2019-05-27,24830.2042,25128.1666,23936.3168,24234.2793,2750710
2019-05-28,24035.6367,24830.2032,23936.3159,24432.9199,2829495
2019-05-29,24333.6026,24532.2442,23936.3193,24134.9609,1615580
2019-05-30,24234.2787,24929.5244,24234.2787,24730.8828,2303400
2019-05-31,24631.5620,25028.8453,24432.9204,24730.8828,1625200
2019-06-03,24532.2393,24929.5225,24234.2768,24333.5977,1580175
2019-06-04,24333.5967,24631.5591,23141.7471,23737.6719,4238425
2019-06-05,24035.6372,24134.9580,23737.6748,23936.3164,1538325
2019-06-07,23836.9961,23936.3169,23340.3920,23836.9961,2685810
2019-06-10,23836.9941,24830.2022,23638.3525,24631.5605,2534755
2019-06-11,24631.5620,24830.2036,24333.5996,24730.8828,1221510
2019-06-12,24730.8814,24830.2022,24333.5981,24631.5605,1063095
2019-06-13,24631.5639,25326.8096,24532.2430,25128.1680,3736950
2019-06-14,25227.4884,25426.1300,24730.8843,24830.2051,1786500
2019-06-17,24830.2067,24830.2067,24035.6401,24134.9609,1748310
2019-06-18,24134.9556,24432.9180,23836.9932,24035.6348,1720535
2019-06-19,24333.6001,24333.6001,24035.6377,24234.2793,894595
2019-06-20,24234.2793,24631.5626,23836.9960,24234.2793,1439770
2019-06-21,24730.8847,25426.1304,24631.5639,25128.1680,4042115
2019-06-24,25227.4893,25426.1310,24929.5268,25028.8477,1531665
2019-06-25,25624.7719,26022.0552,25326.8094,25922.7344,4784495
2019-06-26,26022.0562,26320.0187,25624.7729,25724.0938,2580485
2019-06-27,26022.0542,26518.6583,25823.4125,26121.3750,3520795
2019-06-28,26121.3750,26419.3375,25823.4125,26121.3750,1811770
2019-07-01,26320.0187,26419.3395,25624.7729,25724.0938,2168675
2019-07-02,25724.0917,26121.3750,25426.1293,26121.3750,1322440
2019-07-03,26121.3755,26220.6963,25823.4130,26022.0547,1503335
2019-07-04,26022.0532,26320.0156,25724.0907,26320.0156,1813170
2019-07-05,26419.3354,26617.9771,26121.3730,26518.6562,2292085
2019-07-08,26518.6558,26518.6558,25426.1270,25426.1270,2905000
2019-07-09,25525.4506,26220.6963,25426.1298,26022.0547,2318200
2019-07-10,26220.6963,26220.6963,25624.7714,26022.0547,1564715
2019-07-11,26022.0552,26419.3385,25922.7344,25922.7344,2629590
2019-07-12,26022.0542,26320.0166,25724.0917,26121.3750,1502830
2019-07-15,26320.0151,27015.2608,26022.0527,26419.3359,3917730
2019-07-16,26518.6567,26617.9776,26220.6943,26419.3359,1618140
2019-07-17,26220.6963,26320.0171,25724.0922,26022.0547,1643185
2019-07-18,25922.7334,26320.0166,25922.7334,26121.3750,854095
2019-07-19,26220.6943,26915.9400,26121.3735,26816.6191,3281090
2019-07-22,26717.3013,27015.2638,26518.6596,26617.9805,2042755
2019-07-23,26617.9765,27114.5806,26419.3349,27015.2598,2347470
2019-07-24,27015.2598,27412.5430,26617.9765,27015.2598,3461280
2019-07-25,27015.2629,27015.2629,25426.1298,26022.0547,6479085
2019-07-26,25624.7714,26220.6963,25227.4881,26022.0547,3507015
2019-07-29,25823.4112,26220.6944,25426.1279,25624.7695,1843410
2019-07-30,25525.4518,25724.0934,25028.8477,25028.8477,2337195
2019-07-31,24830.2031,25426.1280,24730.8823,25227.4863,1473045
2019-08-01,25028.8471,25525.4513,24929.5263,25128.1680,1245970
2019-08-02,25028.8432,25823.4097,24532.2392,25525.4473,2222015
2019-08-05,25426.1265,25624.7681,24134.9560,24333.5977,2986340
2019-08-06,23539.0336,24730.8834,23340.3919,24234.2793,3571745
2019-08-07,24730.8858,24830.2066,24134.9608,24532.2441,2122475
2019-08-08,25426.1280,25624.7696,24929.5239,25227.4863,4780420
2019-08-09,25426.1307,26419.3389,25326.8099,26220.6973,3902575
2019-08-12,26419.3350,26518.6558,25724.0893,25823.4102,1325420
2019-08-13,25823.4125,26320.0166,25624.7709,26121.3750,1809635
2019-08-14,26419.3385,26419.3385,25624.7719,25922.7344,1692595
2019-08-16,25724.0938,25823.4146,25426.1313,25724.0938,1500230
2019-08-19,25922.7344,26121.3760,25724.0927,25922.7344,1112230
2019-08-20,26022.0556,26220.6973,25724.0932,26220.6973,1846915
2019-08-21,26022.0542,26419.3375,25922.7334,26121.3750,1423140
2019-08-22,26121.3735,26816.6192,26121.3735,26419.3359,2985920
2019-08-23,26220.6943,26518.6567,25922.7319,26419.3359,2070165
2019-08-26,25823.4116,26419.3364,25724.0907,26320.0156,1874790
2019-08-27,26518.6596,26816.6221,26419.3388,26617.9805,2498875
2019-08-28,26617.9771,26816.6187,26320.0146,26518.6562,1277535
2019-08-29,26419.3359,26518.6567,26022.0527,26419.3359,1759785
2019-08-30,26617.9780,26915.9405,26617.9780,26717.2988,2012040
2019-09-02,26617.9794,27313.2251,26518.6586,27213.9043,2878955
2019-09-03,27313.2246,27412.5454,27015.2622,27313.2246,1457515
2019-09-04,27213.9028,27611.1860,27114.5820,27511.8652,2156250
2019-09-05,27412.5440,27611.1856,26717.2983,26816.6191,2993230
2019-09-06,26816.6181,27114.5806,26816.6181,27015.2598,956355
2019-09-09,26816.6192,26915.9400,26220.6943,26419.3359,3366020
2019-09-10,26419.3373,26915.9414,26320.0165,26915.9414,1552825
2019-09-11,26915.9400,27015.2608,26419.3359,26419.3359,3672325
2019-09-16,26717.3014,26816.6222,26022.0556,26220.6973,2067120
2019-09-17,26220.6973,26617.9806,26220.6973,26220.6973,1630705
2019-09-18,26419.3377,27213.9043,26419.3377,27213.9043,3423150
2019-09-19,27114.5830,27313.2247,26816.6206,26915.9414,1214110
2019-09-20,26915.9414,26915.9414,26419.3373,26915.9414,1791175
2019-09-23,26816.6196,27114.5821,26717.2988,26717.2988,1036135
2019-09-24,26816.6200,27412.5449,26717.2992,27412.5449,2333765
2019-09-25,27313.2222,27511.8638,27015.2598,27015.2598,1509595
2019-09-26,27213.9028,27313.2237,26816.6196,27114.5820,1053830
2019-09-27,27114.5830,27114.5830,26717.2998,26915.9414,843800
2019-09-30,26717.2998,27015.2622,26617.9790,26915.9414,1010030
2019-10-01,27015.2622,27412.5454,27015.2622,27313.2246,1261595
2019-10-02,27114.5830,27213.9039,26915.9414,26915.9414,761545
2019-10-04,26717.2979,27015.2603,26518.6562,26518.6562,1192085
2019-10-07,26617.9780,26816.6196,26419.3364,26717.2988,1720100
2019-10-08,26717.2988,26816.6196,26518.6572,26717.2988,1124535
2019-10-10,26419.3363,27213.9028,26320.0155,27114.5820,3471725
2019-10-11,27114.5816,27313.2232,26717.2983,26816.6191,1192920
2019-10-14,27015.2613,27114.5821,26617.9780,26717.2988,1587775
2019-10-15,26816.6221,26816.6221,26419.3388,26617.9805,951215
2019-10-16,26617.9806,26717.3014,25525.4515,26220.6973,3767565
2019-10-17,26121.3760,26320.0177,25624.7719,25922.7344,3090850
2019-10-18,26022.0532,26518.6573,26022.0532,26320.0156,1664920
2019-10-21,26320.0146,26617.9771,26022.0522,26518.6562,1070510
2019-10-22,26617.9765,27015.2598,26617.9765,27015.2598,1687850
2019-10-23,27015.2635,27809.8301,26915.9427,27809.8301,5228855
2019-10-24,27909.1514,28207.1139,27611.1889,27710.5098,2450460
2019-10-25,27809.8301,28008.4717,27710.5093,27809.8301,982760
2019-10-28,28207.1134,28803.0383,27710.5093,27809.8301,3329940
2019-10-29,28107.7931,28207.1139,27412.5473,27710.5098,1836065
2019-10-30,27909.1490,27909.1490,27313.2241,27412.5449,1256810
2019-10-31,27611.1869,28604.3951,27511.8661,28107.7910,3630755
2019-11-01,28306.4325,29001.6782,28207.1117,28902.3574,3585230
2019-11-04,29100.9980,29299.6397,28902.3564,29100.9980,2182545
2019-11-05,29001.6772,29597.6021,28902.3564,29498.2812,2514030
2019-11-06,29597.6015,29994.8848,29398.9599,29994.8848,2583720
2019-11-07,30193.5264,30690.1304,29200.3183,29994.8848,6110920
2019-11-08,30193.5293,30789.4542,29994.8877,30193.5293,4503870
2019-11-11,30392.1689,30789.4522,30193.5273,30590.8105,2549045
2019-11-12,30590.8130,30690.1338,30193.5297,30491.4922,1981460
2019-11-13,30292.8505,30590.8130,29994.8881,30491.4922,1884795
2019-11-14,30690.1309,30789.4517,30193.5268,30690.1309,3257070
2019-11-15,30690.1337,30888.7754,30491.4921,30888.7754,1405420
2019-11-18,30888.7715,31385.3755,30888.7715,31286.0547,1861810
2019-11-19,31286.0596,31286.0596,30888.7763,31087.4180,1616165
2019-11-20,30988.0971,31584.0221,30888.7763,31087.4180,1663380
2019-11-21,31087.4146,31186.7354,29994.8857,30590.8105,3334270
2019-11-22,30392.1699,30888.7740,30193.5283,30392.1699,1675190
2019-11-25,30491.4930,31087.4180,30491.4930,31087.4180,1501350
2019-11-26,31186.7339,31484.6963,31087.4131,31286.0547,1807005
2019-11-27,31484.6963,31584.0171,31087.4131,31286.0547,1473095
2019-11-28,31087.4175,31286.0591,30888.7758,31186.7383,1091105
2019-11-29,30988.0962,31584.0211,30491.4921,30888.7754,2356265
2019-12-02,30988.0971,31087.4180,30491.4930,31087.4180,1250960
2019-12-03,30888.7758,31186.7383,30590.8133,31186.7383,1177265
2019-12-04,30988.0938,30988.0938,30690.1313,30988.0938,1165705
2019-12-05,30888.7716,30988.0924,29498.2803,29696.9219,4207300
2019-12-06,29597.6048,30590.8130,29597.6048,30491.4922,2076950
2019-12-09,30590.8111,30690.1319,29994.8862,30094.2070,1336650
2019-12-10,29796.2427,30094.2051,29200.3178,29696.9219,2580370
2019-12-11,29895.5630,29895.5630,29299.6382,29796.2422,2400355
2019-12-12,29994.8843,30094.2051,29597.6011,29696.9219,3551890
2019-12-13,29895.5640,29994.8848,29498.2807,29994.8848,2284110
2019-12-16,29994.8862,30193.5278,29796.2446,30094.2070,1485475
2019-12-17,30094.2100,30193.5308,29696.9267,29895.5684,1379160
2019-12-18,29895.5640,30193.5264,29696.9223,29994.8848,1263760
2019-12-19,29895.5630,29994.8838,29597.6006,29796.2422,879245
2019-12-20,29796.2422,30392.1670,29696.9214,29796.2422,2727225
2019-12-23,29994.8853,29994.8853,29398.9604,29498.2812,1417015
2019-12-24,29398.9605,29796.2437,28703.7148,29100.9980,1839085
2019-12-26,29001.6777,29398.9609,29001.6777,29398.9609,1604605
2019-12-27,29722.4288,30617.0839,29623.0227,30517.6777,3452740
2019-12-30,30617.0839,30815.8961,30418.2716,30517.6777,2142935
2020-01-02,30617.0856,30716.4917,30219.4611,30318.8672,1205235
2020-01-03,30517.6794,30815.8978,30020.6488,30318.8672,1574240
2020-01-06,29921.2432,30815.8983,29821.8371,30716.4922,1968575
2020-01-07,30815.8978,31809.9590,30716.4916,31809.9590,4200930
2020-01-08,31511.7405,32207.5833,31114.1160,31710.5527,4258095
2020-01-09,32505.7990,32903.4234,32306.9867,32605.2051,4391595
2020-01-10,32804.0195,33102.2379,32406.3951,32804.0195,2009530
2020-01-13,32903.4223,33301.0467,32804.0162,33201.6406,2378335
2020-01-14,33301.0467,33499.8590,32903.4223,33201.6406,2116430
2020-01-15,33201.6453,33897.4882,33102.2392,33798.0820,2310595
2020-01-16,33798.0824,34195.7069,33798.0824,34096.3008,1300245
2020-01-17,34096.3000,34295.1123,33400.4572,33499.8633,1773620
2020-01-20,33599.2694,33798.0816,33201.6449,33499.8633,1902550
2020-01-21,33499.8624,33599.2685,32505.8012,32804.0195,1945775
2020-01-22,33002.8320,33599.2688,32704.6137,33002.8320,2521750
2020-01-23,33400.4524,33400.4524,32704.6097,32903.4219,1617100
2020-01-28,31809.9558,32505.7986,31710.5497,32306.9863,2566140
2020-01-29,32903.4272,33002.8334,32306.9905,32505.8027,1275835
2020-01-30,32406.3943,32903.4249,31909.3637,32207.5820,2094540
2020-01-31,32306.9873,32605.2057,31511.7384,31611.1445,1730335
2020-02-03,31014.7099,31909.3650,31014.7099,31710.5527,2119535
2020-02-04,32108.1746,32903.4236,31909.3624,32704.6113,1973865
2020-02-05,33102.2413,33201.6475,32108.1800,32406.3984,2284770
2020-02-06,32903.4259,33400.4565,32505.8014,33002.8320,2760220
2020-02-07,33201.6447,33897.4875,33002.8324,33301.0508,2610500
2020-02-10,33301.0512,33698.6757,33002.8328,33599.2695,1876045
2020-02-11,33599.2698,33798.0820,33400.4575,33798.0820,1535600
2020-02-12,33698.6687,34195.6992,33400.4504,34195.6992,2039585
2020-02-13,34692.7279,36084.4133,34493.9157,35587.3828,9389900
2020-02-14,35985.0193,36680.8622,35587.3948,35786.2070,4740425
2020-02-17,35786.1994,36183.8238,35587.3871,35885.6055,1647040
2020-02-18,35885.6098,36482.0465,35587.3914,36183.8281,2936265
2020-02-19,36581.4470,37873.7264,36482.0409,37774.3203,6814990
2020-02-20,37873.7305,38072.5427,37376.6999,37873.7305,2737025
2020-02-21,37476.1057,38072.5424,37277.2935,37674.9180,2792485
2020-02-24,36680.8591,36979.0775,36183.8285,36482.0469,3963665
2020-02-25,36183.8328,36979.0819,35786.2083,36879.6758,2983815
2020-02-26,36482.0392,36879.6636,36084.4148,36581.4453,2581890
2020-02-27,36581.4517,36879.6700,35090.3599,35487.9844,3925310
2020-02-28,34692.7297,35090.3541,33897.4809,34195.6992,5114585
2020-03-02,34692.7384,35090.3629,33698.6771,34792.1445,3967475
2020-03-03,35885.6119,35985.0181,34792.1445,34792.1445,3145085
2020-03-04,34593.3333,35985.0192,34593.3333,35686.8008,3545940
2020-03-05,36283.2376,36382.6437,35090.3640,35686.8008,4108720
2020-03-06,35090.3552,35487.9796,34593.3247,34891.5430,2842120
2020-03-09,34891.5430,34891.5430,34891.5430,34891.5430,0
2020-03-10,32704.6117,34692.7340,32605.2056,34394.5156,4754375
2020-03-11,34195.7063,34692.7369,33201.6450,33599.2695,2751135
2020-03-12,33201.6429,33599.2674,31511.7389,32008.7695,6090350
2020-03-13,29821.8345,32108.1751,28827.7733,31611.1445,8009925
2020-03-16,32207.5842,32605.2087,29324.8066,29324.8066,6262420
2020-03-17,28032.5270,29921.2434,27833.7148,29324.8066,6105230
2020-03-18,29523.6172,30219.4600,27933.1193,28032.5254,5537635
2020-03-19,28927.1785,29225.3968,25348.5584,26640.8379,10785705
2020-03-20,27436.0889,30020.6480,26740.2461,29722.4297,8828780
2020-03-23,27436.0893,29424.2117,27336.6832,28529.5566,7846890
2020-03-24,29921.2432,30815.8983,29225.4003,30716.4922,6356935
2020-03-25,31909.3657,32306.9902,30020.6493,30716.4922,6451880
2020-03-26,30815.8973,31014.7095,29821.8361,29921.2422,4468440
2020-03-27,31114.1162,31213.5223,29623.0243,30318.8672,4794940
2020-03-30,29722.4268,30716.4879,29324.8023,30418.2695,3341270
2020-03-31,30815.8927,31611.1416,30219.4561,30915.2988,5212370
2020-04-01,31014.7095,31511.7401,29821.8361,29921.2422,3971475
2020-04-02,30219.4603,31213.5215,29623.0236,31213.5215,5218950
2020-04-03,31511.7419,31611.1481,30815.8991,31312.9297,2728745
2020-04-06,31511.7427,32008.7733,31312.9304,31909.3672,4039025
2020-04-07,32505.8018,32704.6141,31511.7406,31809.9590,4603990
2020-04-08,31611.1443,31909.3626,31412.3320,31412.3320,3691515
2020-04-09,32008.7687,32008.7687,31312.9259,31412.3320,3634600
2020-04-10,31511.7389,32108.1756,31213.5206,32008.7695,3766615
2020-04-13,32008.7726,32008.7726,31213.5236,31312.9297,2351255
2020-04-14,31710.5527,31909.3650,31412.3344,31710.5527,2153795
2020-04-16,31611.1425,33201.6402,31511.7364,32903.4219,5027665
2020-04-17,33599.2626,34295.1053,33301.0443,34195.6992,4738970
2020-04-20,34295.1139,35587.3935,34195.7078,34792.1445,4296515
2020-04-21,35090.3552,35289.1674,33499.8575,34891.5430,6160630
2020-04-22,34593.3328,35189.7695,34096.3021,35189.7695,3430730
2020-04-23,36084.4267,37078.4880,35885.6144,36879.6758,7548995
2020-04-24,36680.8590,37476.1080,36183.8284,36382.6406,5368420
2020-04-27,36382.6331,37177.8819,36084.4148,36581.4453,3609815
2020-04-28,36879.6678,37078.4801,36084.4189,36780.2617,3343190
2020-04-29,36581.4453,37078.4758,36283.2270,36581.4453,3297560
2020-05-04,36084.4231,37774.3272,35786.2048,37078.4844,5097045
2020-05-06,37575.5144,39762.4491,37376.7021,39663.0430,10179735
2020-05-07,39663.0408,41253.5387,39464.2286,40955.3203,13148545
2020-05-08,41054.7264,41750.5693,40557.6958,40955.3203,7027020
2020-05-11,41154.1368,42048.7920,41054.7307,41253.5430,5242065
2020-05-12,41551.7554,43042.8471,40955.3187,42645.2227,7815475
2020-05-13,42048.7903,43042.8516,42048.7903,43042.8516,5568040
2020-05-14,42943.4437,45329.1906,42545.8193,44732.7539,7299065
2020-05-15,45428.5958,46025.0325,42943.4429,44036.9102,7620415
2020-05-18,44036.9100,44832.1590,43440.4733,43937.5039,3722665
2020-05-19,44036.9058,44235.7180,42545.8142,43738.6875,6544515
2020-05-20,44434.5334,46621.4679,44136.3151,46025.0312,8869800
2020-05-21,47217.9062,47714.9368,46621.4695,47217.9062,7043685
2020-05-22,47217.9087,49404.8434,46720.8780,49106.6250,9435320
2020-05-25,49901.8680,53679.3002,49504.2435,53281.6758,13268880
2020-05-26,54375.1475,55568.0210,51889.9945,53679.3047,16371465
2020-05-27,52088.8082,53082.8694,51094.7470,51790.5898,10079870
2020-05-28,51194.1509,53679.3039,50200.0898,53082.8672,12475240
2020-05-29,52387.0273,53182.2763,51194.1539,52387.0273,8229110
2020-06-01,52387.0197,52884.0502,51591.7708,52486.4258,5418490
2020-06-02,52188.2101,52287.6162,51094.7429,51591.7734,4894230
2020-06-03,51591.7787,51989.4032,49206.0318,49603.6562,11511955
2020-06-04,49206.0290,51094.7453,49106.6229,50498.3086,6144750
2020-06-05,50299.4956,50398.9017,49206.0283,49901.8711,5036320
2020-06-08,50200.0909,51293.5582,49404.8419,50995.3398,7085390
2020-06-09,50796.5271,51591.7760,50200.0904,50597.7148,4174310
2020-06-10,50995.3374,52387.0230,50995.3374,52088.8047,7877260
2020-06-11,52486.4377,53281.6868,51890.0009,52685.2500,8622755
2020-06-12,50995.3422,53281.6831,50895.9361,52884.0586,8444875
2020-06-15,52884.0633,53878.1246,49703.0670,50200.0977,7746150
2020-06-16,51790.5866,52287.6172,51293.5560,52287.6172,4577280
2020-06-17,51989.3988,53281.6784,51293.5560,52287.6172,5811020
2020-06-18,52585.8396,53082.8702,51790.5906,52387.0273,4905720
2020-06-19,53182.2763,53579.9008,52088.8090,52387.0273,4600630
2020-06-22,52387.0224,54872.1752,51790.5857,54474.5508,10043280
2020-06-23,55468.6178,57456.7403,55070.9933,55965.6484,10831335
2020-06-24,55965.6448,56462.6754,54673.3653,56164.4570,5406165
2020-06-25,55369.2099,56065.0528,54375.1487,54573.9609,4501290
2020-06-26,55568.0222,55667.4283,53281.6814,54573.9609,4063630
2020-06-29,53480.4918,54375.1469,52884.0551,53182.2734,3894090
2020-06-30,54076.9285,54275.7407,53182.2734,53182.2734,3120445
2020-07-01,53977.5190,54673.3618,53182.2701,53579.8945,2890115
2020-07-02,54375.1477,56760.8945,54275.7415,56760.8945,6892725
2020-07-03,57556.1418,59047.2336,56462.6745,58450.7969,8022465
2020-07-06,59246.0475,61134.7638,59047.2353,59743.0781,6724255
2020-07-07,60935.9541,63222.2950,60438.9235,61731.2031,7764100
2020-07-08,62029.4145,65210.4102,60637.7290,65210.4102,9348315
2020-07-09,66602.1065,70677.7578,66005.6697,70677.7578,12317515
2020-07-10,69783.1027,73162.9110,68689.6352,70677.7578,12834675
2020-07-13,71373.5919,71771.2164,68590.2206,69981.9062,6958720
2020-07-14,67695.5709,68888.4444,67596.1648,68192.6016,6062595
2020-07-15,68391.4044,69484.8717,66005.6578,67099.1250,7437085
2020-07-16,66005.6614,66701.5042,63421.1024,64017.5391,9707540
2020-07-17,63421.0993,65011.5971,62427.0382,64613.9727,6342935
2020-07-20,64613.9765,64613.9765,61631.7930,61631.7930,7672110
2020-07-21,64315.7558,64812.7863,61930.0090,62824.6641,8383150
2020-07-22,61731.1973,63918.1319,60836.5423,63222.2891,5796490
2020-07-23,62924.0737,65508.6328,62625.8553,65508.6328,6302175
2020-07-24,64613.9803,66204.4783,64017.5436,64514.5742,4538215
2020-07-27,63818.7280,65508.6320,63719.3219,64912.1953,3016610
2020-07-28,66005.6634,66800.9124,65309.8206,65508.6328,4365315
2020-07-29,65409.2195,66204.4683,64613.9706,65906.2500,3092175
2020-07-30,66800.9130,66999.7253,65906.2579,66005.6641,3079360
2020-07-31,66800.9159,68391.4139,66701.5098,68292.0078,5394185
2020-08-03,69087.2547,72765.2812,68987.8486,72765.2812,8184015
2020-08-04,75250.4274,76343.8946,71771.2134,73560.5234,8573210
2020-08-05,72765.2747,73759.3358,72069.4319,73659.9297,5379395
2020-08-06,71274.1889,74057.5603,71075.3767,72367.6562,9244490
2020-08-07,73162.9023,73560.5267,69683.6882,70180.7188,9495555
2020-08-10,68789.0339,71274.1868,67894.3788,70777.1562,5431955
2020-08-11,69882.5003,70975.9676,69087.2513,70081.3125,3751425
2020-08-12,69286.0716,70876.5697,69087.2594,70379.5391,3647170
2020-08-13,71373.6019,72566.4755,70876.5713,71671.8203,5589295
2020-08-14,71771.2191,72765.2803,71174.7824,72069.4375,4129010
2020-08-18,73858.7516,77437.3721,73063.5026,75151.0312,15160185
2020-08-19,76443.3025,76542.7086,73958.1497,74852.8047,6796330
2020-08-20,74753.3952,76145.0808,71472.9936,72467.0547,8433700
2020-08-21,73560.5234,74256.3662,71970.0256,73560.5234,5107300
2020-08-24,74455.1735,76045.6712,73063.4880,75548.6406,4848240
2020-08-25,76443.3038,76542.7099,74952.2120,75747.4609,4438665
2020-08-26,75648.0501,78332.0151,75151.0195,77934.3906,6755145
2020-08-27,78829.0582,82109.4603,78729.6520,81612.4297,9909200
2020-08-28,82208.8652,82705.8958,79524.8998,80618.3672,7534980
2020-08-31,81612.4209,83600.5432,79723.7047,80916.5781,8148755
2020-09-01,82208.8642,82705.8948,79524.8988,79823.1172,5503680
2020-09-02,80618.3611,82010.0467,79823.1122,81910.6406,4608275
2020-09-03,82606.4908,82705.8970,80320.1499,81513.0234,3696075
2020-09-04,77536.7765,80419.5541,77437.3703,79922.5234,5842645
2020-09-07,79823.1067,79823.1067,77735.5784,77934.3906,4644695
2020-09-08,78232.6163,79226.6775,75648.0572,77536.7734,5102695
2020-09-09,75846.8756,77139.1553,75349.8450,76343.9062,4677865
2020-09-10,77934.3967,78829.0518,76343.8988,76642.1172,4683540
2020-09-11,75946.2726,76343.8971,74653.9931,75349.8359,3964200
2020-09-14,74952.2100,75151.0222,73361.7122,74256.3672,4151155
2020-09-15,73759.3386,76542.7099,73361.7141,75747.4609,4300190
2020-09-16,76343.9045,76443.3106,74952.2188,74952.2188,2428715
2020-09-17,74256.3822,74355.7884,73361.7270,73759.3516,3088510
2020-09-18,73361.7198,74952.2177,72765.2830,74156.9688,2476355
2020-09-21,73858.7402,74355.7708,72367.6486,72467.0547,2651275
2020-09-22,71771.2166,73361.7145,69783.0943,70180.7188,4401590
2020-09-23,71274.1893,72964.0934,70180.7220,72665.8750,4651970
2020-09-24,71771.2164,71870.6225,69783.0940,69981.9062,3818190
2020-09-25,70777.1471,71174.7716,68888.4311,69882.4922,2248505
2020-09-28,70876.5581,73958.1476,70379.5276,73361.7109,3373525
2020-09-29,74455.1769,74554.5830,72367.6486,72467.0547,3060270
2020-10-05,71671.8074,73659.9297,71174.7769,73659.9297,2611140
2020-10-06,74256.3693,76244.4917,73560.5265,75846.8672,3826695
2020-10-07,75151.0241,75846.8669,74753.3996,75648.0547,1991425
2020-10-08,76244.4910,76940.3338,75349.8359,75349.8359,3123290
2020-10-12,76145.0908,76145.0908,73759.3439,73858.7500,2358120
2020-10-13,74355.7807,74952.2175,73858.7501,73958.1562,1511585
2020-10-14,73560.5230,74554.5841,72765.2741,73262.3047,1665040
2020-10-15,73162.9047,73262.3108,71572.4068,71970.0312,2112830
2020-10-16,71771.2099,71970.0222,70578.3366,71075.3672,2002025
2020-10-19,71174.7799,72069.4350,69981.9065,70180.7188,1812010
2020-10-20,69186.6574,70180.7186,67596.1596,70081.3125,3799865
2020-10-21,69783.0944,71771.2168,69783.0944,70280.1250,2581410
2020-10-22,69882.5072,69981.9133,68689.6337,69385.4766,1881900
2020-10-23,69286.0682,69584.2865,67596.1641,67596.1641,3112960
2020-10-26,66999.7246,67794.9736,65210.4145,65508.6328,3573610
2020-10-27,64514.5652,68291.9973,64514.5652,66403.2812,4063050
2020-10-28,66701.5030,68888.4375,66602.0969,68888.4375,3147835
2020-10-29,67993.7893,68689.6322,67297.9464,68192.6016,2457730
2020-10-30,68192.5982,68391.4104,65608.0391,65608.0391,2768740
2020-11-02,65707.4386,66701.4997,65210.4081,66502.6875,1599280
2020-11-03,66502.7036,67397.3588,66005.6729,66900.3281,2018930
2020-11-04,67695.5675,71771.2184,67596.1613,71473.0000,7155130
2020-11-05,71373.5948,73262.3111,70180.7213,72168.8438,5306835
2020-11-06,72964.0869,75648.0519,72665.8686,73659.9297,6577860
2020-11-09,74554.5929,74753.4051,73063.5010,73858.7500,2968675
2020-11-10,71075.3746,71870.6236,70379.5318,70777.1562,5525500
2020-11-11,69882.5088,71274.1946,69087.2597,70677.7578,3569215
2020-11-12,71572.3977,72467.0527,70578.3366,71075.3672,2776395
2020-11-13,70578.3464,72765.2811,70578.3464,72665.8750,2691030
2020-11-16,73759.3414,73858.7475,71473.0006,71970.0312,2789935
2020-11-17,71174.7823,72566.4680,70777.1578,71970.0312,2261375
2020-11-18,71572.4077,73262.3117,71473.0015,72665.8750,2422465
2020-11-19,73063.4995,73858.7485,72665.8750,72665.8750,2150600
2020-11-20,72864.6872,73162.9056,71970.0321,72665.8750,1336330
2020-11-23,73262.3121,73361.7182,72566.4693,72964.0938,1815980
2020-11-24,72864.6891,74952.2177,72864.6891,74156.9688,3248775
2020-11-25,75051.6223,75051.6223,72765.2815,72964.0938,3516395
2020-11-26,73063.5016,74455.1874,72864.6894,74355.7812,2697850
2020-11-27,74653.9994,75051.6239,73759.3443,74156.9688,1679180
2020-11-30,74156.9516,74355.7638,73162.8906,73162.8906,2724950
2020-12-01,73461.1185,74554.5858,73361.7124,74455.1797,2263615
2020-12-02,74653.9994,74653.9994,73759.3443,74156.9688,2202500
2020-12-03,74156.9690,74355.7812,73361.7200,74355.7812,2321855
2020-12-04,74355.7850,78033.8118,73759.3482,77437.3750,7808725
2020-12-07,78530.8413,78530.8413,75648.0636,76542.7188,4473715
2020-12-08,77039.7387,77139.1448,74355.7736,74455.1797,3843000
2020-12-09,74554.5859,75151.0226,74156.9615,74554.5859,2899525
2020-12-10,73759.3358,75151.0214,73063.4930,73659.9297,4092785
2020-12-11,74355.7736,75548.6469,74156.9613,74455.1797,2192025
2020-12-14,74852.8039,75747.4589,74057.5550,74256.3672,2401440
2020-12-15,74256.3822,74654.0068,73361.7270,73759.3516,1965785
2020-12-16,74256.3746,74554.5930,73759.3440,73958.1562,1346265
2020-12-17,74355.7721,74355.7721,73262.3048,73361.7109,2275655
2020-12-18,73361.7182,73461.1244,72665.8754,72964.0938,2137165
2020-12-21,72964.0893,75548.6483,72964.0893,75449.2422,4099395
2020-12-22,75548.6553,77437.3716,74654.0001,74753.4062,4382580
2020-12-23,75747.4679,76642.1230,74952.2189,75051.6250,3149760
2020-12-24,75250.4364,75548.6547,73958.1568,74355.7812,2325660
2020-12-28,74455.1871,74952.2177,73461.1259,74156.9688,3232320
2020-12-29,75777.9397,76672.9547,75181.2630,76474.0625,4287020
2020-12-30,76474.0546,78363.5306,76275.1624,77468.5156,4065710
2021-01-04,77965.7514,78860.7664,76672.9520,78761.3203,4268700
2021-01-05,78164.6328,78661.8633,76971.2796,78164.6328,3742795
2021-01-06,78562.4289,81545.8123,78462.9828,78661.8750,7178575
2021-01-07,79954.6711,80253.0094,78164.6411,80054.1172,3875955
2021-01-08,82142.4898,86717.0110,80451.9059,86319.2266,12333575
2021-01-11,87711.4729,92087.1020,85324.7662,90098.1797,15788735
2021-01-12,88705.9270,91490.4180,86120.3283,90993.1875,7889360
2021-01-13,91192.0845,91888.2073,89402.0545,90396.5156,4032010
2021-01-14,90297.0665,92087.0964,89501.4976,89799.8359,4010380
2021-01-15,89899.2809,91291.5264,86816.4515,87015.3438,4978630
2021-01-18,86219.7752,87810.9129,84926.9758,85026.4219,4199920
2021-01-19,85125.8714,88407.5931,85125.8714,87512.5781,2919985
2021-01-20,89103.7173,89501.5018,86915.9029,88308.1484,2981700
2021-01-21,89998.7320,91689.3159,89899.2859,90297.0703,3395465
2021-01-22,90694.8637,94672.7086,89998.7408,92087.1094,5811975
2021-01-25,93877.1382,94573.2610,91490.4313,94175.4766,3600850
2021-01-26,95269.3724,95269.3724,91589.8664,91689.3125,4061330
2021-01-27,92087.1061,94871.5975,91689.3217,92484.8906,3599070
2021-01-28,90297.0640,93181.0010,89899.2795,91092.6328,4609060
2021-01-29,91490.4209,91589.8670,86717.0077,87711.4688,5350465
2021-02-01,86717.0069,88109.2524,84529.1925,87810.9141,4550505
2021-02-02,89501.4994,90893.7449,88208.6999,88606.4844,3314525
2021-02-03,89600.9427,91888.2031,88904.8199,91888.2031,3790485
2021-02-04,92087.0995,92087.0995,89302.6084,90396.5156,2584185
2021-02-05,90893.7454,91689.3143,89004.2693,90495.9609,2042080
2021-02-08,90495.9578,91888.2033,89501.4967,90893.7422,2580575
2021-02-09,91490.4203,92982.1119,89998.7286,91689.3125,3677825
2021-02-10,92683.7750,97556.6344,92683.7750,97357.7422,9072415
2021-02-15,99247.2140,100440.5673,97854.9685,99843.8906,5262740
2021-02-16,100241.6794,103225.0627,99346.6644,102230.6016,5380240
2021-02-17,102429.4860,102429.4860,100042.7796,101236.1328,2812860
2021-02-18,100639.4690,102827.2835,99645.0078,99645.0078,2334610
2021-02-19,98849.4264,100639.4563,97457.1810,100241.6719,3478320
2021-02-22,100440.5780,101435.0392,97457.1945,97556.6406,3204965
2021-02-23,95766.6084,97954.4229,94871.5933,96860.5156,3327085
2021-02-24,96860.5218,97954.4292,93976.5843,94175.4766,3336045
2021-02-25,95070.4895,96363.2891,94175.4745,96363.2891,2812745
2021-02-26,98948.8824,99843.8974,95567.7146,97059.4062,8086380
2021-03-02,99247.2150,100241.6761,97457.1851,97755.5234,4610170
2021-03-03,97556.6358,98451.6508,97059.4053,98153.3125,2641605
2021-03-04,96959.9461,97457.1766,95667.1469,95866.0391,3474450
2021-03-05,93280.4499,94274.9110,92087.0966,93678.2344,3563165
2021-03-08,93877.1304,94374.3609,90297.0703,90297.0703,3407620
2021-03-09,89203.1604,89799.8371,86418.6693,87711.4688,5343350
2021-03-10,89998.7456,92385.4526,89302.6227,91490.4375,4498345
2021-03-11,91589.8689,96363.2822,90893.7461,95269.3750,4640455
2021-03-12,97258.3019,97457.1942,94871.5951,95667.1641,2175315
2021-03-15,95468.2672,95866.0517,93877.1294,95269.3750,1729905
2021-03-16,95667.1594,96462.7283,95070.4828,95269.3750,1354265
2021-03-17,95269.3810,97656.0878,95070.4887,96462.7344,2019765
2021-03-18,97158.8596,100241.6894,96661.6290,99048.3359,3858485
2021-03-19,97158.8452,98849.4290,96263.8303,97954.4141,2584905
2021-03-22,98053.8656,98749.9884,97059.4045,98252.7578,1575175
2021-03-23,98650.5479,100042.7935,96562.1795,97556.6406,1899820
2021-03-24,96761.0616,97854.9688,95866.0466,97854.9688,1442815
2021-03-25,97457.1956,97656.0878,95866.0577,96462.7344,1942655
2021-03-26,97059.4106,98451.6562,96661.6261,98451.6562,1922735
2021-03-29,98650.5449,98749.9910,96462.7304,96959.9609,1745565
2021-03-30,97457.1897,98849.4353,97357.7436,98153.3125,1555365
2021-03-31,98252.7670,100440.5816,97656.0903,99048.3359,2515180
2021-04-01,99446.1110,100241.6799,97854.9732,99247.2188,2062115
2021-04-02,101037.2534,101037.2534,99247.2234,99645.0078,1493205
2021-04-05,100042.7828,100440.5673,99446.1062,99843.8906,1552000
2021-04-06,100639.4629,108396.2594,100440.5706,108197.3672,8624790
2021-04-07,108197.3704,108197.3704,104617.3103,107799.5859,4104480
2021-04-08,107202.9075,111578.5364,106208.4464,108992.9375,4562570
2021-04-09,110186.2905,111578.5360,109589.6138,110981.8594,3944195
2021-04-12,110981.8594,110981.8594,110981.8594,110981.8594,0
2021-04-13,110981.8594,110981.8594,110981.8594,110981.8594,0
2021-04-14,110981.8594,110981.8594,110981.8594,110981.8594,0
2021-04-15,119832.5625,131766.0957,117346.4098,119832.5625,17115015
2021-04-16,114860.2686,119832.5746,114860.2686,118340.8828,13709555
2021-04-19,119335.3440,121324.2664,116849.1910,118340.8828,5441693
2021-04-20,118340.8632,120329.7853,117346.4022,118838.0938,2952174
2021-04-21,118838.1058,118838.1058,116351.9529,117346.4141,4461636
2021-04-22,117346.4181,118838.1098,116849.1875,116849.1875,2279180
2021-04-23,115854.7263,117843.6487,113865.8040,116849.1875,2473720
2021-04-26,117346.4141,117346.4141,116849.1835,117346.4141,1729458
2021-04-27,117843.6325,123810.3987,117843.6325,120827.0156,5332544
2021-04-28,120827.0158,121324.2463,118340.8632,118838.0938,2276272
2021-04-29,119335.3365,119832.5671,114860.2614,116351.9531,3445462
2021-04-30,116351.9498,116351.9498,112374.1054,112871.3359,4405688
2021-05-03,111876.8670,115357.4806,109390.7144,113865.7891,2832622
2021-05-04,112871.3433,115357.4962,111379.6515,114860.2656,2228466
2021-05-06,114363.0312,116849.1841,112871.3395,114363.0312,3234424
2021-05-07,114860.2501,116351.9417,113368.5585,113865.7891,2040844
2021-05-10,114860.2538,115854.7149,113865.7928,115357.4844,1898994
2021-05-11,114363.0196,116351.9417,113865.7891,113865.7891,1875600
2021-05-12,114363.0317,114860.2622,111379.6482,112374.1094,2558482
2021-05-13,108396.2616,110385.1839,107401.8005,108893.4922,4201490
2021-05-14,108893.4884,110882.4105,107401.7967,108396.2578,2276082
2021-05-17,108396.2615,110385.1837,108396.2615,109887.9531,1656454
2021-05-18,110882.4177,113865.8011,110385.1871,112374.1094,1585701
2021-05-20,111876.8748,114860.2582,111379.6443,112871.3359,2135101
2021-05-21,115357.4920,118340.8754,113865.8003,116351.9531,3018548
2021-05-24,115854.7188,117346.4104,114860.2576,115854.7188,1715308
2021-05-25,116351.9529,117346.4141,115357.4918,117346.4141,1777001
2021-05-26,117843.6327,119335.3243,116849.1717,118838.0938,2308405
2021-05-27,119335.3350,124307.6406,118838.1044,124307.6406,7398732
2021-05-28,124307.6412,124804.8718,119832.5661,121324.2578,3685820
2021-05-31,121324.2576,122318.7188,119832.5659,122318.7188,2299358
2021-06-01,122815.9486,126296.5625,122318.7180,126296.5625,3573808
2021-06-02,127291.0236,128782.7153,125302.1014,126296.5625,2597446
2021-06-03,126793.7892,127788.2503,125302.0976,125799.3281,1737466
2021-06-04,125302.1019,125302.1019,122318.7186,123313.1797,2668254
2021-06-07,124307.6482,126296.5706,124307.6482,125302.1094,1905198
2021-06-08,126296.5584,127788.2500,125799.3278,127788.2500,2248373
2021-06-09,127788.2538,129279.9455,127788.2538,128285.4844,1936747
2021-06-10,129279.9485,134252.2542,128782.7179,132760.5625,5564011
2021-06-11,133755.0232,135743.9455,131268.8704,134749.4844,3674400
2021-06-14,135246.7061,142207.9337,135246.7061,141710.7031,6240394
2021-06-15,142705.1639,143699.6250,139721.7807,143699.6250,4950329
2021-06-16,143202.3986,145191.3208,141710.7069,142207.9375,4996272
2021-06-17,141213.4981,148671.9575,139721.8062,147180.2656,5408889
2021-06-18,149169.1633,156627.6215,148671.9328,154141.4688,7706345
2021-06-21,154638.6993,158616.5436,151158.0855,154141.4688,8324948
2021-06-22,157124.8669,158119.3281,154638.7140,158119.3281,4662042
2021-06-23,161599.9435,169058.4025,160108.2518,168561.1719,9078797
2021-06-24,171047.3069,172041.7680,154638.6990,156130.3906,18408195
2021-06-25,154141.4649,158616.5397,149666.3901,153644.2344,12271446
2021-06-28,153644.2382,156627.6215,153147.0077,154141.4688,5141409
2021-06-29,155135.9525,157124.8750,153644.2607,157124.8750,3938542
2021-06-30,158119.3424,164086.1100,156627.6505,162097.1875,7305590
2021-07-01,163091.6258,164583.3175,158616.5507,159113.7812,4630280
2021-07-02,157622.0858,160605.4691,155135.9330,158616.5469,4407703
2021-07-05,159611.0044,161102.6961,155633.1601,156130.3906,4506967
2021-07-06,156627.6250,158119.3167,156130.3944,156627.6250,2045164
2021-07-07,157622.0817,162594.3871,157622.0817,160108.2344,4413394
2021-07-08,160605.4956,163588.8794,160108.2650,162097.1875,4121257
2021-07-09,160605.4768,161102.7074,157622.0933,159611.0156,3795528
2021-07-12,160108.2420,161599.9337,157124.8586,161102.7031,3248064
2021-07-13,161599.9260,162594.3871,159611.0038,160108.2344,3859736
2021-07-14,160605.4726,163588.8560,160108.2420,161102.7031,3352019
2021-07-15,161102.6996,161102.6996,157622.0858,158616.5469,3821843
2021-07-16,157622.0823,158616.5433,156130.3906,156130.3906,3423188
2021-07-19,154638.7073,154638.7073,153147.0156,153147.0156,3475792
2021-07-20,150660.8632,152152.5549,148174.7103,151158.0938,6652856
2021-07-21,152152.5482,154638.7009,143699.6288,144196.8594,10409836
2021-07-22,143699.6323,147180.2462,141710.7100,146683.0156,5759268
2021-07-23,147677.4764,152649.7820,146683.0153,148671.9375,5249906
2021-07-26,150660.8601,152152.5518,145688.5545,146683.0156,4071898
2021-07-27,146683.0350,148174.7269,144694.1125,147180.2656,3357695
2021-07-28,146185.8044,148671.9575,145688.5737,147180.2656,2716816
2021-07-29,147677.4844,148174.7150,146683.0232,147677.4844,1766172
2021-07-30,148174.6876,148671.9181,146185.7656,146185.7656,2057332
2021-08-02,146185.7735,147677.4651,144196.8515,145191.3125,2172117
2021-08-03,145191.3286,145688.5591,142207.9451,143202.4062,2697098
2021-08-04,143699.6319,149169.1681,143202.4013,148671.9375,3136752
2021-08-05,149169.1799,150660.8717,147677.4882,148174.7188,2254087
2021-08-06,148671.9383,148671.9383,144196.8632,144694.0938,4155669
2021-08-09,144694.1125,148174.7269,143202.4206,147180.2656,3017396
2021-08-10,147180.2543,147677.4849,143699.6401,145688.5625,2074409
2021-08-11,144694.0980,146683.0203,143202.4062,143202.4062,1754472
2021-08-12,145191.3239,147180.2462,143202.4017,146683.0156,2950088
2021-08-13,146683.0041,146683.0041,143699.6209,145191.3125,2285992
2021-08-17,145191.3129,146683.0045,140219.0077,141213.4688,3322347
2021-08-18,141213.4798,145688.5549,140716.2492,144694.0938,2720552
2021-08-19,143202.4096,148174.7154,143202.4096,145688.5625,2813914
2021-08-20,145688.5591,148174.7120,142207.9451,143202.4062,2776813
2021-08-23,145191.3314,147677.4844,143699.6397,147677.4844,2678395
2021-08-24,149169.1799,149666.4105,147180.2576,148174.7188,2032632
2021-08-25,148174.7028,152649.7777,147677.4723,150163.6250,2900928
2021-08-26,150660.8597,151655.3209,146683.0153,148671.9375,2360164
2021-08-27,148174.7107,149169.1719,146185.7884,149169.1719,1430634
2021-08-30,151158.0743,152152.5353,149666.3827,150660.8438,1628144
2021-08-31,151655.3160,154141.4688,150163.6244,154141.4688,3078357
2021-09-01,154141.4768,155135.9379,153147.0156,153147.0156,2011434
2021-09-02,153644.2382,155135.9298,152649.7771,154141.4688,1649156
2021-09-03,154638.6952,156627.6173,153644.2341,155633.1562,1934669
2021-09-06,155135.9337,155633.1642,151655.3198,154638.7031,1883428
2021-09-07,154638.7073,155135.9379,152649.7851,153147.0156,1072249
2021-09-08,150660.8534,150660.8534,135743.9372,137732.8594,16920382
2021-09-09,133257.7860,133755.0165,127291.0195,127788.2500,14534253
2021-09-10,126296.5620,132760.5592,125302.1008,129279.9453,9918050
2021-09-13,125799.3284,129279.9423,121821.4841,123810.4062,8675498
2021-09-14,121821.4880,125302.1019,117346.4129,123313.1797,18895148
2021-09-15,122815.9455,126793.7899,121324.2538,121821.4844,9078817
2021-09-16,122318.7072,124307.6292,120329.7851,120827.0156,4770936
2021-09-17,120827.0158,120827.0158,117346.4022,118838.0938,4807631
2021-09-23,115854.7230,117346.4147,113368.5701,114363.0312,6314773
2021-09-24,115357.4801,120329.7853,115357.4801,118838.0938,5327603
2021-09-27,119335.3359,121821.4888,118838.1054,119335.3359,3635942
2021-09-28,119832.5710,120827.0322,116849.1875,116849.1875,3445583
2021-09-29,114363.0271,116849.1799,113865.7965,115854.7188,3172350
2021-09-30,114363.0307,119832.5669,113865.8001,117346.4141,4649917
2021-10-01,117346.4104,119335.3326,115357.4882,115854.7188,2329103
2021-10-05,113865.7935,115357.4851,109887.9491,110385.1797,4885065
2021-10-06,111876.8788,115357.4928,111379.6482,112374.1094,4610915
2021-10-07,114363.0191,118838.0938,114363.0191,118838.0938,5146917
2021-10-08,120827.0322,120827.0322,116849.1875,116849.1875,3930836
2021-10-12,116351.9498,117843.6415,112374.1054,112871.3359,3810466
2021-10-13,113368.5697,117843.6448,113368.5697,116351.9531,2731883
2021-10-14,117843.6325,121324.2461,117843.6325,120827.0156,3891958
2021-10-15,122318.7189,122815.9495,119335.3356,121324.2578,2331425
2021-10-18,122318.7072,122318.7072,119832.5546,120827.0156,1831322
2021-10-19,122318.7066,126793.7812,120827.0151,126793.7812,4075027
2021-10-20,128782.7230,129777.1842,126296.5701,127291.0312,4959740
2021-10-21,127788.2618,129279.9536,126793.8007,127291.0312,2297507
2021-10-22,127291.0118,128782.7033,124804.8592,126793.7812,1985417
2021-10-25,125799.3400,126793.8012,122815.9564,125302.1094,2309608
2021-10-26,125302.0897,127291.0118,125302.0897,126793.7812,1265299
2021-10-27,127291.0195,128285.4805,125799.3278,127788.2500,1449071
2021-10-28,128285.4810,129279.9421,124307.6366,124804.8672,1783396
2021-10-29,124804.8672,125799.3283,122318.7145,124804.8672,1891355
2021-11-01,125302.0977,126296.5588,124307.6366,124804.8672,1081519
2021-11-02,125302.1089,127788.2618,125302.1089,127291.0312,1642378
2021-11-03,127291.0201,127788.2506,122815.9452,123810.4062,2937805
2021-11-04,125302.1008,129777.1759,124804.8703,129279.9453,6001098
2021-11-05,130274.4027,130274.4027,125799.3278,127788.2500,2810726
2021-11-08,127788.2546,127788.2546,122318.7184,124307.6406,4026899
2021-11-09,123810.4061,126296.5588,123810.4061,124804.8672,1990889
2021-11-10,124804.8714,126793.7936,122815.9491,123313.1797,1598893
2021-11-11,122318.7145,124804.8672,120827.0228,124804.8672,1955371
2021-11-12,125302.1014,127291.0236,123810.4097,126296.5625,2100660
2021-11-15,126296.5621,128782.7149,126296.5621,128285.4844,1714170
2021-11-16,128285.4728,129279.9338,126296.5507,126793.7812,1591390
2021-11-17,127291.0240,128285.4851,124307.6406,124307.6406,1675657
2021-11-18,124307.6368,125302.0979,122318.7146,123810.4062,1543924
2021-11-19,124307.6403,126793.7931,123810.4097,126296.5625,1512294
2021-11-22,126296.5584,128285.4805,124804.8667,127788.2500,2213290
2021-11-23,126793.7895,127291.0201,123313.1757,123810.4062,1981200
2021-11-24,123810.4062,124804.8673,122815.9452,123810.4062,1589036
2021-11-25,124307.6477,127788.2618,123810.4171,127291.0312,2906344
2021-11-26,126793.7894,127788.2505,124307.6366,124804.8672,1679040
2021-11-29,122318.7188,124804.8716,121324.2576,122318.7188,2031484
2021-11-30,123313.1801,123810.4106,120827.0272,121324.2578,3807209
2021-12-01,120827.0233,122815.9455,120329.7927,121821.4844,1482581
2021-12-02,120827.0233,122318.7149,119335.3316,121821.4844,2028101
2021-12-03,121324.2537,123313.1759,120827.0231,122815.9453,1488902
2021-12-06,121821.4965,121821.4965,119832.5741,120329.8047,1477396
2021-12-07,120827.0236,121324.2541,119335.3320,119832.5625,1218740
2021-12-08,120827.0353,122815.9577,119832.5741,120329.8047,2288195
2021-12-09,119832.5622,121821.4844,119335.3316,121821.4844,2338843
2021-12-10,121324.2538,121821.4844,120329.7927,121821.4844,974383
2021-12-13,122318.7193,122318.7193,119335.3359,119335.3359,1405089
2021-12-14,117843.6406,118340.8712,116351.9490,117843.6406,1718411
2021-12-15,116849.1795,118340.8712,116351.9490,117843.6406,1070223
2021-12-16,118838.0938,119832.5548,117843.6327,118838.0938,1168717
2021-12-17,117346.4181,118340.8793,116849.1875,116849.1875,1265074
2021-12-20,115854.7234,116351.9540,112374.1094,112374.1094,2989796
2021-12-21,111876.8670,114363.0196,111876.8670,113865.7891,1366889
2021-12-22,114363.0196,114860.2501,112871.3280,113865.7891,1036505
2021-12-23,113865.8011,114363.0317,112374.1094,112374.1094,1113550
2021-12-24,112374.0975,114363.0196,111876.8670,113865.7891,1484508
2021-12-27,113368.5705,113865.8011,112374.1094,112374.1094,1116701
2021-12-28,112374.1054,113368.5665,112374.1054,112871.3359,2370856
2021-12-29,114913.9198,116903.7712,113421.5312,113421.5312,1791503
2021-12-30,113421.5292,113918.9920,111929.1406,111929.1406,1223078
2022-01-04,113421.5331,113918.9959,110436.7559,110934.2188,2396207
2022-01-05,110436.7473,110436.7473,104467.1934,104964.6562,5108428
2022-01-06,101979.8846,102477.3474,99393.0777,99492.5703,7120428
2022-01-07,99492.5703,100984.9589,99293.5852,99492.5703,3962672
2022-01-10,99492.5676,99990.0304,94716.9244,96109.8203,5377749
2022-01-11,95512.8711,96706.7819,94020.4824,94517.9453,4382380
2022-01-12,95612.3629,98099.6773,95612.3629,96706.7812,3354459
2022-01-13,97005.2530,97701.7010,95711.8497,96209.3125,2519096
2022-01-14,94716.9348,94816.4273,93125.0535,93423.5312,2685014
2022-01-17,92428.6016,93821.4976,91533.1684,92428.6016,2589273
2022-01-18,92428.6051,93920.9937,91533.1719,91533.1719,1650829
2022-01-19,87951.4299,89941.2812,86857.0116,89941.2812,4587643
2022-01-20,90339.2521,92229.6109,88349.4007,91831.6406,3004684
2022-01-21,90637.7317,93622.5088,90140.2688,91334.1797,2954607
2022-01-24,90438.7456,91632.6565,89244.8348,89543.3125,2021697
2022-01-25,89841.7916,90239.7619,87055.9996,87155.4922,2844579
2022-01-26,87155.4922,87155.4922,87155.4922,87155.4922,0
2022-01-27,86558.5405,87056.0034,82180.8672,82180.8672,3793749
2022-01-28,82379.8509,85165.6429,81782.8954,84568.6875,2958280
2022-02-03,86658.0232,87851.9339,84668.1719,84668.1719,3118696
2022-02-04,84668.1722,87055.9937,84071.2168,86658.0234,1870626
2022-02-07,86857.0130,87553.4609,84568.6839,87553.4609,2224116
2022-02-08,87553.4609,87553.4609,87553.4609,87553.4609,0
2022-02-09,87553.4609,87553.4609,87553.4609,87553.4609,0
2022-02-10,86459.0453,88946.3596,85563.6122,86857.0156,3401352
2022-02-11,86857.0218,93125.0543,84867.1702,91234.6953,7012496
2022-02-14,89841.7949,90339.2577,87056.0028,88349.4062,4002853
2022-02-15,88747.3706,90538.2368,87453.9672,87851.9375,2250253
2022-02-16,89742.2982,91632.6570,89145.3428,91433.6719,2468864
2022-02-17,91433.6690,91632.6541,88747.3697,90140.2656,2851978
2022-02-18,88747.3667,92030.6213,88249.9039,90936.2031,2232912
2022-02-21,90936.2031,90936.2031,90936.2031,90936.2031,0
2022-02-22,90936.2031,90936.2031,90936.2031,90936.2031,0
2022-02-23,90936.2031,90936.2031,90936.2031,90936.2031,0
2022-02-24,90637.7308,91334.1788,88846.8645,89543.3125,2176721
2022-02-25,91632.6477,94517.9319,91334.1700,93920.9766,3690345
2022-02-28,93920.9766,93920.9766,93920.9766,93920.9766,0
2022-03-02,93920.9887,95214.3922,93423.5259,94816.4219,2173330
2022-03-03,95612.3575,96806.2683,94816.4169,96109.8203,1738057
2022-03-04,96109.8203,96109.8203,96109.8203,96109.8203,0
2022-03-07,92926.0696,93025.5621,91135.2031,91135.2031,1950179
2022-03-08,89543.3047,93523.0071,89145.3344,91632.6484,1774311
2022-03-10,91632.6484,91632.6484,91632.6484,91632.6484,0
2022-03-11,91632.6484,91632.6484,91632.6484,91632.6484,0
2022-03-14,101979.8790,104467.1932,101482.4162,102974.8047,3656814
2022-03-15,102974.8047,102974.8047,102974.8047,102974.8047,0
2022-03-16,102974.8047,102974.8047,102974.8047,102974.8047,0
2022-03-17,102974.8047,102974.8047,102974.8047,102974.8047,0
2022-03-18,106954.5195,108446.9082,105462.1309,107949.4453,2993197
2022-03-21,107949.4453,107949.4453,107949.4453,107949.4453,0
2022-03-22,103969.7346,107451.9745,103969.7346,105959.5859,2052237
2022-03-23,106954.5116,107949.4373,103969.7346,105959.5859,2310401
2022-03-24,104467.2031,104964.6660,102477.3516,104467.2031,2071398
2022-03-25,105462.1289,106457.0546,103472.2774,104467.2031,1944089
2022-03-28,104467.2031,104964.6660,101979.8888,104467.2031,1534357
2022-03-29,105462.1191,105959.5819,103969.7306,104964.6562,1318977
2022-03-30,106457.0488,107451.9745,105462.1231,105959.5859,1115413
2022-03-31,105462.1231,106954.5116,104964.6602,105959.5859,1065806
2022-04-01,104964.6621,105959.5879,104467.1993,105462.1250,1163804
2022-04-04,104964.6562,105462.1191,103472.2678,104964.6562,1276251
2022-04-05,105959.5899,107451.9785,105462.1270,106954.5156,1617662
2022-04-06,104964.6660,105959.5917,103472.2774,104467.2031,1529617
2022-04-07,102477.3478,102974.8107,99393.0781,99393.0781,2885845
2022-04-08,99492.5702,99990.0330,96010.3302,97502.7188,2929790
2022-04-11,96607.2810,96607.2810,94119.9669,94617.4297,2061220
2022-04-12,92926.0598,94617.4335,91632.6564,93622.5078,1909946
2022-04-13,94517.9345,95711.8453,94119.9642,95313.8750,1403239
2022-04-14,95910.8371,96010.3297,94020.4783,95612.3594,1299995
2022-04-15,94517.9360,96209.3096,93224.5327,94915.9062,1080260
2022-04-18,94020.4691,94418.4394,93523.0063,93920.9766,774064
2022-04-19,94517.9371,96010.3256,94418.4446,94617.4297,836819
2022-04-20,95612.3553,95711.8479,94119.9669,94617.4297,880905
2022-04-21,94617.4354,94617.4354,92627.5840,93125.0469,1809576
2022-04-22,91732.1570,91931.1422,90936.2164,91533.1719,1553904
2022-04-25,89941.2918,91135.2028,89145.3512,89244.8438,1511408
2022-04-26,89344.3266,91234.6854,89244.8340,89742.2969,1368258
2022-04-27,87155.4891,88448.8925,87155.4891,87951.4297,1390581
2022-04-28,89244.8296,89344.3222,87652.9486,88846.8594,1216554
2022-04-29,88846.8649,89941.2832,88249.9095,89443.8203,1110597
2022-05-02,87951.4339,88448.8968,86558.5379,86857.0156,1726505
2022-05-03,86857.0111,88747.3698,86558.5334,88050.9219,1435047
2022-05-04,88150.4126,91433.6672,87851.9349,88548.3828,1865993
2022-05-06,86061.0789,86160.5715,83673.2570,83872.2422,3592237
2022-05-10,81583.9156,83872.2449,81484.4230,83175.7969,2390050
2022-05-11,83374.7674,84966.6484,82877.3046,84966.6484,1367542
2022-05-12,83275.2770,83573.7546,80191.0074,80290.5000,2971934
2022-05-13,80290.4959,81484.4066,79892.5257,81384.9141,1528530
2022-05-16,82877.3164,83872.2422,81683.4055,81882.3906,1598561
2022-05-17,81882.3872,82976.8055,81683.4020,82777.8203,1218935
2022-05-18,83275.2855,83573.7632,82081.3746,82180.8672,1208755
2022-05-19,80091.5160,80588.9788,79594.0532,79992.0234,1519533
2022-05-20,80389.9993,82877.3137,79992.0290,82578.8359,1561541
2022-05-23,82280.3586,83076.2992,81981.8809,82479.3438,933750
2022-05-24,82081.3826,82180.8751,80191.0234,80191.0234,1154150
2022-05-25,80588.9736,81583.8992,79892.5257,81384.9141,1365261
2022-05-26,81484.4156,82877.3116,80588.9825,81086.4453,1338305
2022-05-27,81981.8698,82578.8252,81086.4368,81285.4219,1038755
2022-05-30,82379.8474,83573.7582,82180.8622,83474.2656,2091429
2022-05-31,83673.2543,84568.6875,82479.3435,84568.6875,2170810
2022-06-02,83573.7590,83772.7441,82479.3407,83275.2812,1147185
2022-06-03,84369.6997,86956.5065,84270.2071,85265.1328,2371620
2022-06-07,84071.2209,84369.6986,81185.9364,81484.4141,2373935
2022-06-08,82280.3562,82379.8487,80787.9676,81086.4453,1317967
2022-06-09,80688.4836,81384.9317,79892.5429,80887.4688,1732196
2022-06-10,79992.0246,80588.9800,79594.0543,79693.5469,1430382
2022-06-13,77405.2158,77803.1861,75713.8422,76111.8125,2176053
2022-06-14,74519.9311,76509.7824,73823.4831,76211.3047,2342617
2022-06-15,75713.8409,76111.8112,71734.1384,72331.0938,2844798
2022-06-16,74022.4689,74818.4094,71535.1547,71933.1250,2053257
2022-06-17,69843.7891,72629.5812,69843.7891,71833.6406,3044377
2022-06-20,71933.1356,72530.0911,68351.4027,69246.8359,2436471
2022-06-21,69246.8247,70341.2429,68848.8545,70142.2578,1525415
2022-06-22,70540.2278,70639.7203,68152.4062,68152.4062,1908000
2022-06-23,67953.4185,68948.3441,66361.5376,66759.5078,2005224
2022-06-24,67057.9921,71137.1875,67057.9921,71137.1875,2331632
2022-06-27,72032.6195,72530.0823,70241.7532,71435.6641,1470633
2022-06-28,71236.6797,71933.1277,70241.7540,71236.6797,1082711
2022-06-29,69744.2864,70938.1972,69346.3162,70440.7344,1185471
2022-06-30,70042.7754,70739.2234,69545.3125,69545.3125,1339031
2022-07-01,69644.8075,69943.2853,66262.0597,66958.5078,1817276
2022-07-04,66958.5047,68649.8785,65864.0863,67754.4453,1019171
2022-07-05,68351.3937,72132.1113,67953.4234,71634.6484,2125688
2022-07-06,70938.2025,74619.4276,70838.7099,73127.0391,2724220
2022-07-07,74121.9587,74519.9290,72331.0926,72629.5703,1603464
2022-07-08,73525.0080,73525.0080,71435.6641,71435.6641,1418763
2022-07-11,71535.1586,72430.5917,70739.2180,70938.2031,979002
2022-07-12,70341.2516,70639.7293,69047.8481,69943.2812,1082539
2022-07-13,69744.2976,71833.6418,69744.2976,71535.1641,1156844
2022-07-14,70639.7224,73027.5440,70042.7670,71734.1406,1597400
2022-07-15,71734.1404,71833.6330,69047.8411,69744.2891,1605289
2022-07-18,70739.2200,72828.5640,70241.7571,72430.5938,1690739
2022-07-19,71634.6532,72828.5640,71236.6829,72430.5938,949001
2022-07-20,74320.9423,75216.3754,72729.0614,73027.5391,1758524
2022-07-21,73525.0007,74619.4189,73127.0305,73326.0156,1244024
2022-07-22,73127.0366,73226.5291,71236.6778,71734.1406,1601677
2022-07-25,71236.6744,72729.0629,71037.6893,72629.5703,1038303
2022-07-26,72231.5945,72530.0721,71435.6540,72032.6094,696076
2022-07-27,72132.1195,72231.6121,70838.7160,71535.1641,924477
2022-07-28,72629.5647,73823.4754,71734.1317,72032.6094,1226484
2022-07-29,72828.5641,75017.4008,72828.5641,74420.4453,2164565
2022-08-01,74420.4484,74818.4187,73624.5078,73624.5078,907903
2022-08-02,73425.5154,73425.5154,71236.6789,71435.6641,1786920
2022-08-03,71535.1563,75713.8441,71137.1860,75614.3516,2893725
2022-08-04,76609.2715,81285.4219,76410.2864,81285.4219,5803458
2022-08-05,81583.9014,82678.3196,80290.4981,80787.9609,2511627
2022-08-08,80191.0103,81583.9062,79693.5474,81583.9062,1674063
2022-08-09,81384.9243,83374.7757,81086.4466,82777.8203,1541966
2022-08-10,81882.3906,82379.8535,79892.5391,79892.5391,1428961
2022-08-11,82180.8630,83872.2367,81981.8778,83275.2812,1918391
2022-08-12,82578.8300,82777.8152,81285.4267,82081.3672,1069578
2022-08-16,82578.8290,82777.8141,80091.5149,80290.5000,1798225
2022-08-17,80389.9949,80787.9651,79196.0840,79693.5469,1041971
2022-08-18,78997.1023,79196.0875,77106.7435,78798.1172,1640906
2022-08-19,77902.6779,78400.1407,76012.3192,76310.7969,1804047
2022-08-22,75216.3851,75912.8331,74221.4594,74619.4297,1250643
2022-08-23,74420.4453,75415.3711,73823.4899,74420.4453,1327312
2022-08-24,74519.9375,75116.8929,73823.4895,74519.9375,936191
2022-08-25,75017.3958,76410.2917,74619.4255,75713.8438,1252757
2022-08-26,76310.7995,76808.2624,75116.8887,75614.3516,993727
2022-08-29,72430.5961,73027.5515,71435.6703,71833.6406,1632297
2022-08-30,72132.1222,73127.0481,72132.1222,72828.5703,802825
2022-08-31,71933.1209,73326.0167,71435.6581,73027.5391,1348480
2022-09-01,71933.1205,72132.1057,70838.7024,71037.6875,1275977
2022-09-02,71734.1480,71833.6406,69644.8039,69843.7891,1201760
2022-09-05,69445.8117,70440.7374,69047.8415,69644.7969,865940
2022-09-06,69644.7980,70241.7534,69147.3352,69346.3203,744418
2022-09-07,68749.3655,68848.8581,66660.0215,67157.4844,1793068
2022-09-08,68152.4081,68848.8561,67256.9750,67654.9453,1169203
2022-09-13,68749.3638,70440.7374,68749.3638,69644.7969,2103796
2022-09-14,66660.0270,68152.4156,66162.5641,67754.4453,1827706
2022-09-15,68251.9030,68649.8733,67057.9922,67057.9922,984996
2022-09-16,66361.5461,67356.4718,65963.5758,66560.5312,922538
2022-09-19,66759.5103,66958.4954,65068.1367,65068.1367,1132357
2022-09-20,66063.0667,66262.0519,64968.6484,64968.6484,854697
2022-09-21,64570.6792,64968.6495,63277.2758,63675.2461,1056852
2022-09-22,62381.8413,62481.3339,60789.9602,60988.9453,1743099
2022-09-23,60988.9465,61486.4093,60590.9762,60690.4688,1660303
2022-09-26,59795.0328,60690.4659,58899.5997,59397.0625,1983320
2022-09-27,59198.0789,59994.0194,57506.7052,58999.0938,1807942
2022-09-28,58302.6472,58501.6323,55815.3329,56611.2734,2387527
2022-09-29,57407.2139,58700.6174,55516.8551,55616.3477,2212133
2022-09-30,54919.8952,57705.6870,54720.9101,56810.2539,1882206
2022-10-04,57407.2139,57805.1842,54820.4071,55616.3477,2220578
2022-10-05,56412.2857,56810.2560,54024.4641,54223.4492,2107661
2022-10-06,54322.9445,55417.3628,53626.4965,54521.9297,2123384
2022-10-07,54024.4620,54521.9248,50243.7446,50641.7148,4265238
2022-10-11,49099.5831,50144.2551,48552.3739,49845.7773,2430880
2022-10-12,49597.0469,50044.7634,48751.3600,49597.0469,2106857
2022-10-13,49149.3324,49248.8249,47059.9883,47059.9883,2538948
2022-10-14,48801.1044,51238.6723,48801.1044,51139.1797,3872919
2022-10-17,47756.4323,48900.5968,46264.0438,48104.6562,9711382
2022-10-18,48651.8653,49945.2687,48154.4025,49149.3281,6284583
2022-10-19,49547.2969,51935.1184,49149.3266,49547.2969,4540597
2022-10-20,49547.3009,49547.3009,47059.9866,47507.7031,4240904
2022-10-21,47408.2102,49398.0617,46811.2548,48602.1211,3354625
2022-10-24,49746.2872,50343.2427,48054.9135,48204.1523,2848346
2022-10-25,48552.3750,49298.5693,48303.6436,48552.3750,1910362
2022-10-26,48701.6102,48701.6102,47408.2068,47457.9531,2149830
2022-10-27,47457.9569,48602.1215,46960.4940,48502.6289,2442155
2022-10-28,47955.4198,49199.0769,47557.4495,48502.6289,1867478
2022-10-31,49348.3161,50442.7344,48452.8829,50442.7344,3130880
2022-11-01,50144.2567,50542.2269,49398.0624,50442.7344,1653708
2022-11-02,49845.7768,52830.5538,49447.8065,52034.6133,4937758
2022-11-03,50542.2253,50940.1956,49447.8071,49845.7773,3572826
2022-11-04,49248.8212,50343.2394,48701.6121,50044.7617,3242294
2022-11-07,50243.7486,50442.7337,49447.8080,49597.0469,2527175
2022-11-08,49945.2723,51338.1684,49746.2872,51238.6758,4457042
2022-11-09,51736.1363,53527.0026,51437.6586,51835.6289,4005676
2022-11-10,51039.6855,51537.1483,50442.7301,50542.2227,2284351
2022-11-11,54223.4525,60690.4698,53328.0194,58402.1406,17375821
2022-11-14,58999.0968,59894.5300,57705.6934,58203.1562,5392366
2022-11-15,58203.1555,58601.1258,57009.2446,58402.1406,2373778
2022-11-16,59397.0588,59596.0439,57506.7001,58302.6406,2451864
2022-11-17,57705.6911,58899.6019,57307.7208,58800.1094,1744238
2022-11-18,58601.1257,58899.6034,57307.7223,57407.2148,1742383
2022-11-21,57208.2272,58004.1678,55715.8387,56014.3164,1765878
2022-11-22,55616.3500,55815.3351,53825.4836,54024.4688,1793196
2022-11-23,56014.3187,57407.2147,55118.8856,55417.3633,2551968
2022-11-24,55914.8236,57705.6898,55715.8384,57108.7344,1816392
2022-11-25,55914.8246,57009.2429,55317.8692,55815.3320,1322780
2022-11-28,55516.8522,55516.8522,54223.4488,54322.9414,1365592
2022-11-29,53924.9739,55914.8254,53825.4814,55616.3477,1358761
2022-11-30,55317.8680,56113.8086,54820.4052,56113.8086,1825885
2022-12-01,58899.5987,59297.5689,57407.2102,57606.1953,2895695
2022-12-02,57606.1992,58004.1694,56611.2734,56611.2734,1165966
2022-12-05,56909.7508,58700.6171,56909.7508,57705.6914,2050445
2022-12-06,57009.2393,57606.1947,55715.8359,55715.8359,1380887
2022-12-07,55417.3601,56312.7932,55118.8824,55218.3750,1014142
2022-12-08,55616.3453,55815.3304,54621.4196,55218.3750,1376893
2022-12-09,55815.3284,57904.6723,55715.8358,57805.1797,2404261
2022-12-12,57407.2094,58402.1351,56710.7615,57805.1797,1402888
2022-12-13,58700.6163,59397.0643,57407.2129,57904.6758,1532110
2022-12-14,58501.6332,59198.0812,58004.1703,58402.1406,1550967
2022-12-15,57606.1974,57705.6900,55019.3906,55019.3906,3034680
2022-12-16,53228.5239,54621.4199,52830.5536,54123.9570,2477820
2022-12-19,53626.4966,56113.8109,53626.4966,55516.8555,1364858
2022-12-20,55019.3945,55417.3648,53626.4984,54024.4688,1390754
2022-12-21,54621.4206,54919.8984,53427.5098,53924.9727,980179
2022-12-22,54720.9137,55417.3617,53825.4805,54820.4062,1228266
2022-12-23,53725.9827,54024.4604,52830.5497,53129.0273,1339673
2022-12-26,53129.0344,53527.0047,52432.5864,53328.0195,988777
2022-12-27,53626.4942,54422.4347,53328.0165,54123.9570,1226474
2022-12-28,53685.7057,54482.5251,52689.6815,53386.8984,1268005
2022-12-29,53287.2925,55080.1360,52689.6780,52888.8828,1319611
2023-01-02,53386.9023,53586.1072,52191.6732,52490.4805,887667
2023-01-03,52191.6719,53287.2986,51195.6476,53088.0938,1420569
2023-01-04,52988.4902,55777.3581,52888.8877,55478.5508,2241411
2023-01-05,55578.1516,57968.6098,55478.5492,57470.5977,3046064
2023-01-06,56972.5898,57769.4093,56275.3728,56972.5898,1420345
2023-01-09,58466.6201,60956.6805,58068.2104,60857.0781,3482961
2023-01-10,60458.6719,61454.6961,60159.8646,60458.6719,2178323
2023-01-11,61454.6936,62251.5130,60558.2718,61653.8984,2544430
2023-01-12,62749.5286,63147.9383,60857.0825,61255.4922,2197974
2023-01-13,61853.1063,62749.5282,61255.4918,61753.5039,2248562
2023-01-16,62052.3092,64741.5746,61753.5019,64243.5625,2989321
2023-01-17,64243.5663,64243.5663,61155.8911,61554.3008,3194397
2023-01-18,61255.4874,62251.5116,60857.0778,61355.0898,1650067
2023-01-19,60857.0807,61155.8880,59960.6589,60558.2734,1687361
2023-01-20,60259.4666,61653.9006,60259.4666,60956.6836,1376217
2023-01-25,62251.5148,63546.3463,61853.1051,62351.1172,13273
2023-01-26,62550.3220,63446.7438,61454.6954,62351.1172,17163
2023-01-27,63745.5526,65239.5889,63147.9380,64442.7695,10914
2023-01-30,64542.3683,65139.9829,62948.7296,63048.3320,13479
2023-01-31,62450.7178,63247.5372,60956.6815,61653.8984,15943
2023-02-01,61753.5061,62649.9279,61155.8915,61952.7109,9913
2023-02-02,64143.9601,64940.7795,63446.7431,64243.5625,45027
2023-02-03,64641.9724,67231.6354,64243.5627,66932.8281,33471
2023-02-06,66235.6128,66833.2273,64940.7812,64940.7812,15674
2023-02-07,65040.3855,68526.4705,64641.9758,68327.2656,49709
2023-02-08,68227.6589,69622.0928,67928.8516,68825.2734,17041
2023-02-09,67630.0444,71016.5267,66833.2250,68825.2734,26142
2023-02-10,68924.8811,69920.9053,66036.4106,67331.2422,39929
2023-02-13,66434.8135,66534.4159,63944.7530,64044.3555,35598
2023-02-14,65139.9839,66136.0081,64542.3694,64741.5742,18061
2023-02-15,64343.1648,64442.7673,62351.1164,63347.1406,12426
2023-02-16,64143.9627,64940.7821,63247.5408,63944.7578,21062
2023-02-17,62749.5248,64143.9587,62151.9102,63048.3320,15022
2023-02-20,63147.9384,64243.5651,62550.3238,63944.7578,11681
2023-02-21,64243.5628,64442.7677,62749.5265,62849.1289,14467
2023-02-22,61653.9037,62749.5304,61255.4939,61952.7109,13029
2023-02-23,62351.1181,62948.7326,61952.7084,62251.5156,14051
2023-02-24,62251.5178,62649.9275,61355.0959,61554.3008,13400
2023-02-27,61155.8863,61952.7057,60757.4767,61653.8984,1407458
2023-02-28,61753.5005,63147.9344,61653.8981,62151.9102,1870108
2023-03-02,61952.7078,62151.9127,60558.2739,60956.6836,1842975
2023-03-03,61355.0950,61952.7096,60657.8780,60757.4805,1250945
2023-03-06,60956.6825,63546.3455,60857.0801,63347.1406,2768767
2023-03-07,62749.5286,62849.1310,61155.8898,61255.4922,2322926
2023-03-08,60956.6821,60956.6821,58765.4288,58865.0312,2935338
2023-03-09,59462.6466,60359.0685,58665.8273,58765.4297,1949722
2023-03-10,57669.8030,58167.8151,57271.3933,57869.0078,2009728
2023-03-13,60060.2613,62151.9122,58566.2250,60558.2734,5720123
2023-03-14,60359.0649,60857.0770,58964.6311,59163.8359,2192551
2023-03-15,60359.0698,60558.2747,58566.2262,59064.2383,1885060
2023-03-16,58167.8114,60060.2573,57869.0042,59661.8477,1976894
2023-03-17,60359.0699,60956.6844,59562.2505,59960.6602,1658486
2023-03-20,59960.6611,61753.5047,59960.6611,60757.4805,2051491
2023-03-21,61155.8871,61454.6944,60259.4653,60657.8750,1093952
2023-03-22,61454.6984,62649.9275,61056.2887,62450.7227,2243729
2023-03-23,61554.2947,61753.4995,60558.2705,61355.0898,1685484
2023-03-24,61355.0916,61653.8988,60657.8746,61155.8867,1323550
2023-03-27,61255.4913,61554.2985,59562.2501,60458.6719,1490567
2023-03-28,60359.0695,60757.4791,59661.8525,60458.6719,1326335
2023-03-29,60558.2690,61155.8835,59861.0521,60159.8594,1144119
2023-03-30,60558.2756,60657.8780,59661.8537,59861.0586,1707493
2023-03-31,60359.0660,60956.6805,59761.4515,60857.0781,1745559
2023-04-03,61155.8893,61355.0941,59661.8529,59960.6602,1683150
2023-04-04,59960.6598,60558.2743,59562.2501,60458.6719,1380518
2023-04-05,60259.4688,60956.6857,59960.6615,60259.4688,1227329
2023-04-06,59861.0559,59861.0559,58267.4171,58367.0195,2659408
2023-04-07,58367.0195,58964.6341,57869.0074,58367.0195,1650319
2023-04-10,58068.2127,58167.8151,56872.9836,57869.0078,2103339
2023-04-11,57869.0092,59761.4553,57271.3946,59064.2383,2184527
2023-04-12,58964.6332,59064.2356,58267.4163,58466.6211,1486194
2023-04-13,58267.4172,59363.0438,58167.8148,59263.4414,1591961
2023-04-14,59861.0590,60757.4809,59163.8420,60259.4688,2464952
2023-04-17,59960.6610,60458.6732,59363.0465,59861.0586,1450046
2023-04-18,59960.6588,60558.2733,58665.8273,58765.4297,1731564
2023-04-19,58765.4292,58865.0316,58267.4171,58367.0195,1086274
2023-04-20,58267.4192,58466.6241,57570.2023,57669.8047,1342600
2023-04-21,57470.5998,57968.6120,56972.5877,57669.8047,1212125
2023-04-24,57072.1923,57570.2044,56872.9874,56972.5898,961915
2023-04-25,56773.3797,57669.8015,55478.5482,55777.3555,1791028
2023-04-26,55378.9454,56972.5841,55378.9454,56275.3672,1452179
2023-04-27,55976.5620,56076.1645,55080.1402,55578.1523,1311670
2023-04-28,56175.7666,58865.0320,56076.1642,57869.0078,3124682
2023-05-02,57968.6107,58367.0204,57470.5986,58267.4180,1124552
2023-05-03,57769.4076,58665.8294,57570.2027,58068.2148,1047114
2023-05-04,56972.5898,57271.3971,55777.3607,56972.5898,2288474
2023-05-08,57271.3928,57968.6098,56872.9831,57470.5977,1821528
2023-05-09,57570.2018,58466.6236,57072.1897,57271.3945,1412568
2023-05-10,56872.9817,57072.1865,56076.1623,56275.3672,1364811
2023-05-11,56175.7652,56872.9821,55777.3555,55777.3555,1190339
2023-05-12,55976.5630,56972.5872,55378.9484,56374.9727,1236080
2023-05-15,56275.3685,56773.3806,55876.9588,56574.1758,879909
2023-05-16,56474.5715,57171.7885,55777.3546,55876.9570,922948
2023-05-17,55677.7541,58566.2243,55378.9468,57470.5977,2035175
2023-05-18,57968.6141,58167.8190,56574.1801,56972.5898,1112295
2023-05-19,57171.7926,57968.6120,56972.5877,57669.8047,1375866
2023-05-22,57669.8047,57869.0095,57370.9974,57669.8047,985462
2023-05-23,57869.0087,57968.6111,57370.9966,57769.4062,1015317
2023-05-24,57271.3927,57370.9952,56474.5734,56574.1758,1258754
2023-05-25,56374.9757,56773.3854,56076.1684,56474.5781,1177829
2023-05-26,56175.7678,56773.3824,56175.7678,56374.9727,709988
2023-05-30,56773.3806,56872.9830,56175.7661,56574.1758,1155964
2023-05-31,56275.3737,56673.7834,55876.9640,55976.5664,1992398
2023-06-01,56076.1619,56374.9691,55777.3546,55876.9570,1004709
2023-06-02,56076.1680,57271.3971,55777.3607,56972.5898,1677624
2023-06-05,57370.9965,57669.8038,56773.3820,56872.9844,1035494
2023-06-07,57470.5963,57769.4036,57072.1866,57171.7891,1012086
2023-06-08,56773.3793,56773.3793,56076.1623,56275.3672,1734613
2023-06-09,56574.1753,56972.5850,56076.1632,56175.7656,1732451
2023-06-12,56673.7799,56972.5872,56175.7678,56374.9727,867990
2023-06-13,56773.3802,56872.9826,55976.5608,56175.7656,1101921
2023-06-14,56175.7678,56374.9726,55080.1411,55478.5508,2051297
2023-06-15,55478.5466,55876.9563,53486.4983,53685.7031,2719928
2023-06-16,54084.1154,54382.9227,53187.6936,53386.8984,1745708
2023-06-19,53187.6953,53187.6953,51793.2613,52291.2734,2131119
2023-06-20,52191.6701,52689.6822,51295.2483,51494.4531,1767021
2023-06-21,51494.4517,51793.2590,50100.0178,50299.2227,2027881
2023-06-22,50000.4171,50896.8389,49900.8147,50100.0195,1336297
2023-06-23,50000.4184,50299.2257,49353.0026,49502.4062,1755166
2023-06-26,48805.1867,50100.0182,48406.7770,49801.2109,1872956
2023-06-27,49801.2126,49900.8151,49153.7969,49153.7969,1333727
2023-06-28,49502.4045,49552.2057,48307.1754,48805.1875,1659730
2023-06-29,48805.1875,49602.0069,48506.3802,48805.1875,1287518
2023-06-30,48655.7830,49502.4036,48207.5721,48904.7891,1268925
2023-07-03,49103.9970,50797.2383,49103.9970,50797.2383,1691513
2023-07-04,50697.6332,50797.2356,49701.6089,49751.4102,1445459
2023-07-05,49751.4158,50199.6268,48605.9878,48655.7891,2700066
2023-07-06,48655.7832,51295.2473,48506.3795,50697.6328,3139685
2023-07-07,50398.8268,50996.4413,49552.2062,49651.8086,1974639
2023-07-10,49651.8086,50100.0195,49253.3989,49651.8086,1068139
2023-07-11,49900.8113,50797.2330,49801.2089,50498.4258,1212718
2023-07-12,50498.4297,51594.0564,50000.4176,51394.8516,1658795
2023-07-13,51793.2587,52390.8732,51494.4514,51693.6562,1955527
2023-07-14,52092.0699,52590.0820,51394.8529,52590.0820,1900674
2023-07-17,52191.6732,52988.4926,51992.4683,52490.4805,1411212
2023-07-18,52490.4765,52490.4765,51195.6450,51594.0547,1486148
2023-07-19,51594.0550,51594.0550,49900.8138,50199.6211,1674191
2023-07-20,49900.8130,50896.8372,49900.8130,50299.2227,1150775
2023-07-21,49801.2136,50598.0330,49552.2075,50398.8281,1203404
2023-07-24,49900.8147,50100.0195,49203.5977,49651.8086,1943708
2023-07-25,49402.8073,49602.0122,48605.9878,48655.7891,1788062
2023-07-26,48605.9812,48605.9812,46464.5292,47609.9570,3798977
2023-07-27,47311.1529,50398.8281,47311.1529,50398.8281,2861543
2023-07-28,50000.4184,51195.6475,49402.8039,50398.8281,1539813
2023-07-31,50697.6333,51594.0551,49801.2115,51096.0430,2204300
2023-08-01,51594.0553,55080.1402,51594.0553,54681.7305,7074120
2023-08-02,54880.9383,54880.9383,52092.0703,52988.4922,2936126
2023-08-03,52590.0816,53586.1059,52092.0695,53088.0938,2146867
2023-08-04,53586.1031,54781.3322,50797.2353,51594.0547,3173204
2023-08-07,51494.4562,53785.3121,50996.4440,52490.4805,2755342
2023-08-08,53287.2959,53386.8983,51594.0547,51594.0547,1512333
2023-08-09,51892.8650,52988.4917,51892.8650,52590.0820,1095062
2023-08-10,52092.0677,52888.8871,51693.6580,52390.8750,1645198
2023-08-11,51195.6467,52291.2734,50398.8273,51394.8516,1591602
2023-08-14,51494.4500,51793.2572,50398.8234,50498.4258,1062345
2023-08-16,50100.0195,50896.8389,49651.8086,50100.0195,1125125
2023-08-17,49801.2095,49900.8120,48954.5890,49054.1914,1640558
2023-08-18,48456.5799,49103.9956,48008.3689,48257.3750,1384622
2023-08-21,48307.1766,49253.3997,48058.1706,48207.5742,1010367
2023-08-22,48356.9757,49203.5963,48207.5721,48456.5781,1131155
2023-08-23,48506.3811,49502.4053,48257.3750,48705.5859,1344907
2023-08-24,49253.3975,49900.8133,48705.5842,48904.7891,1735760
2023-08-25,47809.1632,48356.9765,47410.7535,47908.7656,1330506
2023-08-28,48356.9814,48456.5838,47609.9631,47809.1680,974367
2023-08-29,47809.1628,48506.3798,47809.1628,48406.7773,864728
2023-08-30,48954.5911,49203.5972,48556.1814,48805.1875,888093
2023-08-31,48805.1874,48904.7899,47908.7656,47908.7656,1699582
2023-09-01,47759.3625,49103.9952,47759.3625,48755.3867,1371351
2023-09-04,48705.5842,49253.3975,48207.5721,48904.7891,1020561
2023-09-05,48904.7908,49153.7969,48655.7847,48705.5859,676829
2023-09-06,48805.1871,49004.3919,48307.1750,48854.9883,830228
2023-09-07,48506.3785,49402.8003,48406.7761,48556.1797,925935
2023-09-08,48456.5777,48556.1801,47809.1619,48058.1680,1116295
2023-09-11,48058.1680,48157.7704,47709.5595,48058.1680,1017094
2023-09-12,48008.3694,48556.1827,47958.5682,48207.5742,1383694
2023-09-13,47908.7643,47958.5655,47111.9449,47609.9570,1898035
2023-09-14,47659.7579,48107.9688,47261.3482,48107.9688,1687973
2023-09-15,47908.7708,48705.5903,47908.7708,48655.7891,1695681
2023-09-18,48356.9761,49004.3919,48257.3737,48406.7773,876697
2023-09-19,48406.7799,48506.3824,47609.9605,47659.7617,991657
2023-09-20,47659.7564,47759.3588,46862.9371,46912.7383,1245851
2023-09-21,46613.9357,46962.5442,45418.7066,45468.5078,2463267
2023-09-22,44920.6918,45468.5052,44621.8846,44870.8906,1395423
2023-09-25,44721.4891,45070.0976,44472.4831,44621.8867,1141723
2023-09-26,44472.4844,44621.8880,43227.4540,43576.0625,1875514
2023-09-27,42978.4462,44024.2717,42978.4462,43775.2656,1134533
2023-10-04,42878.8446,42928.6458,41434.6094,41434.6094,2511805
2023-10-05,41584.0117,42231.4274,40538.1862,40687.5898,1859309
2023-10-06,40438.5851,41932.6215,40438.5851,41882.8203,1130815
2023-10-10,41932.6193,42181.6253,41036.1975,41235.4023,1273485
2023-10-11,41733.4154,43028.2469,41733.4154,42480.4336,1343809
2023-10-12,42530.2340,43825.0655,42430.6316,43476.4570,1373599
2023-10-13,43078.0434,43476.4530,42878.8386,43028.2422,589597
2023-10-16,43078.0477,43725.4635,42231.4271,42978.4453,941701
2023-10-17,43227.4505,43874.8662,42629.8359,42629.8359,1063385
2023-10-18,42231.4270,42779.2404,41633.8125,41633.8125,1389354
2023-10-19,40836.9965,41235.4062,40289.1832,40338.9844,1699061
2023-10-20,39591.9631,39990.3727,38695.5412,38894.7461,2483524
2023-10-23,38048.1272,38745.3442,37699.5187,37799.1211,2585077
2023-10-24,38147.7271,39542.1610,37699.5162,39442.5586,2739742
2023-10-25,39442.5603,39492.3615,38695.5421,38795.1445,1422352
2023-10-26,38097.9310,38346.9371,37251.3103,37500.3164,2073618
2023-10-27,37500.3116,37898.7213,37151.7032,37599.9141,1323041
2023-10-30,37500.3134,38247.3316,37450.5122,37848.9219,1290753
2023-10-31,38097.9297,38795.1467,37301.1102,37649.7188,1791726
2023-11-01,37848.9214,38147.7287,37301.1081,37450.5117,1272093
2023-11-02,37848.9210,38446.5356,37749.3186,38396.7344,1529650
2023-11-03,39093.9511,41384.8068,38745.3426,41135.8008,3675484
2023-11-06,42829.0401,44522.2812,42131.8232,44522.2812,4871031
2023-11-07,44522.2856,44572.0868,42679.6406,43576.0625,2026104
2023-11-08,44173.6753,44821.0911,43675.6632,43775.2656,1515109
2023-11-09,43277.2511,46315.1249,43277.2511,45418.7031,3198261
2023-11-10,45617.9115,45916.7187,44821.0920,45468.5078,1978790
2023-11-13,45617.9132,46265.3290,44721.4913,44821.0938,1288632
2023-11-14,45966.5217,46763.3411,45319.1059,46165.7266,1718239
2023-11-15,47012.3421,48257.3724,46613.9325,48107.9688,2792797
2023-11-16,47211.5478,48058.1684,46663.7345,48008.3672,1565115
2023-11-17,47958.5681,47958.5681,47012.3451,47311.1523,1144308
2023-11-20,47062.1437,47958.5655,46813.1377,47609.9570,929546
2023-11-21,48107.9684,49402.7999,48107.9684,49054.1914,2483017
2023-11-22,48556.1820,50797.2365,48058.1698,50100.0195,2467921
2023-11-23,50199.6220,50398.8268,49402.8026,50100.0195,1394573
2023-11-24,50199.6202,50697.6323,49801.2106,50299.2227,1011208
2023-11-27,50598.0316,50797.2365,49103.9953,49651.8086,1480318
2023-11-28,49801.2132,50996.4423,49602.0083,50896.8398,1423510
2023-11-29,50598.0299,51096.0420,49900.8130,50299.2227,1284120
2023-11-30,50000.4154,50697.6323,49801.2106,50299.2227,1613598
2023-12-01,50199.6232,50199.6232,49452.6050,49502.4062,1105367
2023-12-04,49602.0070,51096.0434,49552.2058,50598.0312,1785113
2023-12-05,50498.4288,50996.4409,50000.4167,50598.0312,1142447
2023-12-06,50498.4275,50896.8372,50000.4154,50299.2227,1039034
2023-12-07,50000.4154,50598.0299,49801.2106,50299.2227,723544
2023-12-08,51195.6459,51793.2604,50498.4289,51494.4531,1481560
2023-12-11,51793.2609,52988.4900,51693.6584,51892.8633,1538081
2023-12-12,52291.2716,52490.4765,51594.0547,51594.0547,966939
2023-12-13,51594.0546,51793.2595,50498.4280,50697.6328,886654
2023-12-14,52191.6711,54681.7317,52092.0687,54084.1172,4990407
2023-12-15,54183.7184,54781.3329,53785.3087,54681.7305,2212939
2023-12-18,54781.3297,54781.3297,53486.4983,53685.7031,1357544
2023-12-19,53287.2982,54183.7200,52988.4909,53586.1055,933314
2023-12-20,53984.5160,53984.5160,52789.2869,53486.5039,1132733
2023-12-21,52689.6845,53386.9015,51793.2626,52590.0820,1536311
2023-12-22,53088.0942,53486.5039,52390.8772,52590.0820,1215421
2023-12-26,51892.8607,53187.6922,51892.8607,52191.6680,957793
2023-12-27,52191.6672,53287.2938,51892.8600,53187.6914,940418
2023-12-28,53486.5026,54084.1172,53088.0929,54084.1172,979793
2024-01-02,54084.1173,57669.8047,53785.3101,57669.8047,3726752
2024-01-03,56872.9848,57370.9969,55777.3581,56374.9727,1917854
2024-01-04,55578.1558,57570.2044,55378.9510,56972.5898,1884358
2024-01-05,57171.7911,57271.3935,55279.3451,55578.1523,1316579
2024-01-08,55578.1558,58566.2287,55578.1558,56972.5898,2497737
2024-01-09,58267.4163,58964.6332,58068.2114,58466.6211,2166853
2024-01-10,58665.8294,59761.4561,58367.0222,58964.6367,2729859
2024-01-11,60060.2613,61653.9001,59163.8395,60558.2734,4601300
2024-01-12,60657.8715,60956.6787,58865.0280,60159.8594,2014084
2024-01-15,60259.4636,60956.6805,59562.2467,60857.0781,397232
2024-01-16,60359.0712,61454.6979,59163.8420,59363.0469,1918777
2024-01-17,59363.0455,59661.8527,56374.9727,57271.3945,3326071
2024-01-18,56972.5855,57669.8024,55677.7540,56574.1758,2237185
2024-01-19,57869.0082,58566.2252,56872.9840,57370.9961,1736180
2024-01-22,58068.2116,58665.8262,55578.1511,56175.7656,1934438
2024-01-23,56474.5734,57769.4049,56374.9710,57470.5977,1100723
2024-01-24,57271.3976,57271.3976,56076.1684,56474.5781,927568
2024-01-25,56076.1627,56474.5724,54482.5240,55777.3555,1817363
2024-01-26,55478.5508,57171.7921,55378.9484,56374.9727,904913
2024-01-29,56374.9721,56972.5867,54980.5382,55080.1406,1329616
2024-01-30,55677.7560,55777.3584,53386.9002,54084.1172,2011521
2024-01-31,53486.5025,53685.7074,51992.4662,52291.2734,1794783
2024-02-01,51693.6610,52888.8902,51295.2513,52490.4805,1422821
2024-02-02,53586.1035,56374.9713,53486.5011,56076.1641,2428683
2024-02-05,56773.3845,57171.7942,54382.9262,54781.3359,1564624
2024-02-06,54283.3247,54781.3368,53586.1076,53785.3125,982600
2024-02-07,54183.7200,55478.5516,53386.9006,53586.1055,1256600
2024-02-08,54283.3247,54482.5295,53486.5052,53785.3125,1532750
2024-02-13,53785.3104,55080.1419,53785.3104,54482.5273,957145
2024-02-14,53685.7062,54681.7305,52988.4893,54681.7305,886156
2024-02-15,56574.1776,61155.8892,56474.5752,59064.2383,10199107
2024-02-16,59263.4431,59462.6479,58068.2140,58167.8164,2310632
2024-02-19,58566.2239,58865.0312,57869.0070,57968.6094,1409033
2024-02-20,57669.8017,59761.4526,57570.1993,58466.6211,1943466
2024-02-21,58566.2256,58665.8281,57769.4062,57769.4062,844219
2024-02-22,58367.0217,58665.8289,57470.5998,57669.8047,972001
2024-02-23,57869.0086,57968.6110,56374.9723,56872.9844,1330016
2024-02-26,57271.3941,57769.4062,56773.3820,56872.9844,871467
2024-02-27,56972.5855,57470.5976,56076.1637,56574.1758,1022628
2024-02-28,56634.9984,57233.2555,55039.6464,55438.4844,1463434
2024-02-29,54939.9391,55139.3581,52846.0394,53145.1680,3056344
2024-03-04,53444.2936,54740.5171,52746.3271,52945.7461,1830422
2024-03-05,52447.2020,52746.3305,51450.1069,51549.8164,1737655
2024-03-06,51250.6868,52148.0724,51250.6868,51749.2344,902578
2024-03-07,52048.3616,53544.0042,51848.9426,52746.3281,1425978
2024-03-08,53444.2990,54042.5561,52846.0419,53045.4609,1466862
2024-03-11,53045.4575,54640.8096,52546.9100,54441.3906,1047193
2024-03-12,54840.2302,55837.3253,54640.8112,55637.9062,1388337
2024-03-13,55737.6142,55837.3237,53942.8431,54441.3906,1088171
2024-03-14,54441.3910,55637.9051,54441.3910,54740.5195,1792414
2024-03-15,54840.2293,54840.2293,53743.4247,53942.8438,926038
2024-03-18,54042.5532,54142.2627,52546.9105,52846.0391,1168724
2024-03-19,52546.9119,52646.6214,51549.8168,51848.9453,1116159
2024-03-20,52247.7806,53045.4566,52148.0711,52746.3281,869967
2024-03-21,53743.4254,54042.5539,52646.6208,53444.2969,1359646
2024-03-22,53444.2969,54142.2634,53145.1683,53444.2969,881388
2024-03-25,53244.8768,54341.6814,52945.7483,53643.7148,717693
2024-03-26,54042.5530,55039.6481,53743.4245,54740.5195,1170288
2024-03-27,54042.5516,55039.6466,53743.4231,54640.8086,779339
2024-03-28,54640.8068,55538.1923,54241.9688,54241.9688,955506
2024-03-29,54341.6839,54740.5220,53344.5888,53544.0078,870563
2024-04-01,53942.8434,54341.6814,53444.2958,53643.7148,775737
2024-04-02,53045.4597,53045.4597,50851.8505,51051.2695,2856932
2024-04-03,51051.2706,51848.9467,50851.8516,50851.8516,1332410
2024-04-04,51051.2698,51350.3983,48957.3700,49156.7891,2658438
2024-04-05,48259.3996,48957.3661,48059.9805,48608.3828,1559612
2024-04-08,48708.0941,49605.4797,48159.6918,49007.2227,1006988
2024-04-09,48957.3654,49954.4605,48708.0917,49106.9297,775713
2024-04-11,48309.2560,48658.2393,47561.4347,47910.4180,2005085
2024-04-12,47910.4190,48309.2571,47511.5810,47711.0000,946914
2024-04-15,46963.1773,47860.5628,46713.9035,47611.2891,801117
2024-04-16,47062.8881,47262.3071,46464.6310,46614.1953,1144123
2024-04-17,46564.3388,47860.5624,46564.3388,46763.7578,1043806
2024-04-18,47212.4508,50054.1717,46763.7581,48957.3672,2262675
2024-04-19,48209.5465,49455.9154,47561.4348,48458.8203,1184289
2024-04-22,49306.3530,49555.6267,48309.2578,48857.6602,641194
2024-04-23,48558.5297,48608.3845,46913.3228,47362.0156,1782455
2024-04-24,47860.5639,48259.4020,47710.9997,47960.2734,725443
2024-04-25,47362.0142,47760.8522,46963.1762,47262.3047,847788
2024-04-26,47711.0000,47760.8547,47013.0334,47162.5977,656101
2024-04-29,47511.5824,48458.8228,47461.7277,48359.1133,950410
2024-04-30,48209.5465,48708.0941,48159.6918,48458.8203,1015126
2024-05-02,48010.1271,48408.9652,47910.4176,48159.6914,889047
2024-05-03,48857.6552,50153.8787,48857.6552,49057.0742,1373246
2024-05-07,49755.0440,50353.3011,49256.4965,49555.6250,1465976
2024-05-08,49605.4812,49954.4645,49206.6431,49655.3359,737154
2024-05-09,50054.1724,50453.0104,48259.4013,48458.8203,2000421
2024-05-10,48857.6586,48907.5134,47511.5803,47661.1445,1407165
2024-05-13,47561.4353,47611.2901,46863.4688,46863.4688,995194
2024-05-14,47062.8867,47262.3057,46514.4844,46514.4844,1185101
2024-05-16,46913.3246,47561.4364,46614.1960,46664.0508,1445556
2024-05-17,46464.6307,46963.1782,46265.2117,46315.0664,923404
2024-05-20,46664.0478,46664.0478,45866.3718,45916.2266,947656
2024-05-21,45517.3910,46115.6481,45218.2625,45816.5195,1159453
2024-05-22,45666.9531,46065.7911,45367.8246,45666.9531,1200115
2024-05-23,45666.9559,45816.5202,45118.5536,45317.9727,894733
2024-05-24,44919.1320,45118.5510,44271.0202,44320.8750,1280352
2024-05-27,44470.4436,46464.6339,44420.5888,45716.8125,1500538
2024-05-28,45866.3739,45916.2286,44968.9883,44968.9883,734989
2024-05-29,44520.2957,44819.4243,43573.0554,43622.9102,1439203
2024-05-30,43174.2159,43922.0372,42974.7969,43523.1992,798465
2024-05-31,43922.0401,44221.1686,42875.0902,43174.2188,2172503
2024-06-03,43224.0722,45018.8433,43174.2174,44171.3125,904573
2024-06-04,43772.4748,44819.4247,43722.6201,44470.4414,710096
2024-06-05,44769.5692,44819.4240,44021.7479,44420.5859,652883
2024-06-07,44470.4403,45018.8426,44021.7475,44121.4570,922538
2024-06-10,43573.0539,43672.7634,42825.2326,42974.7969,913040
2024-06-11,43224.0714,43722.6189,42875.0881,43024.6523,707905
2024-06-12,43024.6509,43473.3437,42625.8129,42924.9414,1047526
2024-06-13,43224.0707,43971.8920,43024.6517,43523.1992,2477617
2024-06-14,43124.3609,44071.6012,42924.9419,43772.4727,1154685
2024-06-17,43373.6366,43622.9104,42027.5583,42276.8320,1321022
2024-06-18,42376.5401,42875.0876,42077.4116,42177.1211,871491
2024-06-19,42376.5395,42675.6680,41678.5729,42675.6680,1430015
2024-06-20,42426.3963,42675.6701,42077.4130,42276.8320,783732
2024-06-21,42326.6858,43024.6523,42276.8310,43024.6523,2111727
2024-06-24,42675.6690,42825.2332,41927.8477,41927.8477,891039
2024-06-25,42127.2673,42177.1220,40880.8984,40880.8984,1607274
2024-06-26,40531.9159,41977.7038,40382.3516,41479.1562,1244850
2024-06-27,40980.6072,41180.0262,40282.6406,40282.6406,1203554
2024-06-28,40531.9180,41130.1751,40232.7894,40531.9180,936191
2024-07-01,40182.9319,41030.4627,40133.0771,40880.8984,714241
2024-07-02,40482.0618,40681.4808,39833.9499,39883.8047,1130668
2024-07-03,39983.5117,40880.8973,39883.8022,39983.5117,1173859
2024-07-04,39983.5146,40531.9169,39883.8051,40182.9336,861325
2024-07-05,40182.9312,41678.5738,39983.5122,41379.4453,1530900
2024-07-08,41379.4464,42974.7986,41080.3179,42276.8320,1595728
2024-07-09,42226.9780,43024.6541,41877.9947,42326.6875,1123272
2024-07-10,41877.9912,42775.3768,41479.1532,42625.8125,1285909
2024-07-11,43024.6486,43124.3581,41977.6989,42226.9727,1381961
2024-07-12,42226.9751,43872.1820,41828.1371,42127.2656,1870201
2024-07-15,42426.3930,42775.3763,41778.2812,41778.2812,1108465
2024-07-16,41828.1373,42027.5563,40681.4780,40781.1875,1196676
2024-07-17,40831.0426,41329.5902,40432.2046,41080.3164,1538706
2024-07-18,40681.4815,41030.4648,40182.9340,41030.4648,936043
2024-07-19,40781.1861,41977.7002,40531.9124,41229.8789,1145416
2024-07-22,41229.8785,41479.1523,40731.3310,40930.7500,880598
2024-07-23,40382.3474,41329.5876,38587.5764,38737.1406,4258210
2024-07-24,38388.1596,40531.9139,37989.3215,39435.1094,2560151
2024-07-25,39235.6891,40581.7674,38936.5606,40432.2031,1532071
2024-07-26,40432.2081,40482.0628,39684.3867,39684.3867,950430
2024-07-29,39734.2397,40033.3682,39385.2564,39833.9492,655444
2024-07-30,39484.9648,40033.3671,38836.8530,38936.5625,1029339
2024-07-31,39135.9798,39285.5440,38637.4322,39086.1250,1137172
2024-08-01,39235.6939,40033.3700,39185.8391,39684.3867,877795
2024-08-02,39385.2546,40033.3664,39135.9809,39435.1094,1041566
2024-08-05,39435.1097,39484.9645,35247.3105,36194.5508,2685140
2024-08-06,36643.2444,38886.7084,36643.2444,37889.6133,1744154
2024-08-07,37191.6471,38637.4350,37191.6471,38188.7422,1361364
2024-08-08,38836.8522,38986.4165,37391.0644,38338.3047,1878038
2024-08-09,38787.0003,38986.4193,36493.6815,36892.5195,3189269
2024-08-12,36992.2266,37590.4836,36693.0980,36992.2266,1342896
2024-08-13,36842.6640,36992.2283,36094.8427,36294.2617,1205169
2024-08-14,36543.5373,36792.8111,36194.5540,36693.1016,1074501
2024-08-16,37191.6455,37241.5003,36443.8242,36443.8242,1170171
2024-08-19,36543.5352,37291.3565,36244.4066,36543.5352,1211287
2024-08-20,36792.8068,36892.5163,36294.2592,36393.9688,950218
2024-08-21,36393.9702,36693.0987,36294.2607,36493.6797,669506
2024-08-22,36792.8062,37590.4822,36643.2420,37440.9180,1653724
2024-08-23,37341.2109,37690.1942,36992.2277,37341.2109,872362
2024-08-26,37440.9188,38786.9971,37042.0808,38587.5781,1753855
2024-08-27,38537.7251,38786.9989,37889.6133,37889.6133,1148870
2024-08-28,37889.6128,38039.1771,36892.5178,37042.0820,1183525
2024-08-29,36892.5195,37291.3576,36643.2458,36892.5195,820801
2024-08-30,37141.7883,37640.3358,37042.0788,37091.9336,1353912
2024-09-02,37241.5014,37241.5014,36643.2443,36792.8086,734047
2024-09-03,36792.8064,37291.3539,36094.8398,36094.8398,1238880
2024-09-04,35297.1657,35396.8752,33851.3779,34050.7969,3028343
2024-09-05,34150.5068,35047.8923,34150.5068,34349.9258,1313025
2024-09-06,34349.9232,34599.1970,33751.6662,33901.2305,1105965
2024-09-09,32953.9902,34000.9400,32804.4260,33901.2305,962302
2024-09-10,34150.5049,34399.7787,33701.8122,33951.0859,1017498
2024-09-11,34000.9425,34998.0376,34000.9425,34349.9258,975995
2024-09-12,34698.9063,35297.1633,34300.0683,35247.3086,2063865
2024-09-13,35297.1669,35696.0050,35147.6026,35496.5859,712365
2024-09-19,36294.2616,36344.1164,34798.6190,35197.4570,973775
2024-09-20,35546.4385,36194.5503,34798.6172,34798.6172,1194728
2024-09-23,34898.3275,35496.5845,34698.9085,35396.8750,788030
2024-09-24,35396.8758,35995.1328,35097.7472,35995.1328,864475
2024-09-25,36344.1125,36593.3862,35696.0007,35745.8555,957615
2024-09-26,35845.5662,36643.2422,35795.7114,36643.2422,956351
2024-09-27,36643.2447,36792.8089,36144.6971,36543.5352,764657
2024-09-30,36942.3739,37440.9214,36044.9883,36044.9883,1575319
2024-10-02,35596.2934,36443.8242,35396.8743,35895.4219,1085080
2024-10-04,35895.4202,36942.3700,35845.5655,36593.3867,1058670
2024-10-07,36593.3874,36992.2254,36044.9852,36643.2422,1092340
2024-10-08,36443.8267,36992.2290,36244.4077,36892.5195,1017162
2024-10-10,36992.2262,37440.9190,36792.8072,37241.5000,1900499
2024-10-11,37241.5007,37391.0650,36792.8079,37291.3555,866028
2024-10-14,37291.3555,37391.0650,36144.6961,37291.3555,1085483
2024-10-15,36443.8281,37540.6328,36443.8281,37540.6328,1486111
2024-10-16,37141.7902,37690.1924,36992.2259,37490.7734,1084146
2024-10-17,37440.9190,37690.1928,37191.6452,37241.5000,774171
2024-10-18,37291.3594,38587.5831,37291.3594,38388.1641,1975410
2024-10-21,38637.4351,39684.3849,38487.8708,39285.5469,1774111
2024-10-22,39185.8353,39235.6901,37191.6452,37241.5000,1787402
2024-10-23,37640.3391,37889.6129,36942.3726,37590.4844,811188
2024-10-24,37391.0657,37540.6300,36942.3729,37341.2109,637040
2024-10-25,37341.2090,37590.4828,35995.1307,36393.9688,852346
2024-10-28,36344.1159,37341.2109,36144.6968,37341.2109,686130
2024-10-29,37141.7905,37690.1928,36942.3715,37241.5000,450611
2024-10-30,37241.5000,37939.4665,37042.0810,37241.5000,847115
2024-10-31,37042.0831,37590.4854,36344.1165,36842.6641,1258900
2024-11-01,36443.8263,36693.1001,36044.9883,36044.9883,689940
2024-11-04,36144.6954,37341.2095,36144.6954,37241.5000,873319
2024-11-05,36842.6638,37839.7589,36693.0995,37640.3398,740056
2024-11-06,37640.3383,37640.3383,36144.6957,36443.8242,981949
2024-11-07,36443.8242,36792.8075,35995.1314,36443.8242,745736
2024-11-08,36842.6594,37141.7879,34698.9052,34898.3242,2225394
2024-11-11,34948.1798,34998.0346,33602.1016,33602.1016,1507751
2024-11-12,33302.9744,34200.3600,33103.5554,33153.4102,1444893
2024-11-13,32904.1385,33402.6861,32754.5743,33302.9766,1190150
2024-11-14,33302.9758,34250.2161,32455.4450,32704.7188,1837035
2024-11-15,33003.8457,34449.6335,32854.2814,33951.0859,1328815
2024-11-18,33701.8154,35097.7486,33701.8154,34998.0391,1298626
2024-11-19,34698.9075,36144.6953,34698.9075,36144.6953,1485633
2024-11-20,35845.5678,35895.4225,35147.6012,35396.8750,1012884
2024-11-21,34748.7660,35745.8611,34748.7660,35047.8945,1106598
2024-11-22,35097.7465,36344.1154,35047.8918,35945.2773,1095476
2024-11-25,36294.2621,36344.1168,35745.8597,36044.9883,1189187
2024-11-26,35745.8601,36992.2290,35745.8601,36892.5195,1228125
2024-11-27,36992.2250,38288.4485,36892.5155,38238.5938,2268347
2024-11-28,38388.1598,38587.5788,37640.3385,38089.0312,1210453
2024-11-29,38039.1764,40781.1878,37889.6121,39983.5117,5364138
2024-12-02,40432.2064,42376.5419,40033.3684,42027.5586,5583827
2024-12-03,42326.6868,42875.0891,41927.8488,42825.2344,3152958
2024-12-04,42077.4107,46963.1764,41479.1537,46464.6289,13795722
2024-12-05,45567.2467,46015.9395,43473.3470,43971.8945,5207632
2024-12-06,44271.0210,45517.3898,42725.5236,44370.7305,6696783
2024-12-09,42924.9424,44968.9873,41927.8473,42177.1211,4184554
2024-12-10,42875.0864,43872.1814,42825.2317,43722.6172,2629946
2024-12-11,44121.4581,45168.4080,43772.4748,44470.4414,2218036
2024-12-12,44869.2783,45118.5521,42376.5406,43573.0547,3811891
2024-12-13,43573.0549,46315.0664,43273.9264,45766.6641,4615083
2024-12-16,46863.4681,46913.3228,43423.4901,43822.3281,4206177
2024-12-17,43523.1995,44121.4565,42575.9592,42725.5234,2019873
2024-12-18,42875.0878,43622.9091,42675.6687,43273.9258,1516552
2024-12-19,41927.8472,42575.9590,40731.3331,41080.3164,2407758
2024-12-20,40681.4805,41379.4470,40232.7877,40681.4805,1973168
2024-12-23,40880.8954,40880.8954,39086.1244,39584.6719,2132239
2024-12-24,39634.5316,40033.3696,39385.2578,39385.2578,1110417
2024-12-26,39534.8202,39734.2392,38288.4514,38438.0156,1921654
2024-12-27,38438.0121,39285.5429,38238.5931,38737.1406,1236769
2024-12-30,38687.2883,39036.2716,37989.3217,38089.0312,1110508
2025-01-02,38388.1608,38487.8703,36892.5181,37341.2109,1391090
2025-01-03,37341.2078,39135.9788,37341.2078,37939.4648,1971546
2025-01-06,37690.1950,39135.9829,37690.1950,39036.2734,1459048
2025-01-07,39285.5479,39784.0955,38438.0171,38537.7266,1438838
2025-01-08,38188.7410,38886.7076,37091.9365,37291.3555,2887696
2025-01-09,37341.2073,37740.0453,37091.9336,37091.9336,2219066
2025-01-10,37091.9360,37291.3550,36294.2600,36443.8242,2240282
2025-01-13,36094.8402,36792.8068,36094.8402,36393.9688,1170255
2025-01-14,36543.5341,36842.6626,36244.4056,36742.9531,1087274
2025-01-15,36842.6648,38039.1789,36393.9720,36892.5195,2186274
2025-01-16,37291.3561,37740.0489,36593.3896,36792.8086,1271977
2025-01-17,36842.6640,36842.6640,36294.2617,36294.2617,1135029
2025-01-20,36294.2624,36593.3910,35696.0054,36344.1172,1356111
2025-01-21,36344.1172,36892.5195,36044.9887,36344.1172,1166887
2025-01-22,36693.0983,36942.3721,36044.9865,36194.5508,1154547
2025-01-23,36344.1150,36393.9697,35646.1484,35646.1484,1220022
2025-01-24,35795.7127,36244.4055,35596.2937,35646.1484,1076274
2025-01-31,35995.1300,38886.7055,35995.1300,38238.5938,6846406
2025-02-03,38238.5962,42326.6860,37640.3392,41678.5742,14720792
2025-02-04,42476.2491,43024.6514,40083.2210,40781.1875,12331280
2025-02-05,41180.0234,43423.4872,40880.8949,43074.5039,10732661
2025-02-06,43872.1827,45367.8253,43373.6351,45168.4062,9121099
2025-02-07,45068.6970,45118.5518,43423.4902,44370.7305,5102434
2025-02-10,44370.7332,45866.3759,42177.1239,42376.5430,6162748
2025-02-11,43074.5067,43323.7805,42127.2664,42725.5234,3387582
2025-02-12,42625.8175,42625.8175,41279.7390,41877.9961,2941517
2025-02-13,42226.9730,42974.7942,39584.6713,40083.2188,8123275
2025-02-14,40432.2047,40482.0595,38288.4503,38637.4336,6091721
2025-02-17,38986.4173,39235.6910,38687.2887,38936.5625,3131805
2025-02-18,38836.8555,39235.6935,38487.8722,38836.8555,2601628
2025-02-19,39036.2717,39534.8192,38737.1432,39185.8359,2977884
2025-02-20,39484.9631,40631.6224,39435.1083,39634.5273,4599415
2025-02-21,39883.8033,40133.0770,39484.9652,39784.0938,2460853
2025-02-24,39534.8189,39883.8021,39086.1261,39435.1094,1834667
2025-02-25,39086.1251,39684.3821,38986.4156,39634.5273,1505555
2025-02-26,40033.3677,42276.8317,39933.6582,41977.7031,7598359
2025-02-27,42775.3777,44320.8750,42675.6682,44320.8750,10185706
2025-02-28,43573.0546,44570.1497,42526.1048,43024.6523,6591090
2025-03-04,42875.0858,43323.7785,41229.8790,41778.2812,3387888
2025-03-05,42426.3946,43373.6349,42326.6851,42974.7969,2525062
2025-03-06,43373.6361,45268.1168,42426.3958,44968.9883,6180767
2025-03-07,44387.8017,44762.2770,43389.2010,43688.7812,3099161
2025-03-10,43439.1313,45885.7031,43089.6210,45336.4727,4010592
2025-03-11,43838.5728,44637.4534,43489.0626,44038.2930,2486551
2025-03-12,44188.0831,44587.5234,43389.2025,44038.2930,1976354
2025-03-13,44088.2218,44687.3822,42290.7405,43089.6211,3269454
2025-03-14,43039.6929,43988.3636,43039.6929,43389.2031,1733603
2025-03-17,43439.1328,43788.6431,42240.8119,43439.1328,1693348
2025-03-18,43638.8534,44986.9644,43439.1332,43938.4336,2475410
2025-03-19,43938.4306,44312.9059,43039.6900,43239.4102,1642570
2025-03-20,43439.1309,43888.5012,42590.3203,42590.3203,1761461
2025-03-21,42590.3215,43538.9922,41841.3709,43538.9922,1900729
2025-03-24,43289.3422,43439.1323,41491.8608,41841.3711,1792693
2025-03-25,42041.0891,42340.6694,41691.5789,42140.9492,827099
2025-03-26,42290.7422,42989.7628,41342.0715,42839.9727,1180900
2025-03-27,42240.8096,42290.7396,41142.3488,41541.7891,1360153
2025-03-28,41541.7883,41591.7183,40443.3275,41092.4180,728635
2025-03-31,40193.6799,40643.0503,39045.2891,39045.2891,1711143
2025-04-01,39544.5874,42390.5994,39544.5874,42140.9492,2570592
2025-04-02,42240.8105,42290.7406,40643.0494,40842.7695,1549771
2025-04-03,39944.0271,42839.9691,39944.0271,42790.0391,2508882
2025-04-04,42540.3920,44687.3836,40892.7007,41791.4414,4844975
2025-04-07,40393.4009,41691.5819,39444.7302,40593.1211,2124791
2025-04-08,41392.0012,41441.9312,38945.4293,38995.3594,2588453
2025-04-09,38196.4788,39594.5198,36898.2978,38995.3594,1861781
2025-04-10,39045.2867,39944.0273,38146.5461,39944.0273,1977485
2025-04-11,38695.7795,38995.3597,38146.5491,38945.4297,1364871
2025-04-14,39095.2198,39694.3803,38895.4996,38945.4297,962491
2025-04-15,39095.2169,39294.9371,38695.7766,38795.6367,1049886
2025-04-16,38845.5666,38895.4966,37547.3857,37697.1758,1386130
2025-04-17,37747.1066,38346.2670,37747.1066,38146.5469,845939
2025-04-18,38246.4092,39095.2198,38046.6890,38945.4297,841087
2025-04-21,39195.0766,39294.9367,38695.7763,38845.5664,464726
2025-04-22,38496.0580,40093.8191,38371.2329,39145.1484,1247375
2025-04-23,39594.5174,39644.4474,39095.2170,39344.8672,687852
2025-04-24,39594.5170,39719.3421,39195.0767,39394.7969,497262
2025-04-25,37797.0384,38346.2688,37098.0178,37896.8984,16562277
2025-04-28,38446.1281,38545.9882,37896.8977,37996.7578,1779369
2025-04-29,38146.5490,38645.8494,38046.6890,38396.1992,1787062
2025-04-30,38246.4066,38695.7769,37697.1762,38196.4766,1857478
2025-05-02,38096.6179,38595.9183,37896.8977,37996.7578,1350989
2025-05-07,38296.3359,38496.0561,37747.1056,38296.3359,1891623
2025-05-08,38146.5474,38196.4775,36848.3665,36948.2266,4639380
2025-05-09,37098.0170,37147.9471,36798.4368,36898.2969,1076784
2025-05-12,37048.0868,38046.6875,36998.1567,38046.6875,1737798
2025-05-13,38096.6175,38246.4076,37347.6669,37497.4570,1270052
2025-05-14,37647.2483,38146.5486,37247.8080,37896.8984,1623377
2025-05-15,37697.1765,37797.0365,37197.8761,37597.3164,1346122
2025-05-16,37597.3182,37747.1083,37247.8079,37347.6680,912660
2025-05-19,37098.0166,37147.9466,36299.1360,36398.9961,1389926
2025-05-20,36548.7855,36798.4357,36249.2053,36498.8555,1680015
2025-05-21,36648.6471,37896.8980,36648.6471,37397.5977,1327371
2025-05-22,37197.8750,37597.3153,36898.2948,37197.8750,884129
2025-05-23,37197.8779,37597.3182,36948.2277,37347.6680,1081143
2025-05-26,37347.6685,38945.4297,37048.0882,38945.4297,2676578
2025-05-27,38645.8476,40942.6293,38496.0575,40892.6992,3448700
2025-05-28,40892.6979,42140.9488,40193.6774,41641.6484,2787745
2025-05-29,41491.8617,44188.0838,41491.8617,43938.4336,4644875
2025-05-30,43588.9207,43788.6408,42590.3200,42640.2500,3539065
2025-06-02,43139.5511,43638.8515,42340.6706,43089.6211,2075682
2025-06-04,44038.2908,44387.8011,40992.5587,41541.7891,3838475
2025-06-05,41941.2301,44837.1721,41791.4400,44238.0117,5070135
2025-06-09,45885.7041,51427.9382,45636.0539,51328.0781,12784767
2025-06-10,53225.4175,53225.4175,48931.4345,49930.0352,8896042
2025-06-11,49031.2964,51927.2386,49031.2964,51328.0781,5300436
2025-06-12,50728.9162,51727.5169,50229.6158,50429.3359,4071665
2025-06-13,53624.8591,53624.8591,50629.0569,51427.9375,5408390
2025-06-16,51228.2172,53225.4187,50728.9169,53125.5586,4949701
2025-06-17,53724.7170,53924.4371,51128.3552,51727.5156,3981660
2025-06-18,51527.7990,55322.4819,51527.7990,55122.7617,8380598
2025-06-19,57219.8221,61713.5254,56720.5217,60315.4844,14753547
2025-06-20,60015.9003,67105.9651,58517.9993,66506.8047,16754279
2025-06-23,66906.2458,68803.5871,65508.2049,67505.4062,12708128
2025-06-24,68004.7105,71499.8131,65907.6489,70301.4922,12083420
2025-06-25,69302.8906,70601.0716,67105.9690,69302.8906,6399440
2025-06-26,67405.5503,67505.4104,61014.5055,63011.7070,12516562
2025-06-27,62911.8467,63411.1471,58817.5837,60814.7852,7751588
2025-06-30,61114.3638,61913.2444,59416.7426,59916.0430,4067265
2025-07-01,59816.1822,63311.2847,59217.0218,60015.9023,4862065
2025-07-02,60914.6450,61214.2252,58018.7028,58617.8633,2974555
2025-07-03,59117.1620,61314.0835,58717.7217,59416.7422,3330017
2025-07-04,59916.0424,60315.4827,58218.4212,58318.2812,2125150
2025-07-07,57519.4006,60914.6430,57419.5405,60015.9023,3213170
2025-07-08,61314.0862,61513.8064,59816.1851,60714.9258,2354516
2025-07-09,60615.0639,60914.6441,59416.7430,60415.3438,2152533
2025-07-10,60914.6459,61713.5265,59616.4650,60714.9258,3149990
2025-07-11,61913.2444,61913.2444,59816.1829,59916.0430,2465478
2025-07-14,59416.7427,59516.6028,56420.9406,58218.4219,3469359
2025-07-15,57319.6811,57918.8415,56221.2203,57119.9609,2979693
2025-07-16,56820.3806,57519.4011,55921.6399,56021.5000,1844953
2025-07-17,57419.5430,59017.3042,56920.2426,57419.5430,3318001
2025-07-18,57619.2634,57719.1235,56021.5022,56820.3828,1334076
2025-07-21,56620.6627,57319.6832,56321.0824,56820.3828,1111739
2025-07-22,57020.1018,57020.1018,56021.5011,56420.9414,1274106
2025-07-23,56620.6603,56820.3804,54024.2984,54923.0391,1861734
2025-07-24,55422.3418,55821.7821,53425.1403,54024.3008,1968455
2025-07-25,53924.4405,55821.7820,53624.8603,55721.9219,1822409
2025-07-28,56720.5219,57119.9622,55322.4809,55821.7812,1437014
2025-07-29,56221.2208,56520.8011,55222.6201,55921.6406,1272773
2025-07-30,56221.2188,58717.7205,55921.6385,56221.2188,3314430
2025-07-31,56420.9426,58218.4240,55721.9221,57918.8438,2062382
2025-08-01,57119.9611,57419.5413,55222.6197,55422.3398,2256317
2025-08-04,54923.0402,59316.8834,54623.4600,55322.4805,8113567
2025-08-05,55721.9218,55821.7818,53225.4199,54623.4609,4343070
2025-08-06,55322.4786,57119.9598,54024.2977,56720.5195,3966137
2025-08-07,57818.9835,63511.0078,57319.6832,63511.0078,11910000
2025-08-08,62412.5456,65208.6277,61613.6650,63710.7266,7219790
2025-08-11,64110.1680,65608.0691,63411.1474,64110.1680,4002999
2025-08-12,63710.7273,64609.4679,62612.2664,63610.8672,2620057
2025-08-13,64509.6053,64709.3254,62013.1035,63411.1445,2791808
2025-08-14,62911.8457,65108.7673,62911.8457,64309.8867,3339635
2025-08-18,64709.3267,65408.3472,63910.4462,64909.0469,1926649
2025-08-19,65408.3458,66506.8066,63610.8646,65108.7656,2712501
2025-08-20,63710.7278,65608.0692,62212.8267,65208.6289,3436218
2025-08-21,65807.7867,67705.1280,62811.9845,63910.4453,4221004
2025-08-22,63311.2877,64609.4686,63011.7074,63511.0078,2234317
2025-08-25,64010.3044,64809.1850,63411.1440,64609.4648,1853582
2025-08-26,64010.3062,65707.9275,63910.4462,64909.0469,2393834
2025-08-27,65408.3457,65408.3457,63511.0043,64010.3047,1845944
2025-08-28,63710.7247,64210.0251,62712.1240,63411.1445,1229932
2025-08-29,63910.4480,64210.0282,61813.3864,62412.5469,1704037
2025-09-01,60515.2029,62013.1039,59416.7421,61114.3633,2491823
2025-09-02,61613.6652,62112.9656,58118.5626,59217.0234,3661180
2025-09-03,59516.6025,60315.4831,58518.0018,58817.5820,1641908
2025-09-04,58917.4410,59117.1611,57319.6799,58418.1406,2592577
2025-09-05,59916.0417,59916.0417,58418.1406,58418.1406,1536092
2025-09-08,58617.8637,60015.9047,58518.0036,59117.1641,1665995
2025-09-09,59616.4616,59616.4616,58917.4411,59516.6016,1361280
2025-09-10,59916.0437,60714.9242,59516.6034,59816.1836,1665136
2025-09-11,60215.6239,60515.2041,59616.4634,59816.1836,1793242
2025-09-12,60415.3440,65907.6480,60115.7638,65408.3477,6828797
2025-09-15,64909.0460,64909.0460,63610.8651,63910.4453,2370450
2025-09-16,64509.6056,64609.4656,62512.4042,62811.9844,2130735
2025-09-17,62911.8472,63211.4275,62312.6868,62412.5469,992359
2025-09-18,63111.5638,65008.9051,62811.9836,64609.4648,2541491
2025-09-22,67405.5467,67505.4068,65508.2054,66307.0859,2276896
2025-09-23,66606.6682,66606.6682,62512.4053,63211.4258,4850268
2025-09-24,64509.6063,65108.7667,62512.4049,62712.1250,2786106
2025-09-25,62212.8257,63910.4470,62112.9657,63111.5664,2815412
2025-09-26,62312.6857,62412.5458,59017.3033,59217.0234,4899137
2025-09-29,59316.8843,60615.0653,58717.7239,60215.6250,3131452
2025-09-30,61913.2432,61913.2432,59516.6016,59516.6016,2019879
2025-10-01,59716.3228,61014.5038,59716.3228,59916.0430,1644566
2025-10-02,60315.4840,60714.9242,59516.6034,59816.1836,2321148
2025-10-10,60415.3443,62013.1055,60315.4842,62013.1055,2984964
2025-10-13,60615.0649,60615.0649,59516.6041,59716.3242,2615559
2025-10-14,60215.6221,61214.2227,59316.8814,59516.6016,2138963
2025-10-15,59616.4644,60115.7648,59017.3040,59117.1641,1659217
2025-10-16,59117.1644,59816.1849,58118.5636,58518.0039,2296149
2025-10-17,58518.0042,59416.7449,57818.9837,57918.8438,2052888
2025-10-20,58018.7021,58917.4428,56820.3813,58717.7227,1646974
2025-10-21,59117.1620,62911.8447,58917.4419,62212.8242,6975312
2025-10-22,62712.1266,62811.9866,59916.0445,60814.7852,2244634
2025-10-23,60115.7622,60215.6223,58917.4414,58917.4414,2234207
2025-10-24,59616.4644,59616.4644,58917.4439,59117.1641,1101507
2025-10-27,59416.7441,61413.9456,59117.1639,60814.7852,2592815
2025-10-28,61813.3859,64210.0276,61214.2254,63610.8672,5224554
2025-10-29,63710.7230,69602.4670,63011.7025,67605.2656,11877149
2025-10-30,67904.8477,68004.7078,63111.5643,63411.1445,5185767
2025-10-31,64609.4660,66207.2271,64509.6059,65008.9062,3412818
2025-11-03,66506.8076,66806.3878,63910.4457,64409.7461,3029755
2025-11-04,64609.4683,65408.3489,63710.7277,64110.1680,1815606
2025-11-05,64709.3272,65508.2077,60415.3440,62612.2656,5643655
2025-11-06,63211.4243,63910.4448,60115.7621,60615.0625,4335582
2025-11-07,61513.8041,65308.4869,60714.9236,62712.1250,9719245
2025-11-10,63311.2850,66307.0871,62112.9641,62212.8242,7999819
2025-11-11,62412.5436,66606.6665,62412.5436,64010.3047,12337247
2025-11-12,64609.4672,64709.3273,63411.1463,63710.7266,3227242
2025-11-13,63511.0071,64110.1676,62612.2664,63610.8672,3253680
2025-11-14,62312.6867,63111.5673,60914.6456,61314.0859,3530001
2025-11-17,61613.6632,61913.2434,60415.3424,60615.0625,2541985
2025-11-18,60215.6251,60814.7855,57119.9627,57419.5430,5810827
2025-11-19,57719.1222,58717.7229,56520.8013,58118.5625,2946680
2025-11-20,59117.1609,59516.6011,58518.0004,59017.3008,2269237
2025-11-21,57519.4025,59217.0237,57020.1021,58617.8633,2528224
2025-11-24,59217.0230,59416.7432,57519.4018,58717.7227,2217014
2025-11-25,59516.6050,59616.4650,57519.4034,57918.8438,1912277
2025-11-26,58418.1427,60914.6445,58118.5625,60914.6445,3312601
2025-11-27,60814.7857,61114.3660,59616.4648,59616.4648,1632051
2025-11-28,59816.1842,59816.1842,58518.0032,58617.8633,1603848
2025-12-01,58817.5818,60215.6228,58817.5818,59416.7422,1811973
2025-12-02,59516.6023,59716.3224,58717.7217,59416.7422,1158789
2025-12-03,59716.3226,61214.2236,59716.3226,60515.2031,2256089
2025-12-04,60115.7617,60415.3419,59416.7412,60115.7617,1262524
2025-12-05,59916.0442,61413.9453,59916.0442,61413.9453,2164350
2025-12-08,61613.6659,62612.2666,61114.3655,61913.2461,2032027
2025-12-09,61713.5265,61713.5265,60714.9258,60714.9258,1385209
2025-12-10,60814.7853,60814.7853,59117.1641,59117.1641,2378957
2025-12-11,59416.7443,59616.4644,58418.1435,59117.1641,2510659
2025-12-12,59316.8839,59716.3242,58717.7235,59716.3242,1252395
2025-12-15,58917.4411,60814.7825,58418.1408,59516.6016,1648246
2025-12-16,59017.3013,59516.6017,57519.4003,57818.9805,2297669
2025-12-17,58118.5631,58218.4231,56920.2422,56920.2422,1746055
2025-12-18,55921.6408,57818.9821,55422.3404,57020.1016,1453355
2025-12-19,57918.8424,58318.2826,57419.5420,58118.5625,1440858
2025-12-22,58717.7234,59217.0237,58218.4230,58617.8633,1454365
2025-12-23,58617.8612,59416.7418,58218.4209,58917.4414,1324562
2025-12-24,59217.0238,59916.0444,58518.0033,59716.3242,1948824
2025-12-26,59716.3244,59916.0445,57918.8431,58018.7031,1880555
2025-12-29,57519.4007,61114.3633,57519.4007,61114.3633,3682579
2025-12-30,60814.7829,61413.9433,59916.0423,60015.9023,1472867
2026-01-02,60015.9040,62412.5458,59117.1633,62013.1055,2903206
2026-01-05,62412.5448,63710.7257,62013.1045,62712.1250,2289841
2026-01-06,62412.5456,64110.1669,61713.5251,63710.7266,2772246
2026-01-07,63111.5663,63511.0066,58617.8630,59217.0234,6117494
2026-01-08,59416.7423,59716.3225,57719.1211,57719.1211,3659666
2026-01-09,58218.4226,58318.2826,57519.4021,58118.5625,1851838
2026-01-12,58218.4226,58418.1427,57619.2621,58118.5625,1915854
2026-01-13,58717.7231,59217.0234,58118.5626,59217.0234,1855912
2026-01-14,59416.7432,59416.7432,58118.5622,58717.7227,1586704
2026-01-15,58418.1406,59416.7413,58218.4205,58418.1406,1963363
2026-01-16,58318.2811,58418.1412,57020.1002,57219.8203,2844292
2026-01-19,57419.5414,57419.5414,56420.9407,56520.8008,2189567
2026-01-20,57219.8202,59117.1615,57219.8202,58917.4414,2772592
2026-01-21,57818.9807,58118.5609,56820.3800,57219.8203,2013702
2026-01-22,57519.4007,58617.8615,56920.2403,58318.2812,2364798
2026-01-23,58418.1427,61214.2248,58218.4226,60914.6445,7214439
2026-01-26,62212.8238,62312.6839,60215.6224,61713.5234,4143093
2026-01-27,61314.0843,63311.2857,61114.3641,62112.9648,4016704
2026-01-28,62412.5439,62911.8443,60764.8528,61713.5234,3496009
2026-01-29,61314.0832,62712.1241,60515.2026,61713.5234,3199995
2026-01-30,62412.5468,63111.5673,61114.3658,61314.0859,3375524
2026-02-02,60415.3427,61114.3632,57918.8410,58318.2812,2860783
2026-02-03,59516.6044,59616.4644,58118.5633,59117.1641,1997907
2026-02-04,58617.8608,58717.7208,57918.8403,58418.1406,2530890
2026-02-05,58617.8629,59816.1837,57918.8424,58118.5625,2892778
2026-02-06,57419.5403,57619.2604,55422.3389,56121.3594,3889924
2026-02-09,57319.6829,58318.2836,56720.5224,57419.5430,1879959
2026-02-10,57918.8417,59017.3024,57619.2614,58218.4219,1863119
2026-02-11,58617.8619,59017.3022,58118.5615,58817.5820,1673583
2026-02-12,61813.3849,63311.2860,58717.7227,58717.7227,7889505
2026-02-13,59017.3009,59217.0210,57219.8196,57319.6797,3156946
2026-02-19,58118.5628,58218.4229,57319.6822,57519.4023,1988817
2026-02-20,57719.1204,58817.5812,57619.2603,57818.9805,1950669
2026-02-23,58518.0035,58518.0035,57719.1229,58018.7031,1657993
2026-02-24,58018.7006,58318.2808,57619.2603,57818.9805,1803888
2026-02-25,57918.8401,57918.8401,57119.9595,57319.6797,2078203
2026-02-26,58617.8639,62212.8266,58518.0038,61314.0859,9617787
2026-02-27,61214.2235,64409.7458,60415.3429,62212.8242,7242478
2026-03-03,60814.7827,61314.0830,56021.4993,56121.3594,6691339
2026-03-04,53125.5585,54224.0193,46984.1641,46984.1641,6214956
2026-03-05,51128.3555,52326.6763,50229.6148,51128.3555,3724178
2026-03-06,50429.3377,54323.8806,50429.3377,53525.0000,2823937
2026-03-09,50100.0000,50500.0000,48800.0000,50400.0000,2045023
2026-03-10,51800.0000,52500.0000,50900.0000,51800.0000,1860754
2026-03-11,52500.0000,53200.0000,50600.0000,50900.0000,1975641
2026-03-12,50900.0000,51200.0000,50100.0000,50400.0000,1596311
2026-03-13,49300.0000,50900.0000,49200.0000,50600.0000,1196401
2026-03-16,50900.0000,51300.0000,50000.0000,50200.0000,1248665
2026-03-17,51100.0000,52000.0000,50800.0000,51300.0000,1021895
2026-03-18,52000.0000,52000.0000,50900.0000,51500.0000,1814895
2026-03-19,50300.0000,50400.0000,49900.0000,50000.0000,1164390
2026-03-20,50100.0000,50600.0000,49900.0000,50000.0000,1270502
2026-03-23,48900.0000,48950.0000,46900.0000,46900.0000,2105077
2026-03-24,48300.0000,49050.0000,47000.0000,48200.0000,1301472
2026-03-25,49650.0000,50300.0000,48850.0000,49050.0000,1232140
2026-03-26,49400.0000,49850.0000,48450.0000,48650.0000,1231315
2026-03-27,47550.0000,48800.0000,46950.0000,48650.0000,1271649
2026-03-30,46850.0000,47600.0000,46450.0000,47100.0000,1053235
2026-03-31,46400.0000,46800.0000,45500.0000,45800.0000,1706215
2026-04-01,47200.0000,48500.0000,46600.0000,48150.0000,1269138
2026-04-02,48650.0000,48900.0000,45100.0000,45400.0000,1527044
2026-04-03,46300.0000,46450.0000,45050.0000,45200.0000,1076743
2026-04-06,45000.0000,45450.0000,44000.0000,44850.0000,1223887
2026-04-07,45050.0000,47250.0000,45050.0000,46400.0000,1991813
2026-04-08,48400.0000,48600.0000,47250.0000,47850.0000,1615185
2026-04-09,47900.0000,47950.0000,47000.0000,47300.0000,1128075
2026-04-10,47550.0000,47900.0000,47300.0000,47700.0000,691399
2026-04-13,46550.0000,47400.0000,46300.0000,47000.0000,829991
2026-04-14,48050.0000,48900.0000,47950.0000,48100.0000,1049751
2026-04-15,49100.0000,50300.0000,48850.0000,49600.0000,1413990
2026-04-16,50600.0000,51200.0000,50200.0000,50600.0000,1290032
2026-04-17,50700.0000,50700.0000,49700.0000,50000.0000,890443
2026-04-20,49850.0000,49850.0000,48850.0000,48850.0000,1125279
2026-04-21,49150.0000,49250.0000,48500.0000,48950.0000,1316511
2026-04-22,48750.0000,48900.0000,48100.0000,48450.0000,1143499
2026-04-23,49400.0000,49600.0000,47800.0000,48400.0000,1658254
2026-04-24,48150.0000,48200.0000,47700.0000,48050.0000,1064052
2026-04-27,48250.0000,49150.0000,48250.0000,48450.0000,1436742
2026-04-28,48500.0000,49350.0000,48350.0000,48850.0000,1274968
2026-04-29,48850.0000,49000.0000,48000.0000,48400.0000,1123582
2026-04-30,48500.0000,48550.0000,47050.0000,47300.0000,1484406
2026-05-04,47700.0000,47850.0000,46900.0000,47100.0000,1520475
2026-05-06,47100.0000,47900.0000,46200.0000,46300.0000,2392733
2026-05-07,47250.0000,47500.0000,45000.0000,45250.0000,3342858
2026-05-08,45950.0000,47400.0000,45600.0000,46000.0000,3381737
2026-05-11,46350.0000,46400.0000,44600.0000,44700.0000,2628330
2026-05-12,45000.0000,45100.0000,42650.0000,43550.0000,2900712
2026-05-13,43950.0000,44500.0000,42300.0000,42950.0000,2337765
2026-05-14,43000.0000,45950.0000,43000.0000,45950.0000,3640858
2026-05-15,46400.0000,46400.0000,43300.0000,44000.0000,2235112
2026-05-18,43750.0000,43750.0000,41600.0000,42450.0000,1876958
2026-05-19,42350.0000,43350.0000,40950.0000,41600.0000,1545131
2026-05-20,41850.0000,42400.0000,39800.0000,40150.0000,2019858
2026-05-21,40550.0000,42100.0000,40500.0000,41800.0000,1732522
2026-05-22,42000.0000,42600.0000,41450.0000,41850.0000,1413790
2026-05-26,42300.0000,42350.0000,40950.0000,41450.0000,1507976
2026-05-27,41000.0000,41350.0000,40150.0000,40500.0000,1652378
2026-05-28,40300.0000,41300.0000,38500.0000,40100.0000,2571868
2026-05-29,40450.0000,44000.0000,40450.0000,41950.0000,7448112
2026-06-01,43000.0000,48500.0000,41300.0000,42700.0000,11795777
2026-06-02,43300.0000,43300.0000,41100.0000,42550.0000,3434966
2026-06-04,41850.0000,42750.0000,41350.0000,42000.0000,2029148
2026-06-05,41250.0000,41500.0000,39800.0000,40250.0000,1968515
2026-06-08,37850.0000,39800.0000,37750.0000,38600.0000,2625755
2026-06-09,38850.0000,40100.0000,38700.0000,39500.0000,2013579
2026-06-10,38700.0000,39100.0000,37400.0000,38150.0000,202
2026-06-11,37150.0000,39700.0000,36500.0000,39300.0000,2013343
2026-06-12,41350.0000,43000.0000,40300.0000,41500.0000,4079208
2026-06-15,41600.0000,41700.0000,40550.0000,40750.0000,1908601
2026-06-16,41100.0000,41400.0000,40450.0000,40450.0000,1427296
2026-06-17,40500.0000,41250.0000,39600.0000,40550.0000,1138416
2026-06-18,40200.0000,40200.0000,39250.0000,39300.0000,1196377
2026-06-19,39300.0000,39700.0000,37500.0000,37750.0000,2414692
2026-06-22,38250.0000,38500.0000,36800.0000,36800.0000,1352403
2026-06-23,36550.0000,37100.0000,34250.0000,34250.0000,1929040
2026-06-24,34100.0000,34600.0000,33500.0000,34000.0000,1655613
2026-06-25,34450.0000,35800.0000,34200.0000,34250.0000,1678291
2026-06-26,34550.0000,34600.0000,32250.0000,33150.0000,1776988
2026-06-29,33050.0000,36300.0000,32600.0000,35850.0000,1802862
2026-06-30,35800.0000,35900.0000,34550.0000,34550.0000,1238767
2026-07-01,35350.0000,36100.0000,34400.0000,34800.0000,1541412
2026-07-02,34800.0000,36350.0000,33800.0000,35250.0000,2227923
2026-07-03,35950.0000,36250.0000,33850.0000,35500.0000,1867705
2026-07-06,35500.0000,36300.0000,34850.0000,35600.0000,1289188
2026-07-07,35600.0000,35950.0000,34400.0000,35400.0000,1704255
2026-07-08,35450.0000,35950.0000,33400.0000,34650.0000,2205415
2026-07-09,34700.0000,35100.0000,33400.0000,33650.0000,1897906
2026-07-10,34150.0000,36350.0000,34150.0000,35350.0000,2167200
2026-07-13,35400.0000,36100.0000,34450.0000,34750.0000,1677515
2026-07-14,35050.0000,35050.0000,33700.0000,33850.0000,2147915
2026-07-15,34600.0000,35950.0000,34550.0000,34900.0000,1890167
2026-07-16,34700.0000,36450.0000,34150.0000,35900.0000,2680070
2026-07-20,35600.0000,36200.0000,34350.0000,35050.0000,1867585
2026-07-21,34900.0000,35900.0000,34250.0000,35300.0000,1324450
2026-07-22,35750.0000,36650.0000,35400.0000,35500.0000,1749428
2026-07-23,36100.0000,37175.0000,35550.0000,37150.0000,2251715
2026-07-24,36450.0000,36800.0000,35500.0000,36200.0000,1679130
2026-07-27,36950.0000,37500.0000,35850.0000,37050.0000,1800149
2026-07-28,36400.0000,37100.0000,35250.0000,35650.0000,2003037
2026-07-29,36200.0000,37900.0000,34650.0000,35300.0000,4912823
2026-07-30,35000.0000,37050.0000,34750.0000,36150.0000,2599309
2026-07-31,37050.0000,37600.0000,35750.0000,37400.0000,3029760
2026-08-03,36650.0000,37500.0000,35900.0000,37200.0000,1702786
2026-08-04,37600.0000,38000.0000,36700.0000,37900.0000,2281800
2026-08-05,38100.0000,39350.0000,38000.0000,38150.0000,2573345
2026-08-06,38350.0000,38400.0000,36750.0000,38300.0000,2375197
2026-08-07,38300.0000,40600.0000,37800.0000,39900.0000,3984335
2026-08-10,39850.0000,39850.0000,38500.0000,39550.0000,1963362
2026-08-11,39450.0000,41000.0000,39200.0000,40700.0000,2642980
2026-08-12,40700.0000,41450.0000,39500.0000,39550.0000,2365015
2026-08-13,39800.0000,40250.0000,39150.0000,39900.0000,1374680
