date,open,high,low,close,volume
2019-01-02,22899.1296,22933.3329,22390.3550,22463.0371,4436064
2019-01-03,22458.7630,22484.4155,22219.3397,22244.9922,3470214
2019-01-04,22236.4461,22445.9416,22176.5903,22416.0137,4733260
2019-01-07,22698.1834,22903.4033,22685.3571,22736.6621,2947481
2019-01-09,22681.0779,23125.7211,22681.0779,23053.0391,3482073
2019-01-10,23074.4260,23181.3114,22984.6422,23044.4980,2718357
2019-01-11,23142.8279,23253.9887,23065.8704,23185.5820,3985366
2019-01-14,23138.5556,23164.2081,22963.2635,22984.6406,1940834
2019-01-15,23070.1462,23459.2091,23057.3199,23446.3828,3317853
2019-01-16,23437.8333,23548.9941,23369.4266,23548.9941,3302017
2019-01-17,23600.2969,23702.9069,23514.7886,23600.2969,3722421
2019-01-18,23732.8337,23801.2404,23677.2533,23779.8633,3172305
2019-01-21,23938.0575,23942.3329,23655.8800,23792.6934,3515767
2019-01-22,23814.0731,23852.5519,23587.4760,23672.9844,3987636
2019-01-23,23583.1959,23861.0980,23570.3697,23809.7930,3217514
2019-01-24,23796.9656,24006.4609,23767.0376,24006.4609,3800098
2019-01-25,24079.1443,24459.6564,24049.2164,24442.5547,6060433
2019-01-28,24489.5843,24596.4697,24348.4956,24429.7285,5070421
2019-01-29,24391.2510,24545.1660,24275.8148,24545.1660,4452212
2019-01-30,24532.3418,24844.4473,24506.6893,24844.4473,7314232
2019-01-31,25079.5934,25088.1442,24814.5176,24818.7930,5880436
2019-02-01,24904.2975,25024.0092,24758.9334,24793.1367,6311960
2019-02-07,24934.2254,24964.1534,24724.7301,24793.1367,4161669
2019-02-08,24660.6009,24673.4272,24395.5251,24442.5547,5460700
2019-02-11,24446.8318,24485.3105,24327.1201,24485.3105,6091902
2019-02-12,24489.5891,24677.7074,24446.8349,24617.8516,8475630
2019-02-13,24729.0097,24771.7639,24660.6030,24741.8359,2471927
2019-02-14,24664.8770,24981.2578,24549.4408,24981.2578,3807831
2019-02-15,24874.3744,24874.3744,24549.4427,24652.0527,3222287
2019-02-18,24776.0368,24917.1255,24724.7318,24831.6172,4332836
2019-02-19,24784.5922,24840.1726,24575.0968,24716.1855,3356371
2019-02-20,24882.9212,25096.6920,24823.0653,25002.6328,5829073
2019-02-21,24917.1245,25100.9674,24814.5145,25002.6328,3343135
2019-02-22,24955.6051,25015.4609,24874.3722,25015.4609,1627660
2019-02-25,25156.5513,25195.0301,24972.7084,25066.7676,3563999
2019-02-26,25053.9399,25083.8679,24921.4020,24972.7070,2292864
2019-02-27,25058.2188,25113.7992,25002.6384,25053.9434,2632946
2019-02-28,25015.4613,25053.9401,24630.6738,24630.6738,4207458
2019-03-04,24801.6912,24895.7504,24506.6875,24510.9629,3608799
2019-03-05,24434.0064,24459.6589,24262.9898,24339.9473,3056659
2019-03-06,24322.8421,24322.8421,24215.9567,24271.5371,4014878
2019-03-07,24254.4398,24386.9777,24109.0756,24198.8594,6051864
2019-03-08,24087.6986,24126.1774,23869.6523,23869.6523,5327232
2019-03-11,23899.5802,23967.9868,23801.2456,23886.7539,5519759
2019-03-12,24053.4956,24181.7581,24053.4956,24130.4531,3950534
2019-03-13,24057.7721,24062.0475,23788.4208,23955.1621,4683833
2019-03-14,24032.1153,24109.0728,23878.2003,24019.2891,3729342
2019-03-15,23993.6368,24382.6997,23989.3614,24297.1914,4143656
2019-03-18,24348.5021,24391.2563,24258.7184,24318.5742,4332942
2019-03-19,24344.2210,24365.5981,24211.6831,24292.9160,2612525
2019-03-20,24228.7846,24327.1192,24015.0138,24322.8438,3821265
2019-03-21,24369.8762,24699.0833,24369.8762,24489.5879,5280026
2019-03-22,24613.5727,24681.9793,24498.1364,24545.1660,3061279
2019-03-25,24224.5068,24262.9855,24070.5918,24070.5918,2898902
2019-03-26,24121.9026,24168.9321,24057.7713,24087.6992,3430954
2019-03-27,24036.3923,24164.6548,23882.4773,24083.4219,4415741
2019-03-28,23942.3320,24044.9420,23843.9974,23950.8828,3250308
2019-03-29,23967.9856,24104.7989,23908.1297,24091.9727,4734115
2019-04-01,24211.6805,24442.5529,24211.6805,24412.6250,2160709
2019-04-02,24463.9275,24570.8129,24455.3767,24506.6816,2229905
2019-04-03,24532.3379,24865.8203,24476.7574,24865.8203,2591755
2019-04-04,24861.5447,25049.6631,24823.0660,24891.4727,4693934
2019-04-05,24895.7517,25015.4634,24878.6500,24938.5059,3042912
2019-04-08,25028.2939,25045.3956,24810.2476,24878.6543,4483423
2019-04-09,24908.5722,25053.9363,24827.3393,24921.3984,4423511
2019-04-10,24831.6140,25053.9356,24818.7877,25049.6602,4116696
2019-04-11,25079.5923,25109.5202,24904.3002,24994.0840,4104946
2019-04-12,24972.7104,25105.2484,24861.5496,25053.9434,3374150
2019-04-15,25130.8983,25284.8133,25130.8983,25156.5508,4358021
2019-04-16,25118.0773,25271.9923,25118.0773,25254.8906,2023233
2019-04-17,25267.7131,25310.4672,25207.8572,25237.7852,3678037
2019-04-18,25259.1588,25289.0867,24801.6892,24835.8926,3603858
2019-04-19,24929.9537,24985.5341,24835.8945,24840.1699,2224390
2019-04-22,24848.7227,24994.0869,24737.5618,24844.4473,2645763
2019-04-23,24840.1696,24938.5042,24797.4155,24887.1992,3606409
2019-04-24,24985.5374,25006.9145,24506.6907,24617.8516,4316616
2019-04-25,24587.9219,24699.0828,24519.5153,24579.3711,2040089
2019-04-26,24463.9318,24532.3385,24314.2923,24434.0039,2996424
2019-04-29,24529.6222,24925.1211,24481.8147,24925.1211,2164206
2019-04-30,24925.1193,24925.1193,24564.3896,24768.6582,3234671
2019-05-02,24677.3861,24946.8468,24607.8479,24877.3086,1208012
2019-05-03,24859.9347,24859.9347,24612.2046,24655.6660,1735201
2019-05-07,24438.3533,24481.8147,24225.3923,24460.0840,2900579
2019-05-08,24142.8134,24490.5047,24134.1211,24347.0820,2167560
2019-05-09,24242.7762,24281.8915,23603.8934,23634.3164,5553676
2019-05-10,23747.3097,23855.9632,23451.7722,23677.7715,5120428
2019-05-13,23495.2381,23603.8917,23356.1616,23399.6230,3513295
2019-05-14,23143.2012,23521.3155,23121.4705,23356.1621,6234543
2019-05-15,23434.3915,23547.3911,23251.8536,23464.8145,3911797
2019-05-16,23430.0513,23464.8205,23082.3600,23134.5137,7121653
2019-05-17,23243.1630,23308.3551,22947.6254,22982.3945,3981900
2019-05-20,23060.6209,23269.2356,22995.4288,23043.2363,2935237
2019-05-21,23043.2445,23347.4744,23017.1676,23156.2441,4344525
2019-05-22,23217.0888,23269.2425,22947.6280,23208.3965,4078279
2019-05-23,23208.3917,23225.7763,23004.1231,23177.9688,3304788
2019-05-24,23086.6973,23160.5817,22891.1210,23008.4668,3667436
2019-05-27,22982.3941,23125.8167,22899.8174,23025.8555,2551605
2019-05-28,23017.1636,23138.8555,22917.2023,23060.6250,2672494
2019-05-29,22986.7468,22995.4391,22643.4016,22747.7090,4378978
2019-05-30,22799.8592,22973.7049,22778.1285,22956.3203,3212928
2019-05-31,22912.8570,23056.2796,22765.0882,22917.2031,5798455
2019-06-03,22878.0830,23321.3893,22812.8909,23295.3125,2769099
2019-06-04,23277.9343,23334.4341,23195.3576,23251.8574,3631111
2019-06-05,23469.1579,23521.3116,23247.5048,23277.9277,3543181
2019-06-07,23277.9327,23464.8168,23134.5101,23286.6250,3028214
2019-06-10,23408.3121,23677.7728,23351.8123,23625.6191,2871894
2019-06-11,23582.1656,23795.1266,23560.4349,23760.3574,1700625
2019-06-12,23756.0020,23842.9248,23656.0408,23677.7715,2278066
2019-06-13,23590.8527,23699.5063,23321.3920,23482.1992,3670032
2019-06-14,23482.2016,23608.2397,23356.1635,23477.8555,4061312
2019-06-17,23456.1254,23608.2404,23403.9717,23490.8945,1860460
2019-06-18,23473.5099,23643.0094,23456.1253,23608.2402,2449029
2019-06-19,23873.3544,23960.2772,23829.8929,23903.7773,2174759
2019-06-20,23912.4691,23999.3919,23864.6616,23986.3535,1979648
2019-06-21,23999.3985,24016.7831,23873.3604,23921.1680,3139462
2019-06-24,23942.8928,24060.2386,23929.8544,23960.2773,2500167
2019-06-25,23938.5462,24081.9689,23829.8927,23925.5078,4001177
2019-06-26,23895.0861,24012.4319,23877.7015,23951.5859,2783551
2019-06-27,24021.1183,24286.2329,23973.3108,24242.7715,3439937
2019-06-28,24242.7796,24281.8949,24125.4337,24181.9336,3020101
2019-07-01,24364.4672,24425.3132,24151.5063,24186.2754,3670674
2019-07-02,24081.9660,24190.6195,23947.2356,24051.5430,3291432
2019-07-03,24034.1622,24112.3927,23708.2016,23742.9707,3097923
2019-07-04,23769.0489,23947.2407,23716.8952,23942.8945,2841982
2019-07-05,23947.2364,23995.0439,23760.3523,23908.1211,2125406
2019-07-08,23734.2730,23734.2730,23403.9664,23408.3125,3605201
2019-07-09,23477.8517,23560.4283,23360.5059,23360.5059,2838948
2019-07-10,23447.4297,23564.7755,23443.0835,23447.4297,2416813
2019-07-11,23586.5144,23808.1676,23560.4375,23734.2832,2866043
2019-07-12,23699.5069,23821.1988,23656.0455,23786.4297,1782395
2019-07-15,23708.2005,23829.8924,23629.9699,23773.3926,1294606
2019-07-16,23803.8148,23934.1991,23738.6227,23877.6992,2343196
2019-07-17,23738.6207,23764.6976,23582.1597,23664.7363,1886064
2019-07-18,23625.6185,23695.1567,23525.6573,23612.5801,2289131
2019-07-19,23742.9720,23999.3944,23742.9720,23942.8945,2531561
2019-07-22,23877.6974,24008.0817,23847.2745,23934.1973,1794369
2019-07-23,23990.6970,24125.4274,23951.5817,24051.5430,2105177
2019-07-24,23995.0449,24112.3907,23795.1224,23821.1992,1924406
2019-07-25,23886.3918,23934.1994,23656.0463,23777.7383,2938107
2019-07-26,23669.0880,23760.3570,23612.5882,23725.5879,2076755
2019-07-29,23686.4655,23708.1962,23321.3897,23408.3125,3331828
2019-07-30,23482.3664,23538.9924,23421.3845,23469.2988,2580864
2019-07-31,23390.8866,23499.7827,23151.3151,23234.0762,2745596
2019-08-01,23090.3414,23342.9805,23077.2738,23207.9492,2146728
2019-08-02,22959.6652,23016.2912,22833.3457,22946.5977,5140427
2019-08-05,22833.3437,23085.9828,22415.1825,22450.0293,8266518
2019-08-06,21940.3971,22428.2518,21888.1269,22136.4102,8825204
2019-08-07,22136.4101,22232.2388,21918.6178,22001.3789,3333444
2019-08-08,22184.3240,22284.5084,22018.8018,22097.2070,3710833
2019-08-09,22232.2309,22341.1270,22201.7400,22249.6543,3033584
2019-08-12,22267.0825,22362.9111,22197.3889,22284.5059,2153510
2019-08-13,22188.6773,22197.3890,22044.9344,22058.0020,3511773
2019-08-14,22275.7983,22397.7620,22197.3930,22214.8164,6126555
2019-08-16,22084.1396,22140.7656,21931.6850,22140.7656,3038038
2019-08-19,22280.1562,22319.3589,22184.3276,22280.1562,2914213
2019-08-20,22267.0855,22541.5038,22236.5945,22497.9453,3492615
2019-08-21,22454.3831,22624.2611,22441.3156,22541.5000,4711183
2019-08-22,22563.2810,22563.2810,22341.1329,22362.9121,3391452
2019-08-23,22267.0854,22393.4049,22240.9503,22341.1348,2994065
2019-08-26,21949.1037,22066.7115,21892.4777,22014.4414,2618334
2019-08-27,22123.3452,22223.5297,22036.2283,22084.1426,2425269
2019-08-28,22162.5449,22314.9996,22118.9865,22297.5762,1845817
2019-08-29,22306.2847,22319.3523,22123.3392,22175.6094,3050467
2019-08-30,22319.3519,22632.9728,22319.3519,22541.5000,3176629
2019-09-02,22511.0115,22637.3311,22484.8765,22580.7051,1785651
2019-09-03,22519.7249,22641.6886,22450.0314,22493.5898,3691214
2019-09-04,22476.1667,22828.9902,22454.3875,22828.9902,2639496
2019-09-05,22868.1931,23190.5257,22855.1255,23029.3594,3360391
2019-09-06,23186.1627,23194.8744,23077.2666,23133.8926,3421205
2019-09-09,23186.1699,23421.3856,23177.4582,23321.2012,2623180
2019-09-10,23347.3354,23443.1640,23303.7769,23421.3848,2472060
2019-09-11,23495.4288,23634.8159,23486.7172,23595.6133,3424701
2019-09-16,23691.4492,23695.8050,23499.7919,23669.6699,2772633
2019-09-17,23669.6648,23721.9350,23591.2596,23660.9531,4243469
2019-09-18,23704.5120,23843.8991,23626.1068,23791.6289,2891876
2019-09-19,23765.4978,24052.9837,23765.4978,23948.4434,4104276
2019-09-20,23939.7243,24113.9581,23904.8775,24079.1113,3713630
2019-09-23,24026.8522,24135.7484,24022.4963,24109.6133,3868698
2019-09-24,24109.6048,24253.3477,24026.8437,24253.3477,4924502
2019-09-25,24135.7446,24148.8122,23896.1731,23904.8848,3807415
2019-09-26,23983.2901,24087.8304,23835.1914,23948.4434,4153064
2019-09-27,23904.8814,23909.2372,23626.1072,23695.8008,2487450
2019-09-30,23639.1750,23917.9492,23595.6166,23896.1699,2494451
2019-10-01,23861.3261,24061.6950,23835.1910,23952.7988,2215522
2019-10-02,23782.9201,23782.9201,23443.1641,23443.1641,3261248
2019-10-04,23386.5327,23599.9691,23347.3301,23347.3301,2992239
2019-10-07,23460.5885,23556.4171,23325.5572,23386.5391,2255723
2019-10-08,23451.8724,23743.7140,23438.8048,23730.6465,2697678
2019-10-10,23469.2968,23656.5981,23251.5045,23560.7695,3894024
2019-10-11,23752.4300,23822.1235,23643.5338,23726.2949,3528399
2019-10-14,23992.0038,24087.8325,23952.8012,23970.2246,2612258
2019-10-15,23931.0155,24035.5557,23931.0155,24000.7090,1550976
2019-10-16,24140.1000,24253.3520,24057.3389,24135.7441,2730059
2019-10-17,24161.8802,24179.3035,24013.7814,24057.3398,1864048
2019-10-18,24113.9671,24209.7957,23800.3461,23817.7695,4060845
2019-10-21,23839.5468,23957.1547,23839.5468,23952.7988,1653346
2019-10-22,24048.6272,24305.6222,24044.2714,24270.7754,4021151
2019-10-23,24218.5024,24248.9934,24070.4037,24122.6738,2601126
2019-10-24,24218.5105,24253.3572,23983.2947,24188.0195,3021126
2019-10-25,24257.7112,24266.4229,24100.9007,24209.7969,2762210
2019-10-28,24314.3293,24423.2254,24253.3474,24301.2617,4093710
2019-10-29,24397.0909,24427.5819,24209.7896,24248.9922,5513969
2019-10-30,24275.1956,24275.1956,24048.1206,24065.5879,4852015
2019-10-31,24192.2276,24397.4685,24113.6247,24157.2930,4497259
2019-11-01,24144.1900,24340.6973,24087.4213,24340.6973,3888893
2019-11-04,24567.7737,24707.5122,24480.4372,24690.0449,5395382
2019-11-05,24716.2498,24873.4556,24685.6820,24855.9883,5564332
2019-11-06,24855.9855,25026.2917,24812.3172,24869.0859,10161690
2019-11-07,24838.5156,24899.6512,24751.1791,24838.5156,6131191
2019-11-08,24969.5214,25013.1897,24729.3459,24755.5469,5305643
2019-11-11,24742.4462,24751.1798,24519.7380,24563.4062,6818165
2019-11-12,24628.9110,24790.4837,24550.3081,24781.7500,6359356
2019-11-13,24698.7813,24698.7813,24519.7414,24580.8770,4864168
2019-11-14,24628.9087,24777.3809,24576.5068,24777.3809,2495380
2019-11-15,24838.5198,25152.9314,24773.0174,25126.7305,5760390
2019-11-18,25104.8961,25135.4639,25017.5596,25100.5293,5057125
2019-11-19,24973.8940,25021.9291,24812.3213,24991.3613,4429797
2019-11-20,24864.7202,24934.5894,24659.4792,24668.2129,5636452
2019-11-21,24642.0114,24668.2124,24240.2632,24305.7656,3820061
2019-11-22,24336.3334,24467.3382,24327.5997,24423.6699,5160995
2019-11-25,24572.1390,24777.3799,24567.7722,24694.4102,5374312
2019-11-26,24746.8144,24904.0202,24698.7793,24698.7793,5389081
2019-11-27,24773.0175,24860.3541,24602.7112,24724.9824,4811190
2019-11-28,24615.8086,24720.6125,24554.6730,24615.8086,2283605
2019-11-29,24668.2088,24703.1434,24174.7573,24192.2246,5197991
2019-12-02,24345.0642,24436.7676,24248.9940,24270.8281,6322101
2019-12-03,24061.2240,24192.2288,23947.6864,24148.5605,4002906
2019-12-04,23986.9883,24035.0234,23864.7171,23986.9883,4910700
2019-12-05,24113.6236,24187.8596,23829.7798,23930.2168,5578222
2019-12-06,24026.2943,24240.2690,24026.2943,24209.7012,7610072
2019-12-09,24331.9696,24388.7384,24235.8994,24318.8691,7642071
2019-12-10,24244.6314,24458.6060,24218.4304,24441.1387,5955793
2019-12-11,24432.4051,24580.8773,24366.9027,24537.2090,5802595
2019-12-12,24681.3100,24982.6211,24642.0085,24982.6211,7154565
2019-12-13,25297.0393,25393.1095,25253.3710,25371.2754,7460134
2019-12-16,25371.2688,25454.2385,25345.0678,25362.5352,5343162
2019-12-17,25462.9794,25759.9238,25423.6780,25711.8887,10572970
2019-12-18,25746.8171,25873.4551,25646.3800,25707.5156,6714137
2019-12-19,25799.2231,25873.4592,25615.8163,25733.7207,6879979
2019-12-20,25825.4210,25855.9887,25703.1498,25790.4863,7391862
2019-12-23,25895.2859,25899.6527,25716.2460,25786.1152,7256939
2019-12-24,25803.5904,25821.0577,25598.3495,25620.1836,5534357
2019-12-26,25615.8156,25724.9863,25532.8459,25724.9863,4166555
2019-12-27,25834.1547,26323.2395,25794.8533,26100.5312,5550797
2019-12-30,26174.7696,26183.5032,26008.8301,26008.8301,4046520
2020-01-02,26030.6650,26096.1675,25685.6856,25733.7207,4789254
2020-01-03,25960.7895,26104.8948,25593.9760,25729.3477,7936853
2020-01-06,25550.3052,25624.5413,25480.4360,25532.8379,5762210
2020-01-07,25703.1498,25890.9234,25642.0142,25790.4863,5533809
2020-01-08,25593.9849,25764.2913,25458.6132,25624.5527,6390929
2020-01-09,25978.2581,26052.4941,25882.1879,26052.4941,4573148
2020-01-10,26052.4981,26288.3068,26048.1312,26266.4727,3365491
2020-01-13,26266.4696,26554.6802,26249.0023,26537.2129,5358828
2020-01-14,26676.9520,26847.2583,26642.0174,26663.8516,5973830
2020-01-15,26602.7167,26637.6513,26462.9782,26506.6465,4884428
2020-01-16,26506.6473,26786.1243,26476.0795,26777.3906,6501932
2020-01-17,26912.7615,27069.9673,26781.7566,26838.5254,12015350
2020-01-20,26956.4287,27192.2374,26943.3282,27039.3984,5988445
2020-01-21,27017.5669,27069.9688,26707.5220,26738.0898,6020932
2020-01-22,26681.3170,27117.9998,26668.2165,27091.7988,3640021
2020-01-23,26917.1298,26952.0644,26716.2557,26738.0898,5614407
2020-01-28,26113.6271,26248.9987,25794.8487,25925.8535,8162182
2020-01-29,26039.3963,26148.5670,25882.1905,26013.1953,2968338
2020-01-30,25978.2029,26039.4413,25453.3023,25523.2891,8272628
2020-01-31,25693.8791,25794.4851,25252.0879,25252.0879,3341177
2020-02-03,24967.7698,25365.8194,24845.2930,25278.3359,8098255
2020-02-04,25282.7063,25785.7359,25260.8354,25711.3750,16169650
2020-02-05,25973.8259,26039.4384,25702.6273,25838.2266,8868720
2020-02-06,26118.1749,26651.8237,26078.8073,26608.0820,7722910
2020-02-07,26551.2205,26551.2205,26218.7834,26385.0020,6169272
2020-02-10,26083.1830,26271.2724,25973.8287,26245.0273,5082298
2020-02-11,26328.1339,26664.9451,26328.1339,26498.7266,7530168
2020-02-12,26468.1078,26761.1773,26393.7469,26717.4355,6612638
2020-02-13,26778.6732,26936.1434,26581.8355,26651.8223,7663996
2020-02-14,26603.7097,26918.6500,26476.8587,26813.6699,7689335
2020-02-17,26769.9221,26909.8956,26656.1937,26791.7930,4963297
2020-02-18,26594.9588,26656.1972,26328.1344,26367.5020,8312288
2020-02-19,26507.4807,26559.9707,26170.6694,26415.6230,7431960
2020-02-20,26586.2095,26664.9446,26122.5474,26280.0176,5903424
2020-02-21,25912.5843,26140.0411,25842.5976,25903.8359,9081062
2020-02-24,25466.4214,25466.4214,24910.9018,24928.3984,13008270
2020-02-25,24915.2774,25212.7210,24801.5489,25203.9727,6870850
2020-02-26,24836.5449,24989.6409,24657.2039,24836.5449,10156090
2020-02-27,24827.7965,24906.5316,24495.3595,24578.4688,12999940
2020-02-28,24219.7851,24302.8944,23738.6263,23786.7422,21569020
2020-03-02,23904.8391,24158.5410,23603.0214,24014.1934,14252990
2020-03-03,24552.2215,24609.0857,24005.4501,24123.5527,9381632
2020-03-04,23935.4654,24709.6937,23935.4654,24670.3262,6263925
2020-03-05,24819.0484,25002.7636,24604.7140,24889.0352,7628273
2020-03-06,24560.9716,24661.5775,24272.2763,24390.3789,9931963
2020-03-09,23620.5253,23725.5054,23204.9790,23362.4492,9080890
2020-03-10,23323.0753,23568.0289,23178.7277,23493.6680,11906530
2020-03-11,23454.3085,23506.7986,22697.5768,22793.8086,12151440
2020-03-12,22623.2135,22666.9552,21608.4057,22028.3262,20023290
2020-03-13,20318.0249,21910.2232,20173.6773,21459.6836,20127280
2020-03-16,21608.4023,21844.6075,20619.8397,20681.0781,23580770
2020-03-17,19924.3485,20834.1761,19766.8784,20217.4180,39520570
2020-03-18,20226.1625,20379.2585,19106.3750,19106.3750,21312230
2020-03-19,19539.4265,19675.0259,17448.5723,17706.6484,51860190
2020-03-20,18218.4207,19067.0098,17833.4936,19067.0098,24123910
2020-03-23,17697.8988,18389.0179,17662.9054,17947.2266,21981540
2020-03-24,18458.9984,19613.7793,18192.1740,19613.7793,17505230
2020-03-25,20199.9261,20786.0651,19928.7274,20737.9492,31112730
2020-03-26,20729.1949,21039.7610,20020.5792,20335.5195,14333410
2020-03-27,21197.2362,21302.2164,20129.9383,20825.4316,15419080
2020-03-30,20173.6803,20917.2895,20046.8293,20702.9551,13594960
2020-03-31,20834.1718,21118.4928,20681.0758,21070.3770,11775880
2020-04-01,20882.2896,21122.8690,20081.8164,20081.8164,16330220
2020-04-02,20186.8001,20702.9523,19906.8531,20698.5781,12982550
2020-04-03,20742.3197,20877.9190,20396.7601,20646.0879,12634670
2020-04-06,20851.6735,21503.4250,20829.8027,21468.4316,12547450
2020-04-07,21792.1197,22037.0732,21429.0635,21805.2422,11469910
2020-04-08,21691.5138,21971.4607,21485.9277,21485.9277,10002900
2020-04-09,21862.1047,21897.0981,21595.2803,21827.1113,15407600
2020-04-10,21783.3712,22041.4473,21713.3845,22010.8281,10582920
2020-04-13,21945.2146,21945.2146,21625.9001,21634.6484,18836970
2020-04-14,21818.3646,22128.9307,21744.0037,22010.8281,11593020
2020-04-16,21778.9971,22050.1957,21652.1461,22010.8281,7818456
2020-04-17,22461.3696,22863.7933,22439.4987,22680.0781,10773350
2020-04-20,22649.4583,22728.1934,22347.6405,22408.8789,7132724
2020-04-21,22299.5262,22391.3838,21792.1223,22159.5527,17159400
2020-04-22,21862.1065,22439.4971,21744.0039,22352.0137,17968040
2020-04-23,22491.9856,22701.9458,22356.3863,22570.7207,12776990
2020-04-24,22439.4982,22487.6140,22133.3062,22233.9121,5649702
2020-04-27,22312.6450,22763.1846,22277.6516,22675.7012,6073125
2020-04-28,22760.1994,22893.6120,22533.3979,22813.5645,5994490
2020-04-29,22840.2433,23120.4098,22773.5369,22964.7617,7228447
2020-05-04,22520.0524,22577.8645,22235.4387,22266.5684,8156063
2020-05-06,22680.1504,22680.1504,22346.6188,22680.1504,9817405
2020-05-07,22595.6536,22791.3255,22515.6060,22626.7832,5366589
2020-05-08,22777.9842,22986.9973,22777.9842,22822.4551,5422137
2020-05-11,22875.8253,23022.5793,22626.7883,22657.9180,4125466
2020-05-12,22684.5961,22706.8315,22302.1465,22497.8184,6335250
2020-05-13,22235.4426,22755.7520,22204.3130,22755.7520,5355888
2020-05-14,22546.7331,22608.9924,22386.6380,22515.6035,4350368
2020-05-15,22702.3853,22702.3853,22404.4304,22568.9727,5123430
2020-05-18,22684.5930,22786.8761,22488.9212,22715.7227,5149328
2020-05-19,23222.6946,23356.1072,23142.6470,23302.7422,6469729
2020-05-20,23209.3496,23422.8098,23191.5613,23356.1035,4169296
2020-05-21,23498.4125,23538.4363,23391.6824,23458.3887,4766277
2020-05-22,23458.3885,23489.5181,22960.3146,23062.5977,6828391
2020-05-25,23187.1160,23356.1053,23022.5737,23351.6582,5169598
2020-05-26,23387.2381,23774.1348,23373.8968,23774.1348,7188289
2020-05-27,23662.9581,23911.9950,23618.4872,23787.4766,6852185
2020-05-28,23960.9080,24112.1090,23578.4585,23858.6250,8587048
2020-05-29,23702.9771,23969.8024,23587.3528,23814.1543,6165792
2020-06-01,23871.9735,24285.5527,23871.9735,24285.5527,5652096
2020-06-02,24285.5472,24579.0550,24227.7351,24539.0312,5629814
2020-06-03,24752.4922,25592.9918,24752.4922,25437.3438,9224967
2020-06-04,25761.9864,26042.1530,25379.5367,25468.4785,10180220
2020-06-05,25406.2148,25922.0771,25330.6143,25895.3945,8439651
2020-06-08,26237.8169,26357.8883,25770.8727,25859.8145,8293513
2020-06-09,26051.0437,26224.4801,25601.8878,25873.1602,6794283
2020-06-10,25864.2614,26059.9332,25761.9784,25953.2031,5691207
2020-06-11,25748.6376,25957.6507,25250.5638,25526.2832,7922550
2020-06-12,24610.1819,25068.2319,24521.2401,25005.9727,11764980
2020-06-15,24725.8106,24925.9296,23747.4512,23747.4512,16303800
2020-06-16,24361.1508,25206.0977,24330.0212,25206.0977,11371940
2020-06-17,25148.2827,25317.2720,24721.3622,25134.9414,9731193
2020-06-18,25023.7653,25170.5192,24863.6701,25063.7891,5713051
2020-06-22,24925.9297,25192.7550,24890.3530,24974.8477,4964054
2020-06-23,25179.4203,25392.8806,24796.9706,25041.5605,10265760
2020-06-24,25161.6248,25597.4395,25152.7306,25450.6855,6322855
2020-06-25,25072.6868,25237.2291,24810.3086,24810.3086,12679280
2020-06-26,25050.4437,25281.6923,24908.1369,25157.1738,12521360
2020-06-29,24845.8771,25077.1257,24663.5465,24752.4883,8476172
2020-06-30,25108.2541,25286.1375,24965.9473,24965.9473,6166217
2020-07-01,25246.1202,25272.8027,24908.1415,24979.2949,4415776
2020-07-02,25050.4415,25295.0312,25032.6531,25295.0312,2907794
2020-07-06,25557.4158,25953.2067,25517.3920,25895.3945,5381896
2020-07-07,26042.1497,26117.7502,25566.3113,25584.0996,5361100
2020-07-08,25584.0946,25699.7189,25437.3407,25508.4941,4845039
2020-07-09,25637.4664,25819.7971,25601.8897,25628.5723,4880889
2020-07-10,25677.4822,25695.2705,25263.9031,25379.5273,4581647
2020-07-13,25641.9093,25886.4991,25548.5204,25864.2637,3131356
2020-07-14,25681.9334,25824.2402,25575.2033,25824.2402,3587560
2020-07-15,26104.4073,26268.9496,25948.7592,26082.1719,4931552
2020-07-16,26082.1663,26095.5076,25721.9523,25797.5527,4557155
2020-07-17,25833.1334,26033.2523,25828.6863,25993.2285,3884905
2020-07-20,26068.8265,26108.8503,25761.9775,25930.9668,3207409
2020-07-21,26166.6658,26411.2557,26139.9833,26308.9727,4859066
2020-07-22,26300.0765,26402.3595,26166.6639,26211.1348,4883828
2020-07-23,26220.0325,26220.0325,25877.6067,26055.4902,4958368
2020-07-24,25837.5811,26077.7239,25797.5574,25913.1816,2683670
2020-07-27,25868.7109,26308.9727,25855.3697,26162.2188,3795641
2020-07-28,26348.9987,26851.5197,26348.9987,26709.2129,6080440
2020-07-29,26709.2086,27020.5048,26686.9732,26847.0684,7738469
2020-07-30,26953.9942,27087.6504,26873.8005,26882.7109,3642152
2020-07-31,26994.0874,27101.0123,26624.3054,26668.8574,4577474
2020-08-03,26673.3126,26744.5959,26499.5596,26668.8574,3750003
2020-08-04,26829.2513,27092.1084,26824.7960,26989.6387,6553108
2020-08-05,27065.3785,27288.1388,26971.8192,27283.6836,4857641
2020-08-06,27372.7889,27871.7721,27372.7889,27715.8398,6407187
2020-08-07,27800.4835,27974.2365,27591.0888,27831.6699,6374329
2020-08-10,27782.6644,28299.4683,27751.4780,28246.0059,7559793
2020-08-11,28312.8354,28758.3560,28259.3730,28602.4238,7701540
2020-08-12,28499.9496,28758.3516,28277.1894,28758.3516,6388936
2020-08-13,29052.4014,29070.2223,28446.4934,28744.9922,7295260
2020-08-14,28704.8923,28740.5340,28188.0884,28442.0352,6985384
2020-08-18,28544.5002,28664.7907,27769.2945,27853.9434,5474847
2020-08-19,28049.9755,28237.0941,27916.3193,27951.9609,5118590
2020-08-20,27720.2919,27849.4929,26833.7059,26873.8027,7308573
2020-08-21,27185.6672,27604.4566,27003.0038,27279.2266,5607570
2020-08-24,27346.0518,27631.1850,27052.0083,27582.1777,5169147
2020-08-25,27782.6614,27992.0561,27657.9157,27943.0488,5533658
2020-08-26,27916.3194,28058.8860,27591.0894,27947.5059,5346871
2020-08-27,28009.8761,28054.4281,27698.0117,27698.0117,5036480
2020-08-28,27894.0424,28156.8995,27689.1030,27845.0352,5041898
2020-08-31,28049.9718,28170.2623,27395.0566,27395.0566,6344963
2020-09-01,27448.5266,27711.3838,27399.5194,27608.9141,4541993
2020-09-02,27796.0306,27880.6795,27479.7109,27751.4785,5281268
2020-09-03,28014.3334,28272.7354,27996.5126,28170.2656,5511645
2020-09-04,27452.9790,27822.7610,27435.1581,27778.2090,4785769
2020-09-07,27778.2132,27987.6079,27671.2882,27902.9590,4530517
2020-09-08,28139.0747,28259.3652,28023.2394,28259.3652,5917810
2020-09-09,27920.7776,28116.8067,27862.8599,27911.8672,5123407
2020-09-10,28179.1797,28299.4703,28094.5308,28179.1797,6850697
2020-09-11,28045.5240,28188.0906,27876.2262,28161.3594,7401274
2020-09-14,28410.8498,28584.6028,28348.4769,28540.0508,5434844
2020-09-15,28633.6057,28789.5379,28517.7703,28762.8066,8060980
2020-09-16,28740.5329,28851.9131,28629.1528,28682.6152,7833456
2020-09-17,28620.2368,28651.4233,28205.9028,28259.3652,9847284
2020-09-18,28379.6570,28437.5747,28179.1728,28352.9258,6623670
2020-09-21,28317.2911,28566.7826,28036.6131,28112.3516,6270369
2020-09-22,28063.3396,28121.2573,27337.1411,27457.4316,14939810
2020-09-23,27626.7343,27698.0176,27020.8263,27559.9062,16353760
2020-09-24,27207.9437,27305.9583,26909.4449,26922.8105,18314430
2020-09-25,27109.9277,27167.8454,26913.8986,27043.0996,8259364
2020-09-28,27305.9532,27506.4375,27199.0283,27439.6094,4154438
2020-09-29,27715.8325,27796.0262,27568.8108,27698.0117,9889919
2020-10-05,27684.6491,28103.4385,27635.6419,28000.9688,8151844
2020-10-06,28112.3510,28254.9176,27974.2396,28063.3438,5997425
2020-10-07,27889.5926,28348.4789,27849.4958,28335.1133,4835485
2020-10-08,28531.1401,28584.6026,28254.9174,28344.0215,5810172
2020-10-12,28526.6796,28562.3213,28375.2027,28459.8516,6248197
2020-10-13,28629.1527,28664.7943,28268.2810,28482.1309,7941594
2020-10-14,28513.3136,28531.1344,28147.9868,28201.4492,6823431
2020-10-15,28152.4480,28179.1792,27867.3148,27992.0605,5250154
2020-10-16,28058.8836,28121.2564,27640.0943,27827.2129,6415664
2020-10-19,27916.3211,28112.3501,27871.7690,27889.5898,6577611
2020-10-20,27769.2937,28085.6133,27666.8240,28085.6133,7297337
2020-10-21,28134.6239,28254.9144,28041.0645,28174.7207,6794454
2020-10-22,28018.7901,28032.1557,27818.3058,27983.1484,5069706
2020-10-23,28098.9789,28179.1726,27871.7634,28085.6133,4933403
2020-10-26,28170.2657,28268.2802,28005.4231,28032.1543,8527343
2020-10-27,27831.6730,28000.9709,27729.2033,27791.5762,7747750
2020-10-28,27689.1042,27943.0509,27604.4553,27938.5957,5507810
2020-10-29,27590.5367,27675.3208,27340.6467,27648.5469,9810541
2020-10-30,27541.4493,27554.8363,26898.8750,26898.8750,19943620
2020-11-02,26961.3471,27336.1821,26934.5732,27309.4082,8292707
2020-11-03,27420.9692,27885.0507,27416.5069,27853.8145,6876811
2020-11-04,28041.2307,28184.0250,27804.7277,28027.8438,14605120
2020-11-05,28201.8727,28665.9542,28143.8626,28643.6426,8860281
2020-11-06,28755.2039,28933.6968,28634.7212,28715.0430,11045240
2020-11-09,28991.7003,29295.1381,28973.8510,29076.4844,9336664
2020-11-10,29214.8197,29214.8197,28871.2209,29072.0254,12650450
2020-11-11,29179.1203,29589.6539,29152.3464,29540.5684,10103590
2020-11-12,29527.1847,29571.8079,29308.5309,29397.7773,13036770
2020-11-13,29286.2098,29714.5926,29254.9736,29705.6680,8850114
2020-11-16,29902.0129,30419.6421,29826.1534,30339.3203,9500098
2020-11-17,30415.1884,30526.7465,30250.0825,30330.4043,11097290
2020-11-18,30343.7834,30473.1907,30232.2253,30299.1602,7758962
2020-11-19,30178.6768,30348.2450,30098.3550,30339.3203,7315728
2020-11-20,30276.8537,30468.7336,30205.4566,30370.5625,7299698
2020-11-23,30477.6514,31102.3763,30392.8673,31066.6777,8953550
2020-11-24,31178.2418,31423.6695,31075.6084,31236.2520,11447200
2020-11-25,31437.0546,31539.6880,30892.6513,31053.2949,11035670
2020-11-26,31039.9120,31361.1992,30959.5902,31361.1992,8207226
2020-11-27,31361.2024,31477.2228,31258.5690,31432.5996,9576308
2020-11-30,31530.7685,31655.7135,30955.1289,30955.1289,15007660
2020-12-01,31147.0049,31535.2269,31138.0803,31445.9805,5413649
2020-12-02,31597.7049,32039.4748,31557.5440,31994.8516,7917365
2020-12-03,32101.9470,32258.1283,31972.5396,32222.4297,12162280
2020-12-04,32347.3719,32989.9463,32338.4472,32798.0664,11121190
2020-12-07,33074.7297,33123.8152,32583.8743,32976.5586,18683260
2020-12-08,32945.3216,32963.1709,32450.0039,32450.0039,13169930
2020-12-09,32646.3440,33199.6719,32606.1831,33199.6719,13249820
2020-12-10,32824.8443,33235.3780,32641.8891,32936.4023,11741640
2020-12-11,33150.5989,33378.1774,33128.2873,33221.9961,10436500
2020-12-14,33244.2971,33404.9406,33052.4172,33092.5781,13687580
2020-12-15,33110.4274,33155.0506,32762.3663,33092.5781,13771840
2020-12-16,33351.3928,33436.1770,33137.2014,33230.9102,7680296
2020-12-17,33253.2197,33262.1444,32856.0731,33199.6719,8171245
2020-12-18,33279.9919,33302.3035,33070.2628,33155.0469,7557423
2020-12-21,33204.1473,33221.9966,32789.1512,33195.2227,14016370
2020-12-22,33070.2674,33150.5892,32655.2715,32655.2715,13099470
2020-12-23,32824.8383,33163.9748,32543.7121,33119.3516,15811480
2020-12-24,33181.8262,33900.2600,33181.8262,33779.7773,10047320
2020-12-28,33993.9670,34243.8570,33815.4741,33949.3438,9844360
2020-12-29,34266.1658,34556.2167,33860.0946,34524.9805,16423350
2020-12-30,34377.7286,35332.6655,34306.3315,35252.3438,12736960
2021-01-04,35328.1890,36247.4270,35167.5455,36180.4922,12183540
2021-01-05,35988.6270,36724.9102,35877.0690,36724.9102,9125147
2021-01-06,36831.9994,37197.9097,36229.5860,36367.9180,15221580
2021-01-07,36778.4542,37519.1996,36760.6049,37215.7617,8752294
2021-01-08,37702.1595,39076.5547,37586.1392,38862.3633,11521190
2021-01-11,39268.4236,40491.0995,38313.4869,38960.5234,23107660
2021-01-12,38759.7272,39023.0041,37595.0612,38657.0938,25493980
2021-01-13,38697.2532,39174.7216,38389.3530,38875.7461,11986770
2021-01-14,38679.4035,39116.7111,38590.1571,38826.6602,9083116
2021-01-15,39031.9257,39433.5346,37960.9685,37974.3555,11910700
2021-01-18,37568.2848,37925.2705,36997.1077,37090.8164,11959320
2021-01-19,37291.6263,38331.3473,37117.5957,38068.0703,9746645
2021-01-20,38741.8755,38817.7350,37880.6475,38286.7188,10680030
2021-01-21,38643.7136,38902.5283,38384.8989,38848.9805,9087554
2021-01-22,38978.3824,39205.9608,38576.7734,38576.7734,13042940
2021-01-25,38737.4118,39554.0166,38612.4668,39500.4688,6384939
2021-01-26,39411.2238,39442.4601,38246.5579,38425.0508,10607370
2021-01-27,38706.1781,39094.4001,38175.1618,38295.6445,8779909
2021-01-28,37665.7253,38103.5430,37375.3360,37589.7773,10835060
2021-01-29,38023.1148,38081.1927,36553.2987,36745.4023,13333220
2021-02-01,36633.7379,37679.1396,36370.1536,37661.2695,10696360
2021-02-02,38063.3358,38778.1402,37822.0893,38219.6992,12520130
2021-02-03,38532.4270,38782.6086,38045.4665,38536.8945,10276900
2021-02-04,38447.5438,38447.5438,37638.9212,37893.5703,18128560
2021-02-05,38116.9459,38447.5429,37871.2319,38376.0625,13252960
2021-02-08,38335.8536,38501.1521,37951.6463,38000.7891,7391704
2021-02-09,38273.3000,38550.2867,37871.2227,37871.2227,8236149
2021-02-10,37996.3269,38237.5735,37612.1195,38134.8203,6526416
2021-02-15,38693.2578,38876.4265,38550.2969,38693.2578,6603808
2021-02-16,38845.1572,39198.0920,38670.9236,38863.0273,8542745
2021-02-17,38648.5766,38661.9791,38183.9537,38443.0703,17530610
2021-02-18,38376.0633,38532.4268,37871.2327,37893.5703,8841408
2021-02-19,37920.3722,38246.5017,37277.0483,38224.1641,9728222
2021-02-22,38469.8734,38653.0420,37786.3418,37822.0820,8518245
2021-02-23,37571.9129,38076.7436,37285.9911,37781.8867,7733807
2021-02-24,37750.6089,38134.8162,36946.4539,36977.7266,10408900
2021-02-25,37536.1568,38349.2466,37491.4815,38322.4414,8858726
2021-02-26,37491.4923,37522.7650,36924.1163,37263.6484,10297430
2021-03-02,38157.1465,38349.2501,37379.7968,37679.1211,8601611
2021-03-03,37589.7684,38108.0015,37460.2101,38099.0664,6142052
2021-03-04,37612.1094,37915.9012,37339.5902,37612.1094,6777655
2021-03-05,37053.6720,37531.6975,36843.6982,37411.0742,10363860
2021-03-08,37750.6074,37750.6074,36982.1927,37058.1406,8296841
2021-03-09,37067.0746,37116.2174,36245.0496,36825.8281,11896440
2021-03-10,37312.7937,37312.7937,36522.0413,36615.8594,8187756
2021-03-11,36763.2810,37469.1503,36749.8785,37361.9297,6417962
2021-03-12,37755.0727,37898.0336,37540.6314,37692.5273,6953557
2021-03-15,37732.7397,37808.6876,37469.1555,37509.3633,8495978
2021-03-16,37688.0562,37915.9001,37607.6407,37822.0820,5575783
2021-03-17,37831.0250,37844.4276,37285.9867,37522.7656,8129905
2021-03-18,37813.1592,38166.0939,37795.2891,37795.2891,8690814
2021-03-19,37272.5772,37594.2392,37210.0318,37397.6680,9277711
2021-03-22,37549.5732,37612.1186,37183.2359,37460.2227,6345196
2021-03-23,37688.0717,37768.4872,37067.0852,37107.2930,6645759
2021-03-24,36870.5027,37093.8791,36647.1264,36937.5156,5672036
2021-03-25,36839.2311,37344.0617,36821.3610,37098.3477,9780916
2021-03-26,37245.7764,37487.0229,37147.4908,37442.3477,6635123
2021-03-29,37571.9032,37580.8383,37232.3712,37375.3320,6417371
2021-03-30,37473.6270,37933.7824,37473.6270,37795.2891,5099664
2021-03-31,37893.5661,38148.2151,37683.5923,37692.5273,7237093
2021-04-01,37960.5755,38108.0039,37808.6796,38036.5234,5221705
2021-04-02,38349.2493,38590.4958,38326.9117,38460.9375,5352010
2021-04-05,38599.4399,38653.0503,38313.5181,38536.8945,5186919
2021-04-06,38760.2739,38782.6115,38385.0015,38590.5078,4911544
2021-04-07,38661.9827,38818.3461,38541.3594,38684.3203,5107254
2021-04-08,38626.2444,38733.4651,38478.8160,38648.5820,5325846
2021-04-09,38679.8554,38845.1539,38371.5960,38465.4141,7187076
2021-04-12,38599.4399,38648.5827,38376.0635,38465.4141,5890537
2021-04-13,38474.3401,39037.2485,38460.9375,38903.2227,4687090
2021-04-14,39010.4503,39220.4241,38849.6193,39171.2812,6682250
2021-04-15,39104.2625,39434.8595,39068.5223,39207.0156,6682443
2021-04-16,39336.5834,39349.9860,39059.5967,39184.6875,5925140
2021-04-19,39184.6902,39421.4692,39073.0020,39180.2227,5106949
2021-04-20,39099.7963,39466.1335,39099.7963,39425.9258,5454369
2021-04-21,39171.2867,39229.3646,38594.9756,38720.0664,11608960
2021-04-22,38885.3495,39037.2454,38737.9212,38778.1289,6251618
2021-04-23,38572.6327,38912.1648,38353.7238,38800.4766,4199882
2021-04-26,38903.2286,39162.3452,38867.4884,39153.4102,4703970
2021-04-27,39189.1509,39233.8262,39028.3199,39198.0859,4696932
2021-04-28,39153.4102,39157.8778,38706.6575,38782.6055,3886549
2021-04-29,38918.7361,39041.2505,38573.8808,38651.0195,5172662
2021-04-30,38592.0251,38710.0018,38238.0947,38383.2969,5000310
2021-05-03,38342.4601,38687.3154,38092.8938,38138.2695,5093573
2021-05-04,38179.1160,38460.4453,38052.0640,38460.4453,4407448
2021-05-06,38301.6269,38705.4706,38256.2512,38687.3203,4079571
2021-05-07,38746.3088,39059.4011,38691.8579,38936.8867,4762435
2021-05-10,39150.1526,39685.5858,39068.4763,39590.2969,5371064
2021-05-11,39304.4242,39372.4877,38746.3032,38896.0430,5376252
2021-05-12,38914.2040,38914.2040,37979.4645,38251.7188,7015716
2021-05-13,37743.5029,38197.2598,37643.6763,37811.5664,6430467
2021-05-14,37956.7679,38297.0856,37911.3922,38165.4961,7032555
2021-05-17,38383.2964,38396.9091,37788.8749,38002.1406,5220610
2021-05-18,38120.1168,38510.3478,38120.1168,38451.3594,4389457
2021-05-20,38156.4122,38428.6663,38074.7360,38328.8398,4215729
2021-05-21,38542.1113,38873.3539,38233.5566,38310.6953,8246703
2021-05-24,38269.8565,38424.1338,38106.5040,38201.7930,6106818
2021-05-25,38396.9107,38619.2516,38306.1593,38564.8008,5805624
2021-05-26,38614.7160,38723.6177,38410.5254,38487.6641,5204460
2021-05-27,38514.8905,38560.2662,38147.3474,38419.6016,13177330
2021-05-28,38533.0442,38805.2984,38464.9807,38655.5586,5215301
2021-05-31,38778.0636,38805.2891,38505.8095,38805.2891,4618216
2021-06-01,38805.2842,39240.8907,38750.8333,39027.6250,5297118
2021-06-02,39036.7170,39259.0580,38955.0408,38995.8789,4844660
2021-06-03,39068.4745,39522.2314,39068.4745,39358.8789,4755748
2021-06-04,39204.5952,39290.8091,38955.0290,39209.1328,5274101
2021-06-07,39436.0146,39544.9163,39086.6218,39349.8008,4247539
2021-06-08,39349.7988,39476.8508,39218.2093,39272.6602,2840242
2021-06-09,39186.4445,39236.3578,38827.9766,38827.9766,3459079
2021-06-10,38855.2062,39077.5471,38791.6802,38959.5703,4871454
2021-06-11,39068.4723,39327.1137,39063.9347,39245.4375,4378278
2021-06-14,39281.7399,39281.7399,39091.1620,39227.2891,3097154
2021-06-15,39254.5092,39377.0236,39181.9081,39318.0352,3073690
2021-06-16,39268.1152,39612.9703,39259.0400,39558.5195,3676301
2021-06-17,39340.7275,39404.2535,39172.8374,39331.6523,5396436
2021-06-18,39422.3996,39553.9891,39340.7233,39449.6250,3680167
2021-06-21,39045.7887,39204.6037,38896.0489,39068.4766,5570443
2021-06-22,39281.7406,39390.6422,39240.9024,39336.1914,4466264
2021-06-23,39472.3232,39603.9127,39367.9591,39540.3867,4384229
2021-06-24,39603.9034,39799.0188,39599.3658,39690.1172,3152929
2021-06-25,39848.9353,40089.4265,39821.7099,39889.7734,4136736
2021-06-28,39944.2343,39985.0724,39749.1188,39848.9453,3513373
2021-06-29,39871.6254,39894.3132,39572.1458,39694.6602,3939461
2021-06-30,39789.9524,39948.7674,39753.6519,39835.3281,3252256
2021-07-01,39853.4686,39853.4686,39544.9139,39603.9023,4290079
2021-07-02,39590.3006,39762.7282,39549.4624,39554.0000,3436772
2021-07-05,39721.8849,39848.9368,39667.4340,39740.0352,2774715
2021-07-06,39848.9340,40021.3617,39835.3213,39921.5352,4009188
2021-07-07,39785.4041,39785.4041,39572.1383,39671.9648,3816728
2021-07-08,39717.3453,39817.1718,39259.0508,39259.0508,5209381
2021-07-09,38877.8943,39068.4722,38519.4263,38841.5938,8288519
2021-07-12,39077.5490,39259.0518,39077.5490,39190.9883,3929269
2021-07-13,39367.9531,39535.8432,39367.9531,39522.2305,3654600
2021-07-14,39386.0938,39445.0821,39227.2789,39386.0938,3453656
2021-07-15,39499.5507,39676.5160,39367.9612,39653.8281,2841123
2021-07-16,39476.8428,39531.2937,39336.1782,39485.9180,3617046
2021-07-19,39145.6102,39163.7605,38959.5698,39041.2461,4034494
2021-07-20,38755.3804,38959.5710,38714.5423,38914.1953,3885032
2021-07-21,39154.6872,39154.6872,38682.7800,38714.5430,4986269
2021-07-22,38941.4234,39277.2036,38941.4234,39195.5273,3684633
2021-07-23,39259.0499,39386.1018,39150.1482,39268.1250,5383684
2021-07-26,39390.6412,39390.6412,38846.1328,38846.1328,3752968
2021-07-27,39050.3170,39200.0567,38909.6523,38909.6523,3617517
2021-07-28,38841.5847,39086.6134,38705.4577,39027.6250,3691893
2021-07-29,39141.2124,39218.4498,38950.3904,39082.1484,3999341
2021-07-30,38918.5869,38932.2171,38573.2901,38605.0938,5066159
2021-08-02,38786.8281,38850.4354,38500.5952,38786.8281,5666629
2021-08-03,38736.8553,39127.5859,38709.5950,39127.5859,4634044
2021-08-04,39227.5452,39718.2303,39159.3945,39677.3398,6976309
2021-08-05,39668.2519,39831.8135,39536.4938,39604.6445,5139328
2021-08-06,39600.1102,39690.9779,39327.5074,39418.3750,3737342
2021-08-09,39245.7157,39391.1038,39104.8709,39236.6289,3972301
2021-08-10,39368.3786,39368.3786,38850.4334,38982.1914,3407441
2021-08-11,38877.7058,39000.3771,38609.6464,38632.3633,4612520
2021-08-12,38623.2788,38705.0597,38346.1326,38477.8906,4505379
2021-08-13,38387.0233,38414.2836,37669.1692,37828.1875,7095485
2021-08-17,37864.5223,37959.9333,37337.4903,37401.0977,5913734
2021-08-18,37414.7305,37773.6575,37214.8218,37587.3789,4808571
2021-08-19,37296.6001,37528.3124,36837.7188,36837.7188,6759342
2021-08-20,36983.1041,37137.5790,36328.8576,36478.7891,8408192
2021-08-23,36728.6844,37096.6982,36583.2963,36805.9219,5409615
2021-08-24,37110.3352,37528.3263,37110.3352,37505.6094,4241423
2021-08-25,37605.5530,37810.0051,37369.2973,37623.7266,3821022
2021-08-26,37682.7926,37796.3770,37278.4317,37342.0391,3769213
2021-08-27,37205.7397,37469.2558,37042.1780,37319.3242,5072400
2021-08-30,37691.8810,37764.5751,37319.3238,37410.1914,4219723
2021-08-31,37442.0021,38150.7695,37260.2669,38150.7695,4764658
2021-09-01,38105.3269,38314.3224,37937.2218,38205.2812,4582369
2021-09-02,38128.0363,38200.7304,37732.7624,37855.4336,5990056
2021-09-03,37973.5744,38182.5699,37864.5333,38100.7891,4498314
2021-09-06,38141.6715,38277.9729,38014.4568,38232.5391,4452547
2021-09-07,38200.7443,38214.3744,37869.0775,38005.3789,3591745
2021-09-08,37869.0684,37987.1963,37610.0958,37673.7031,4229352
2021-09-09,37555.5771,37591.9241,36978.5678,37005.8281,4219444
2021-09-10,37073.9827,37269.3481,36955.8548,37178.4805,4861901
2021-09-13,37042.1833,37382.9369,36987.6628,37260.2656,4517520
2021-09-14,37401.1124,37719.1491,37401.1124,37496.5234,5231165
2021-09-15,37505.6014,37691.8799,37342.0397,37551.0352,4602430
2021-09-16,37700.9650,37700.9650,37146.6727,37223.9102,5613806
2021-09-17,37092.1552,37382.9315,36960.3972,37319.3242,4331783
2021-09-23,37092.1605,37355.6766,37024.0098,37260.2656,5441902
2021-09-24,37437.4490,37501.0563,37173.9330,37223.9102,6265872
2021-09-27,37228.4542,37523.7738,37146.6733,37346.5820,4760621
2021-09-28,37319.3307,37319.3307,36855.9058,36860.4492,5408563
2021-09-29,36415.1834,36565.1149,36042.6263,36374.2930,10565670
2021-09-30,36306.1560,36615.1059,36169.8546,36524.2383,6593205
2021-10-01,36319.7775,36406.1017,35815.4624,35842.7227,4788681
2021-10-05,35515.6045,35660.9926,35020.3760,35311.1523,8937945
2021-10-06,35492.8901,35674.6254,34765.9492,34765.9492,7893498
2021-10-07,35074.8972,35433.8242,35065.8104,35347.5000,5015041
2021-10-08,35501.9702,35520.1437,35220.2806,35270.2578,4381313
2021-10-12,35161.2167,35188.4770,34520.6001,34665.9883,5355639
2021-10-13,34638.7276,35138.4994,34588.7504,35015.8281,4243628
2021-10-14,35215.7477,35474.7204,35211.2043,35456.5469,4368453
2021-10-15,35701.8877,35919.9700,35679.1708,35820.0156,3721040
2021-10-18,35860.9007,35888.1610,35461.0832,35706.4258,3503005
2021-10-19,35960.8553,36069.8964,35829.0972,36006.2891,3872812
2021-10-20,36147.1287,36251.6264,35847.2656,35847.2656,3835724
2021-10-21,35892.7013,36015.3725,35738.2264,35783.6602,3907613
2021-10-22,35738.2235,35960.8491,35665.5294,35815.4609,2771293
2021-10-25,35724.6038,36056.2706,35529.2384,36001.7500,3550983
2021-10-26,36201.6556,36401.5644,36101.7012,36337.9570,3599613
2021-10-27,36224.3610,36283.4249,35906.3244,36033.5391,2868589
2021-10-28,36006.2331,36183.8055,35919.7234,35933.3828,3524611
2021-10-29,36083.6193,36092.7256,35277.7138,35355.1172,5479280
2021-11-01,35651.0896,35673.8553,35464.4108,35500.8359,4179211
2021-11-02,35692.0647,36256.6541,35692.0647,35974.3594,3437518
2021-11-03,36115.5013,36115.5013,35373.3396,35464.4023,4442344
2021-11-04,35801.3442,36010.7887,35601.0060,35664.7500,5563851
2021-11-05,35928.8303,35988.0211,35305.0501,35509.9414,5550859
2021-11-08,35578.2308,35596.4434,35109.2575,35464.4023,5076877
2021-11-09,35473.5161,35828.6611,35359.6876,35555.4727,4565165
2021-11-10,35355.1271,35564.5715,35132.0233,35177.5547,4753805
2021-11-11,34940.7938,35173.0039,34849.7310,35173.0039,4274634
2021-11-12,35409.7691,35678.4043,35268.6217,35546.3633,3505198
2021-11-15,35787.6745,36024.4377,35723.9305,35956.1406,5272240
2021-11-16,35942.4869,36106.3999,35751.2550,35892.4023,4428306
2021-11-17,35960.6986,35965.2517,35396.1092,35441.6406,4195620
2021-11-18,35295.9336,35505.3780,35209.4240,35295.9336,4510585
2021-11-19,35391.5596,35610.1103,35236.7528,35555.4727,4258535
2021-11-22,35746.6995,36406.9048,35733.0401,36379.5859,5040107
2021-11-23,36320.3962,36365.9276,36010.7826,36060.8672,5007395
2021-11-24,36165.5920,36343.1645,35801.3408,35988.0195,5758295
2021-11-25,36010.7853,36010.7853,35660.1935,35723.9375,3914923
2021-11-26,35560.0203,35728.4865,35009.0904,35068.2812,5059924
2021-11-29,34708.5864,35068.2845,34608.4174,34790.5430,5194357
2021-11-30,35095.5937,35168.4439,33779.7366,34084.7969,7565591
2021-12-01,34189.5319,34972.6721,34089.3629,34904.3750,5262582
2021-12-02,34676.7139,35473.5133,34594.7573,35455.3008,5465496
2021-12-03,35336.9206,35824.1066,35177.5607,35723.9375,6274555
2021-12-06,35605.5517,35951.5904,35291.3851,35792.2305,9783182
2021-12-07,35828.6508,36120.0517,35600.9938,36088.1797,5021847
2021-12-08,36402.3576,36680.0991,36133.7223,36247.5508,7043627
2021-12-09,36202.0175,36488.8653,36179.2518,36356.8242,7336363
2021-12-10,36229.3307,36329.4998,36079.0771,36156.4805,2822148
2021-12-13,36334.0544,36757.4964,36147.3757,36183.8008,4707617
2021-12-14,35969.8000,36161.0318,35824.0995,35978.9062,5005482
2021-12-15,35819.5533,36001.6790,35742.1500,35988.0195,3644663
2021-12-16,36279.4175,36365.9271,35969.8040,36197.4609,5060072
2021-12-17,35978.9022,36315.8345,35869.6269,36288.5156,3682394
2021-12-20,36106.3929,36106.3929,35555.4631,35619.2070,4632691
2021-12-21,35805.8927,36024.4434,35660.1922,35892.4023,5241992
2021-12-22,36097.2922,36256.6521,35965.2512,36083.6328,4839291
2021-12-23,36279.4157,36297.6282,36069.9713,36261.2031,4722100
2021-12-24,36402.3480,36680.0895,36393.2418,36529.8359,4644586
2021-12-27,36543.4968,36557.1562,36315.8398,36315.8398,3732560
2021-12-28,36461.5433,36611.7969,36192.9080,36611.7969,5060924
2021-12-29,36611.7924,36766.5992,36484.3045,36529.8359,4309822
2021-12-30,36557.1570,36657.3261,36233.8841,36306.7344,3863164
2022-01-04,36488.8621,36488.8621,36170.1423,36370.4805,4708649
2022-01-05,36288.5233,36338.6078,35660.1900,35851.4219,8813841
2022-01-06,35605.5511,35933.3772,35455.2975,35491.7227,10391290
2022-01-07,35719.3829,36015.3370,35646.5326,35937.9336,3681317
2022-01-10,35896.9602,35919.7259,35405.2210,35664.7500,4980669
2022-01-11,35719.3725,35919.7106,35560.0127,35769.4570,4298895
2022-01-12,36010.7856,36365.9305,35997.1261,36356.8242,4323445
2022-01-13,36402.3468,36452.4313,36133.7116,36170.1367,4178583
2022-01-14,35883.2978,35951.5949,35546.3654,35610.1094,4234215
2022-01-17,35610.1032,35646.5283,35150.2361,35350.5742,5841437
2022-01-18,35459.8544,35509.9389,34977.2215,35077.3906,5738430
2022-01-19,34836.0696,35177.5550,34713.1348,34822.4102,5790865
2022-01-20,34826.9704,35027.3086,34694.9293,35027.3086,4624230
2022-01-21,34694.9276,34767.7778,34403.5266,34631.1836,9151779
2022-01-24,34531.0182,34640.2936,34103.0230,34239.6172,10270660
2022-01-25,34153.0937,34180.4125,33228.8065,33406.3789,11372530
2022-01-26,33520.2226,33702.3483,33269.7999,33301.6719,5888382
2022-01-27,33383.7559,33429.3621,32202.5547,32202.5547,10446220
2022-01-28,32375.8654,33278.8688,32106.7886,33064.5195,11148430
2022-02-03,33634.5960,33931.0365,33383.7617,33383.7617,6866201
2022-02-04,33474.9708,33830.6994,33388.3190,33821.5781,5619747
2022-02-07,33753.1667,33821.5761,33160.2858,33474.9688,7116290
2022-02-08,33739.4838,33894.5449,33297.1034,33538.8164,4930794
2022-02-09,33839.8137,34013.1173,33753.1619,34003.9961,4851709
2022-02-10,34209.2272,34359.7278,34058.7267,34286.7578,4664133
2022-02-11,33976.6251,34209.2168,33807.8822,33967.5039,4820161
2022-02-15,33611.7883,33643.7126,33146.6048,33306.2266,5334150
2022-02-16,33671.0742,33935.5903,33657.3923,33908.2266,4230431
2022-02-17,34013.1212,34423.5772,33757.7263,34127.1367,8161860
2022-02-18,33766.8458,34090.6499,33661.9515,33999.4375,5459390
2022-02-21,33593.5437,34022.2422,33319.9064,34022.2422,3998311
2022-02-22,33484.0852,33666.5101,33301.6603,33529.6914,5092278
2022-02-23,33766.8457,33839.8157,33470.4053,33648.2695,4660928
2022-02-24,33237.8104,33292.5379,32667.7327,32768.0664,10463990
2022-02-25,33073.6357,33319.9093,32973.3020,33137.4844,8181295
2022-02-28,32923.1329,33388.3164,32845.6023,33388.3164,6546067
2022-03-02,33406.5494,33493.2012,33215.0033,33251.4883,5075944
2022-03-03,33561.6177,33908.2250,33520.5721,33885.4219,4082459
2022-03-04,33757.7194,33785.0831,33215.0054,33360.9453,7789332
2022-03-07,32836.4803,32859.2834,32407.7818,32613.0098,14965080
2022-03-08,32202.5491,32544.5957,32074.8516,32188.8672,6369838
2022-03-10,32836.4802,32991.5413,32749.8283,32854.7227,2368076
2022-03-11,32758.9419,32863.8361,32558.2745,32731.5781,9987144
2022-03-14,32695.1019,32872.9662,32544.6014,32672.2988,8660429
2022-03-15,32567.4053,32622.1328,32284.6467,32389.5410,13216340
2022-03-16,32727.0288,32923.1356,32485.3158,32872.9688,5859523
2022-03-17,33424.7978,33620.9045,33360.9491,33370.0703,8279341
2022-03-18,33278.8528,33461.2776,33205.8829,33443.0352,4372507
2022-03-21,33611.7858,33611.7858,33064.5111,33100.9961,5565648
2022-03-22,33100.9950,33429.3598,33078.1919,33401.9961,4524529
2022-03-23,33588.9768,33830.6897,33511.4462,33693.8711,6119415
2022-03-24,33461.2858,33547.9377,33278.8609,33538.8164,5749483
2022-03-25,33684.7547,33689.3153,33333.5868,33401.9961,4337330
2022-03-28,33292.5350,33516.0054,33110.1101,33424.7930,4105327
2022-03-29,33598.1133,33744.0532,33474.9764,33598.1133,4225755
2022-03-30,33821.5701,33931.0250,33648.2665,33716.6758,4375540
2022-03-31,33693.8807,33958.3968,33643.7138,33821.5781,4502992
2022-04-01,33680.1934,33684.7540,33397.4348,33561.6172,4077720
2022-04-04,33497.7678,33753.1626,33342.7067,33721.2383,4646082
2022-04-05,33853.4910,33894.5365,33602.6568,33689.3086,4490357
2022-04-06,33474.9690,33529.6965,33319.9078,33342.7109,5233744
2022-04-07,33187.6532,33187.6532,32831.9246,32904.8945,10234720
2022-04-08,32973.2976,33014.3432,32749.8271,32927.6914,6370443
2022-04-11,32799.9940,33055.3888,32681.4178,32927.6914,8974553
2022-04-12,32699.6635,32827.3609,32489.8748,32617.5723,9639935
2022-04-13,32708.7804,33265.1762,32667.7348,33237.8125,6828087
2022-04-14,33228.6963,33228.6963,32941.3771,33050.8320,7430712
2022-04-15,32836.4795,32836.4795,32590.2059,32658.6152,6497906
2022-04-18,32553.7244,32790.8767,32444.2694,32685.9824,5517718
2022-04-19,32818.2400,33146.6048,32809.1187,33069.0742,3026251
2022-04-20,33078.1920,33119.2376,32795.4334,33041.7070,2807810
2022-04-21,33146.5950,33370.0655,33123.7919,33187.6406,5716294
2022-04-22,32891.2101,32923.1345,32690.5427,32822.8008,5189540
2022-04-25,32467.0692,32558.2816,32284.6443,32298.3262,6727922
2022-04-26,32430.5800,32576.5199,32380.4132,32435.1406,2878893
2022-04-27,31997.3311,32088.5436,31787.5425,32052.0586,4420137
2022-04-28,32246.3710,32380.5381,31991.9161,32371.2852,6629596
2022-04-29,32394.4096,32884.8134,32288.0012,32857.0547,6267371
2022-05-03,32736.7624,32981.9643,32653.4863,32653.4863,5987778
2022-05-04,32801.5393,32912.5742,32611.8548,32732.1426,5560940
2022-05-06,32394.4132,32394.4132,32186.2229,32278.7520,6080928
2022-05-10,31732.8283,31871.6219,31325.7006,31806.8516,7914490
2022-05-11,31640.2969,31848.4872,31557.0208,31802.2227,6549110
2022-05-12,31478.3690,31732.8238,31260.9258,31279.4316,7111368
2022-05-13,31469.1145,32056.6737,31450.6087,32019.6621,5262557
2022-05-16,32246.3583,32315.7550,31825.3513,31894.7480,7376786
2022-05-17,31945.6414,32246.3607,31941.0150,32204.7227,3999458
2022-05-18,32375.9040,32519.3239,32172.3401,32264.8691,6376438
2022-05-19,31575.5266,31876.2459,31515.3827,31802.2227,6054919
2022-05-20,31936.3987,32408.2968,31908.6399,32371.2852,4661990
2022-05-23,32510.0707,32593.3468,32306.5069,32477.6855,5876025
2022-05-24,32338.8971,32412.9203,31876.2520,31876.2520,5416640
2022-05-25,32070.5599,32223.2328,31857.7431,32010.4160,6735545
2022-05-26,32010.4123,32334.2638,31788.3426,31904.0039,6777076
2022-05-27,32232.4776,32371.2711,32190.8395,32241.7305,5885635
2022-05-30,32593.3552,32699.7636,32449.9352,32662.7520,5384386
2022-05-31,32607.2232,32852.4251,32454.5504,32792.2812,5485464
2022-06-02,32607.2236,32639.6087,32366.6482,32436.0449,5957733
2022-06-03,32713.6379,32783.0347,32537.8327,32616.4824,6270309
2022-06-07,32459.1818,32477.6876,31945.6457,32010.4160,3766658
2022-06-08,32033.5441,32241.7344,32005.7854,32079.8086,3703196
2022-06-09,31968.7749,32102.9420,31839.2343,31982.6543,4675166
2022-06-10,31732.8313,31774.4694,31524.6410,31654.1816,4388043
2022-06-13,31006.4762,31099.0052,30534.5781,30534.5781,9434444
2022-06-14,29988.6536,30492.9368,29988.6536,30414.2871,12194950
2022-06-15,30354.1450,30409.6625,29683.3096,29872.9941,10540450
2022-06-16,30252.3611,30469.8043,29812.8483,29854.4863,9186440
2022-06-17,29313.1909,29706.4392,29211.4090,29632.4160,7291657
2022-06-20,29831.3584,30007.1635,28929.2004,29155.8965,9595269
2022-06-21,29313.1924,29549.1414,28429.5403,29322.4453,7526326
2022-06-22,29428.8554,29428.8554,28582.2148,28582.2148,10200810
2022-06-23,28563.7113,28832.0455,28230.6068,28350.8945,13143290
2022-06-24,28498.9374,29063.3644,28406.4084,28947.7031,10451950
2022-06-27,29165.1474,29544.5164,28901.4397,29317.8203,8572714
2022-06-28,29354.8350,29544.5195,29202.1621,29544.5195,6746503
2022-06-29,29197.5328,29290.0618,29021.7276,29049.4863,6177527
2022-06-30,28943.0785,28943.0785,28563.7095,28568.3359,7940411
2022-07-01,28730.2633,28845.9246,28068.6808,28276.8711,6240988
2022-07-04,28286.1211,28452.6733,28003.9076,28286.1211,8932236
2022-07-05,28549.8267,28836.6667,28420.2861,28734.8848,7245145
2022-07-06,28508.1921,28614.6005,28059.4263,28082.5586,9116536
2022-07-07,28304.6270,28818.1631,28244.4831,28646.9844,6746537
2022-07-08,28855.1761,29086.4987,28804.2852,28804.2852,8836853
2022-07-11,28869.0535,28984.7148,28614.5987,28642.3574,6570561
2022-07-12,28526.6978,28591.4681,28216.7255,28369.3984,5551637
2022-07-13,28438.7937,28711.7543,28369.3969,28517.4434,6840518
2022-07-14,28304.6312,28623.8563,28221.3550,28415.6660,5896627
2022-07-15,28591.4643,28623.8495,28068.6754,28586.8379,7255044
2022-07-18,28873.6802,29253.0492,28832.0422,29220.6641,7193533
2022-07-19,29105.0059,29146.6440,28952.3330,29123.5117,4685922
2022-07-20,29595.4099,29669.4331,29285.4377,29340.9551,6810248
2022-07-21,29382.5926,29678.6855,29350.2074,29660.1797,5550883
2022-07-22,29595.4029,29785.0874,29438.1036,29475.1152,6243090
2022-07-25,29377.9606,29734.1973,29354.8284,29590.7773,4950143
2022-07-26,29489.0011,29715.6972,29433.4837,29697.1914,2281501
2022-07-27,29687.9376,29711.0698,29489.0002,29706.4434,2100721
2022-07-28,29928.5114,30044.1727,29743.4534,29835.9824,7307853
2022-07-29,30071.9299,30229.2292,29863.7396,29965.5215,8390909
2022-08-01,29891.4968,30085.8077,29752.7033,29951.6406,6077218
2022-08-02,29919.2574,29919.2574,29697.1878,29789.7168,6319529
2022-08-03,29803.5992,29997.9102,29687.9379,29997.9102,5553911
2022-08-04,30196.8465,30247.7375,30039.5472,30150.5820,7454291
2022-08-05,30243.1092,30442.0466,30243.1092,30349.5176,6228446
2022-08-08,30141.3291,30321.7607,30118.1968,30294.0020,5426099
2022-08-09,30303.2537,30437.4208,30150.5808,30391.1562,6100712
2022-08-10,30229.2328,30261.6180,30007.1632,30034.9219,6396791
2022-08-11,30377.2788,30534.5781,30372.6523,30534.5781,6979981
2022-08-12,30502.1918,30696.5028,30502.1918,30650.2383,6411616
2022-08-16,30858.4293,30890.8145,30691.8771,30728.8887,6804788
2022-08-17,30784.4066,30872.3092,30534.5782,30571.5898,7081131
2022-08-18,30409.6593,30520.6941,30215.3484,30455.9238,7571930
2022-08-19,30488.3134,30488.3134,30243.1114,30280.1230,4518760
2022-08-22,29956.2737,30048.8028,29822.1066,29886.8770,5786119
2022-08-23,29678.6831,29794.3444,29479.7457,29512.1309,6152631
2022-08-24,29609.2838,29711.0657,29493.6225,29632.4160,5808668
2022-08-25,29748.0798,29979.4023,29715.6946,29979.4023,5407046
2022-08-26,30122.8243,30243.1121,29970.1514,29997.9102,4996787
2022-08-29,29280.8120,29391.8468,29216.0417,29276.1855,6758410
2022-08-30,29414.9708,29609.2817,29368.7063,29595.4023,4446039
2022-08-31,29322.4487,29937.7668,29276.1842,29822.1055,7892835
2022-09-01,29442.7355,29465.8677,29128.1368,29146.6426,13628110
2022-09-02,29271.5548,29299.3135,28869.0536,28984.7148,10253320
2022-09-05,28980.0884,29243.7961,28873.6800,28984.7148,7281688
2022-09-06,29054.1116,29202.1580,28892.1858,28984.7148,7524220
2022-09-07,28785.7767,28785.7767,28392.5284,28563.7070,9564382
2022-09-08,28762.6485,28767.2750,28545.2053,28619.2285,6406307
2022-09-13,29142.0138,29595.4060,29086.4964,29521.3828,5592132
2022-09-14,28674.7415,29067.9898,28609.9712,28938.4492,7826668
2022-09-15,29003.2215,29044.8596,28744.1402,28776.5254,7403788
2022-09-16,28503.5642,28633.1048,28420.2881,28572.9609,8142741
2022-09-19,28637.7326,28693.2500,28313.8810,28369.3984,6177702
2022-09-20,28568.3307,28707.1242,28424.9108,28466.5488,5210543
2022-09-21,28253.7386,28350.8941,28142.7038,28202.8477,7105697
2022-09-22,27865.1187,27957.6478,27712.4458,27897.5039,13016860
2022-09-23,27892.8715,27943.7625,27481.1174,27555.1406,9183764
2022-09-26,27203.5352,27240.5468,26824.1662,26879.6836,10502040
2022-09-27,26902.8116,26953.7026,26620.5981,26930.5703,8734976
2022-09-28,26620.5986,26828.7888,26056.1715,26268.9883,12791890
2022-09-29,26592.8389,26768.6440,26278.2402,26278.2402,7949033
2022-09-30,26176.4633,26454.0504,25926.6350,26162.5840,7626010
2022-10-04,26541.9553,26861.1805,26514.1966,26796.4102,4502303
2022-10-05,27263.6783,27263.6783,26694.6248,26801.0332,10693950
2022-10-06,27018.4734,27235.9166,26925.9444,27097.1230,12374320
2022-10-07,26805.6592,27129.5108,26745.5154,26995.3438,10320180
2022-10-11,26463.3027,26467.9291,26213.4743,26444.7969,10921720
2022-10-12,26393.9012,26676.1147,26375.3954,26671.4883,9665913
2022-10-13,26574.3374,26592.8432,26245.8594,26245.8594,11078770
2022-10-14,26629.8538,26990.7170,26629.8538,26884.3086,10890570
2022-10-17,26528.0738,26944.4545,26463.3035,26902.8164,7384949
2022-10-18,27296.0633,27296.0633,26925.9472,27249.7988,6971894
2022-10-19,27268.3020,27420.9749,27023.1001,27027.7266,8116868
2022-10-20,26875.0544,26921.3189,26611.3466,26764.0195,8545515
2022-10-21,26685.3661,26981.4590,26666.8603,26819.5332,6552147
2022-10-24,27240.5439,27346.9523,26986.0891,27069.3652,7609488
2022-10-25,27106.3775,27305.3149,27027.7278,27111.0039,6172207
2022-10-26,27101.7515,27439.4825,27060.1135,27296.0625,3811327
2022-10-27,27532.6942,27889.9604,27504.8553,27852.8418,7998093
2022-10-28,27647.9719,27820.2479,27485.0081,27494.3203,8458719
2022-10-31,27792.3100,27969.2422,27634.0024,27904.0566,6592231
2022-11-01,27978.5517,28332.4159,27936.6467,28327.7598,7492177
2022-11-02,28188.0789,28402.2598,28127.5495,28276.5449,6338612
2022-11-03,27801.6248,28295.1724,27689.8782,28118.2402,6889893
2022-11-04,27997.1811,28365.0137,27899.4028,28365.0137,7785493
2022-11-07,28453.4792,28709.5651,28388.2936,28667.6602,8097421
2022-11-08,28886.4981,29142.5841,28816.6565,29082.0547,9122938
2022-11-09,29217.0828,29487.1371,29147.2412,29370.7344,8762093
2022-11-10,29147.2398,29356.7646,29002.9004,29002.9004,9085819
2022-11-11,29929.4662,30199.5205,29896.8734,30166.9277,16211530
2022-11-14,30204.1727,30283.3266,29957.3990,29976.0234,11317750
2022-11-15,30064.4901,30129.6756,29859.6213,30059.8340,6874640
2022-11-16,30120.3656,30120.3656,29678.0353,30003.9629,9267661
2022-11-17,29845.6549,29878.2476,29570.9445,29608.1934,6539407
2022-11-18,29608.1933,29896.8721,29519.7273,29543.0078,7653425
2022-11-21,29612.8523,29622.1645,29217.0830,29314.8613,10615730
2022-11-22,29245.0153,29384.6985,29105.3320,29105.3320,7751187
2022-11-23,29314.8550,29394.0089,29189.1401,29300.8867,7472325
2022-11-24,29505.7580,29589.5679,29394.0114,29575.5996,11526270
2022-11-25,29594.2203,29626.8131,29445.2249,29454.5371,4544368
2022-11-28,29268.2975,29277.6097,29021.5237,29096.0215,6537635
2022-11-29,29082.0534,29435.9177,29016.8679,29426.6055,6566545
2022-11-30,29268.2956,29868.9336,29268.2956,29868.9336,4160884
2022-12-01,30297.2951,30367.1367,29994.6480,30045.8652,7577432
2022-12-02,29938.7798,29938.7798,29375.3906,29375.3906,8153695
2022-12-05,29477.8241,29566.2902,29198.4576,29282.2676,9855214
2022-12-06,29030.8362,29212.4244,28891.1529,28909.7773,5119207
2022-12-07,28807.3400,28928.3988,28728.1861,28746.8105,3129663
2022-12-08,28770.0911,28807.3400,28551.2540,28746.8105,7341164
2022-12-09,28891.1542,29123.9597,28779.4076,29082.0547,5317174
2022-12-12,28877.1824,28960.9923,28802.6846,28900.4629,5504100
2022-12-13,29054.1157,29077.3963,28774.7492,28877.1836,6070944
2022-12-14,28984.2723,29235.7021,28974.9601,29203.1094,4928094
2022-12-15,29026.1801,29063.4290,28718.8770,28718.8770,7233435
2022-12-16,28290.5148,28621.0985,28285.8587,28583.8496,5847327
2022-12-19,28514.0042,28714.2169,28472.0993,28588.5020,4226027
2022-12-20,28481.4120,28579.1903,28234.6383,28351.0410,5809168
2022-12-21,28523.3208,28527.9769,28248.6104,28281.2031,5724378
2022-12-22,28411.5717,28649.0332,28346.3862,28649.0332,4637378
2022-12-23,28327.7643,28402.2620,28104.2711,28155.4883,7174835
2022-12-26,28127.5471,28229.9814,28057.7054,28197.3887,5992640
2022-12-27,28318.4516,28462.7910,28267.2344,28397.6055,2912644
2022-12-28,28267.2360,28304.4848,28029.7744,28062.3672,7272311
2022-12-29,27908.7081,27945.9569,27559.5000,27559.5000,5512087
2023-01-02,27624.6903,27778.3419,27368.6044,27396.5410,5627556
2023-01-03,27429.1338,27512.9437,26884.3691,27396.5410,9260988
2023-01-04,27242.8913,28039.0859,27228.9230,27973.9004,8096923
2023-01-05,28132.2032,28332.4158,27978.5516,28197.3887,8142508
2023-01-06,28001.8336,28649.0326,28001.8336,28500.0371,7372663
2023-01-09,28816.6563,29277.6110,28770.0952,29268.2988,7939187
2023-01-10,29189.1442,29496.4473,29142.5831,29305.5469,7504527
2023-01-11,29435.9156,29524.3816,29217.0785,29356.7617,6027427
2023-01-12,29533.6925,29566.2852,29282.2626,29440.5703,5442438
2023-01-13,29515.0726,29822.3758,29505.7604,29654.7559,6258098
2023-01-16,29710.6266,30017.9298,29682.6900,29892.2148,6503180
2023-01-17,29873.5930,29920.1541,29612.8509,29654.7559,4685873
2023-01-18,29622.1632,29687.3487,29300.8917,29463.8555,5638277
2023-01-19,29305.5474,29650.0995,29305.5474,29645.4434,5645260
2023-01-20,29617.5048,29850.3103,29533.6949,29840.9980,6784232
2023-01-25,30260.0484,30404.3878,30218.1435,30311.2656,2773316
2023-01-26,30339.2033,30762.9092,30264.7056,30730.3164,3786065
2023-01-27,30795.4956,31172.6404,30674.4368,30972.4277,4113349
2023-01-30,30986.4337,31070.4331,30473.1042,30482.4375,6923472
2023-01-31,30482.4352,30538.4348,29973.7724,30011.1055,7811334
2023-02-01,30225.7723,30412.4376,30127.7731,30337.7715,6413355
2023-02-02,30753.0996,30879.0986,30421.7688,30664.4336,8822068
2023-02-03,30608.4350,30874.4330,30482.4359,30790.4336,5538504
2023-02-06,30515.1009,30594.4337,30090.4375,30090.4375,9254976
2023-02-07,30113.7714,30370.4361,30043.7720,30277.1035,5380254
2023-02-08,30468.4377,30846.4348,30463.7710,30748.4355,7531065
2023-02-09,30566.4362,30771.7680,30487.1034,30650.4355,6633140
2023-02-10,30459.1044,30603.7699,30351.7718,30571.1035,8029663
2023-02-13,30412.4367,30496.4360,30183.7717,30389.1035,10210780
2023-02-14,30636.4364,30790.4352,30515.1039,30571.1035,6964312
2023-02-15,30636.4346,30641.1012,29973.7729,29992.4395,11497540
2023-02-16,30193.1039,30659.7670,30174.4374,30589.7676,7077262
2023-02-17,30160.4361,30585.0995,30160.4361,30319.1016,7266595
2023-02-20,30351.7681,30524.4335,30053.1037,30421.7676,6087937
2023-02-21,30417.1006,30501.1000,30230.4354,30379.7676,5417319
2023-02-22,30015.7715,30113.7708,29838.4396,29852.4395,8547649
2023-02-23,29969.1061,30347.1033,29959.7729,30230.4375,12572480
2023-02-24,30174.4385,30351.7705,29941.1069,29959.7734,6935454
2023-02-27,29689.1088,29703.1087,29441.7773,29693.7754,11282430
2023-02-28,29801.1066,30034.4382,29693.7741,29777.7734,7805412
2023-03-02,29801.1065,30118.4374,29693.7740,29852.4395,9905318
2023-03-03,30015.7707,30057.7704,29787.1058,29917.7715,7146172
2023-03-06,30174.4394,30351.7714,30043.7737,30337.7715,9192392
2023-03-07,30291.1066,30431.1055,30179.1074,30179.1074,6041336
2023-03-08,29903.7723,29917.7722,29698.4405,29749.7734,10926000
2023-03-09,29866.4418,29936.4413,29656.4434,29656.4434,6727453
2023-03-10,29306.4455,29427.7779,29180.4465,29334.4453,8278301
2023-03-13,29469.7775,29642.4428,29124.4467,29572.4434,8695718
2023-03-14,29287.7802,29297.1134,28858.4500,28881.7832,12296610
2023-03-15,29175.7759,29427.7740,29101.1098,29245.7754,8461081
2023-03-16,28947.1154,29222.4466,28797.7832,29138.4473,8495023
2023-03-17,29469.7748,29549.1075,29264.4430,29474.4414,6982096
2023-03-20,29465.1130,29609.7786,29255.1146,29259.7812,5826171
2023-03-21,29423.1113,29493.1108,29269.1125,29334.4453,5667089
2023-03-22,29595.7769,29712.4426,29497.7776,29703.1094,6252859
2023-03-23,29483.7758,29810.4400,29451.1094,29791.7734,5458177
2023-03-24,29782.4400,29824.4397,29530.4420,29689.1074,6994412
2023-03-27,29787.1089,29787.1089,29404.4451,29553.7773,5621782
2023-03-28,29656.4407,29899.1055,29619.1076,29899.1055,5838145
2023-03-29,29843.1075,29959.7733,29759.1082,29945.7734,4037083
2023-03-30,30127.7697,30267.7687,29987.7708,30155.7695,7446921
2023-03-31,30263.1021,30571.0998,30216.4358,30510.4336,5144213
2023-04-03,30599.1004,30599.1004,30309.7692,30356.4355,5461242
2023-04-04,30384.4325,30594.4309,30342.4328,30496.4316,7988788
2023-04-05,30501.1009,30701.7660,30459.1012,30669.0996,6321033
2023-04-06,30538.4376,30561.7708,30109.1075,30123.1074,6729393
2023-04-07,30342.4378,30692.4351,30342.4378,30636.4355,6587819
2023-04-10,30617.7654,31075.0952,30580.4324,30930.4297,8112053
2023-04-11,31019.0968,31415.7605,30991.0970,31336.4277,5502605
2023-04-12,31303.7621,31523.0937,31261.7624,31434.4277,5098099
2023-04-13,31280.4307,31527.7621,31215.0978,31495.0957,6098806
2023-04-14,31686.4284,31817.0941,31509.0964,31607.0957,6593733
2023-04-17,31593.0965,31658.4294,31467.0975,31616.4297,5285508
2023-04-18,31639.7651,31681.7648,31373.7671,31569.7656,7293412
2023-04-19,31555.7587,31714.4242,31527.7590,31593.0918,5738461
2023-04-20,31485.7618,31588.4277,31383.0959,31499.7617,6235271
2023-04-21,31429.7617,31490.4279,31229.0966,31341.0957,4914696
2023-04-24,31238.4328,31285.0991,31103.1004,31126.4336,4922359
2023-04-25,31201.0967,31243.0964,30580.4348,30734.4336,3317457
2023-04-26,30711.1047,30841.7704,30641.1053,30701.7715,2520056
2023-04-27,30720.6905,30824.7643,30427.3917,30805.8418,6525733
2023-04-28,30971.4117,31122.7917,30739.6110,30867.3379,9407032
2023-05-02,30957.2222,31203.2148,30914.6466,31203.2148,6646106
2023-05-03,30961.9524,31051.8343,30862.6093,30924.1074,6572422
2023-05-04,30801.1112,30890.9931,30706.4986,30805.8418,7297380
2023-05-08,31146.4437,31288.3625,31103.8681,31193.7500,6547105
2023-05-09,31136.9817,31151.1736,30995.0629,31099.1367,4545144
2023-05-10,31089.6800,31089.6800,30782.1892,30905.1855,6417438
2023-05-11,31013.9869,31122.7913,30820.0312,30820.0312,5099307
2023-05-12,30706.4992,30824.7648,30611.8866,30673.3848,6233274
2023-05-15,30607.1532,30758.5332,30484.1569,30758.5332,6872961
2023-05-16,30957.2206,31066.0250,30782.1874,30843.6855,5661588
2023-05-17,30786.9206,31037.6438,30777.4593,30943.0312,4019257
2023-05-19,31468.1238,31699.9245,31468.1238,31681.0020,5211634
2023-05-22,31681.0069,32016.8814,31624.2394,31884.4238,3957548
2023-05-23,31993.2290,32092.5722,31898.6165,31979.0371,5034538
2023-05-25,32016.8792,32040.5323,31756.6947,31832.3848,5259621
2023-05-26,31884.4239,32040.5346,31822.9257,31941.1914,5966030
2023-05-30,32262.8694,32381.1351,32196.6407,32371.6738,4103040
2023-05-31,32329.1059,32452.1023,32139.8809,32139.8809,5638414
2023-06-01,32097.3009,32187.1828,31960.1127,32035.8027,4794356
2023-06-02,32243.9600,32447.3770,32215.5762,32447.3770,6094219
2023-06-05,32641.3178,32655.5096,32494.6684,32541.9746,4238342
2023-06-07,32636.5915,32717.0121,32471.0195,32471.0195,2843547
2023-06-08,32371.6817,32452.1024,32262.8773,32428.4492,3996672
2023-06-09,32594.0185,32906.2399,32489.9447,32858.9336,4790733
2023-06-12,32934.6249,32977.2005,32565.6360,32646.0566,6195794
2023-06-13,32835.2706,32910.9606,32712.2744,32802.1562,6870619
2023-06-14,32802.1636,32840.0086,32579.8241,32641.3223,6200984
2023-06-15,32721.7389,32830.5433,32489.9382,32527.7832,5777708
2023-06-16,32693.3519,32712.2744,32499.3962,32683.8906,5714938
2023-06-19,32589.2919,32631.8676,32414.2587,32504.1406,3673429
2023-06-20,32414.2626,32489.9526,32314.9194,32447.3770,4699219
2023-06-21,32385.8674,32390.5980,32130.4136,32144.6055,4799234
2023-06-22,32083.1105,32338.5643,32068.9186,32225.0293,3096561
2023-06-23,32352.7536,32381.1374,32031.0710,32068.9160,6266048
2023-06-26,32016.8796,32262.8722,31983.7652,32229.7578,3577737
2023-06-27,32168.2562,32234.4850,32059.4518,32215.5625,4294631
2023-06-28,32333.8360,32333.8360,31983.7696,32040.5371,5107857
2023-06-29,32135.1459,32333.8322,32035.8027,32035.8027,4378180
2023-06-30,32045.2628,32215.5653,31808.7315,32130.4141,5393824
2023-07-07,31766.1614,31770.8920,31397.1725,31496.5156,5853036
2023-07-10,31543.8178,31699.9284,31397.1683,31444.4746,4109417
2023-07-14,32679.1659,32977.1953,32594.0146,32977.1953,7292260
2023-07-17,32802.1664,32986.6608,32769.0520,32849.4727,4184041
2023-07-19,32816.3569,32840.0100,32499.4049,32598.7480,4500641
2023-07-20,32385.8634,32627.1253,32357.4797,32499.3984,4496190
2023-07-21,32262.8738,32532.5195,32068.9181,32532.5195,4175557
2023-07-24,32513.5977,32854.2029,32371.6789,32745.3984,5106302
2023-07-26,32787.9727,32849.4709,32324.3713,32376.4082,3558154
2023-07-28,32560.9042,32674.4392,32381.1404,32622.4023,4229850
2023-08-03,32594.0154,32693.3585,32243.9490,32366.9453,4962396
2023-08-04,32428.4413,32471.0170,32272.3307,32371.6738,4834540
2023-08-07,32206.1065,32527.7891,32168.2615,32291.2578,4514528
2023-08-08,32404.7921,32442.6371,31950.6519,32021.6113,4778109
2023-08-09,32073.6444,32447.3638,32068.9138,32371.6738,4899630
2023-08-10,32172.9968,32267.6094,32139.8824,32267.6094,5871749
2023-08-11,32333.8358,32518.3302,32144.6107,32163.5332,4256388
2023-08-14,32064.1880,32168.2617,31775.6197,31874.9629,2612622
2023-08-16,31633.6993,31643.1605,31354.5923,31397.1680,4192173
2023-08-17,31203.2115,31302.5547,30895.7208,31302.5547,6816054
2023-08-18,30938.2981,31307.2869,30895.7224,31136.9844,6251548
2023-08-21,31207.9430,31387.7068,31127.5223,31160.6367,3525107
2023-08-22,31349.8635,31496.5130,31160.6385,31283.6348,6094050
2023-08-23,31132.2511,31302.5536,31084.9448,31217.4023,4340162
2023-08-24,31548.5496,31662.0846,31505.9739,31643.1621,4040484
2023-08-25,31203.2117,31420.8205,31184.2892,31297.8242,4595875
2023-08-28,31496.5132,31543.8195,31373.5169,31510.7051,4015465
2023-08-29,31666.8128,31709.3885,31553.2778,31657.3516,4018417
2023-08-30,31969.5737,32002.6880,31751.9648,31751.9648,3237969
2023-08-31,31818.1931,31860.7688,31628.9681,31766.1562,3830111
2023-09-01,31681.0080,32139.8789,31671.5468,32083.1113,7052806
2023-09-04,32177.7171,32286.5215,32026.3371,32286.5215,3263322
2023-09-05,32206.1117,32352.7611,32177.7279,32253.4180,3559458
2023-09-06,32191.9157,32286.5282,31993.2294,32026.3438,3958831
2023-09-07,31936.4594,32031.0719,31789.8100,31865.5000,3837258
2023-09-08,31908.0799,31922.2718,31676.2792,31912.8105,4100271
2023-09-11,31927.0053,32021.6178,31813.4702,32002.6953,4173679
2023-09-12,32111.4994,32139.8832,31818.2005,31837.1230,4650274
2023-09-13,31837.1184,32012.1515,31761.4283,31860.7715,4489610
2023-09-14,31950.6559,32310.1836,31936.4640,32310.1836,3539713
2023-09-15,32348.0282,32854.2053,32329.1057,32731.2090,10140950
2023-09-18,32475.7507,32631.8613,32333.8319,32338.5625,4430765
2023-09-19,32404.7897,32404.7897,32045.2621,32092.5684,5277235
2023-09-20,32073.6441,32191.9097,32002.6847,32087.8359,4933163
2023-09-21,31898.6140,31960.1122,31520.1639,31524.8945,8451806
2023-09-22,31226.8630,31496.5087,31155.9036,31411.3574,7803331
2023-09-25,31321.4785,31501.2423,31274.1722,31439.7441,5527636
2023-09-26,31439.7442,31449.2055,30995.0653,31028.1797,8274671
2023-09-27,30862.6072,31103.8691,30838.9541,31103.8691,11126320
2023-10-04,30730.1498,30730.1498,30266.5484,30280.7402,12823220
2023-10-05,30498.3507,30522.0038,30276.0112,30290.2031,8742454
2023-10-06,30332.7769,30488.8875,30280.7400,30346.9688,5530666
2023-10-10,30659.1916,30905.1842,30399.0072,30417.9297,5059978
2023-10-11,30838.9540,31151.1754,30834.2234,30928.8359,6209888
2023-10-12,31094.4099,31293.0962,31094.4099,31278.9043,6337428
2023-10-13,30990.3355,31108.6011,30924.1067,31004.5273,3346991
2023-10-16,30853.1454,30990.3336,30578.7691,30767.9941,4402616
2023-10-17,30985.6060,31217.4067,30919.3772,31146.4473,4094158
2023-10-18,31066.0261,31307.2881,31056.5648,31278.9043,5119785
2023-10-19,30876.7975,30914.6425,30663.9193,30682.8418,5179844
2023-10-20,30441.5836,30465.2367,30100.9785,30219.2441,5747441
2023-10-23,30186.1293,30261.8193,30006.3654,30058.4023,3815317
2023-10-24,30200.3212,30309.1256,29684.6829,30290.2031,5387775
2023-10-25,30375.3541,30389.5460,30115.1696,30124.6309,3758074
2023-10-26,29665.7604,29727.2586,29325.1553,29353.5391,4681591
2023-10-27,29485.9937,29547.4918,29273.1155,29381.9199,4329063
2023-10-30,29244.2898,29538.5361,29234.7979,29462.6016,3535956
2023-10-31,29619.2162,29680.9130,29068.6907,29101.9121,5657280
2023-11-01,29287.0046,29567.0132,29272.7669,29505.3164,4694504
2023-11-02,29994.1426,30136.5198,29918.2080,29994.1426,6131947
2023-11-03,30278.9011,30359.5816,30150.7616,30297.8848,4490811
2023-11-06,30796.2038,31716.9102,30691.7938,31716.9102,10194150
2023-11-07,31470.1200,31527.0709,30838.9142,31142.6523,8868833
2023-11-08,31370.4564,31427.4073,30772.4719,30853.1523,4718349
2023-11-09,30853.1561,31114.1811,30796.2052,31000.2793,4401718
2023-11-10,30691.7923,30843.6614,30577.8905,30824.6777,5273275
2023-11-13,31128.4150,31147.3986,30701.2832,30800.9473,6351729
2023-11-14,31061.9729,31209.0961,31033.4975,31118.9238,4710485
2023-11-15,31769.1142,31816.5733,31531.8188,31792.8438,9679173
2023-11-16,31769.1133,31868.7774,31621.9901,31769.1133,5466819
2023-11-17,31745.3813,31759.6191,31522.3236,31607.7500,6010766
2023-11-20,31560.2910,31968.4391,31531.8155,31859.2832,7426441
2023-11-21,32015.8924,32153.5237,31958.9415,32011.1465,7262668
2023-11-22,31788.0949,32129.8003,31731.1440,32068.1035,5610303
2023-11-23,32082.3453,32172.5176,31939.9681,32072.8535,4815864
2023-11-24,32072.8555,32134.5523,31811.8304,31821.3223,4913581
2023-11-27,31830.8067,31982.6758,31674.1918,31783.3477,4318291
2023-11-28,31892.5119,32148.7910,31864.0364,32148.7910,4270900
2023-11-29,32096.5820,32096.5820,31826.0651,32044.3770,3312281
2023-11-30,31973.1897,32229.4688,31887.7633,32229.4688,6834917
2023-12-01,32063.3653,32063.3653,31845.0535,31864.0371,4988163
2023-12-04,32091.8314,32167.7659,31968.4378,32025.3887,6735167
2023-12-05,31878.2674,31901.9970,31674.1934,31674.1934,4349890
2023-12-06,31826.0665,31963.6979,31778.6074,31778.6074,7820757
2023-12-07,31678.9405,31802.3341,31560.2928,31655.2109,9681266
2023-12-08,31920.9841,32134.5500,31906.7464,32115.5664,8598566
2023-12-11,32182.0095,32224.7227,31977.9354,32224.7227,7031812
2023-12-12,32305.4063,32457.2754,32295.9145,32357.6113,11151250
2023-12-13,32343.3692,32343.3692,32030.1392,32044.3770,3987975
2023-12-14,32481.0021,32628.1252,32324.3871,32433.5430,8792731
2023-12-15,32537.9504,32917.6231,32537.9504,32618.6309,6261323
2023-12-18,32704.0574,32761.0083,32537.9506,32723.0410,4133230
2023-12-19,32637.6158,32770.5012,32537.9517,32751.5176,5012552
2023-12-20,32998.3079,33382.7266,32984.0702,33382.7266,9403237
2023-12-21,33135.9464,33278.3237,33007.8068,33164.4219,6310580
2023-12-22,33472.8983,33539.3410,33268.8242,33268.8242,3155432
2023-12-26,33434.9325,33458.6620,33245.0961,33406.4570,2667076
2023-12-27,33468.1526,33776.6367,33377.9803,33776.6367,10959810
2023-12-28,33790.8688,34331.9023,33733.9179,34331.9023,10582820
2024-01-02,34156.3079,34673.6120,34099.3570,34540.7266,7419568
2024-01-03,34146.8179,34146.8179,33582.0547,33582.0547,8099979
2024-01-04,33325.7759,33553.5795,33197.6363,33287.8086,8879926
2024-01-05,33273.5711,33382.7270,33135.9397,33192.8906,6663218
2024-01-08,33368.4811,33453.9074,33045.7593,33083.7266,5362721
2024-01-09,33515.5993,33567.8043,32870.1559,32960.3281,7512393
2024-01-10,32960.3395,33026.7822,32575.9208,32599.6504,4007127
2024-01-11,32661.3453,32851.1817,32547.4435,32651.8535,5403988
2024-01-12,32537.9473,32656.5950,32276.9223,32338.6191,8090307
2024-01-15,32428.7948,32618.6312,32352.8603,32476.2539,6318099
2024-01-16,32281.6718,32419.3032,31992.1714,32030.1387,5992875
2024-01-17,32163.0249,32191.5003,31232.8267,31247.0645,13766680
2024-01-19,31721.6598,31920.9880,31683.6925,31864.0371,8205234
2024-01-22,32200.9881,32219.9718,31897.2500,31897.2500,6761069
2024-01-23,32044.3718,32125.0523,31854.5355,32063.3555,4506031
2024-01-24,32087.0959,32087.0959,31674.2017,31939.9727,5453870
2024-01-25,31958.9519,32025.3946,31778.6074,31977.9355,7350090
2024-01-26,31826.0667,32357.6085,31716.9108,32034.8867,4530850
2024-01-29,32144.0457,32623.3825,32063.3652,32414.5625,4271662
2024-01-30,32581.1292,32709.6262,32281.3028,32357.4492,7939707
2024-01-31,32114.7318,32286.0612,32109.9727,32200.3965,8485416
2024-02-01,32162.3208,32804.8057,32148.0433,32752.4551,7021653
2024-02-02,33018.9697,33861.3389,32995.1740,33808.9883,11476190
2024-02-05,33718.5740,33718.5740,32980.9058,33399.7109,11378060
2024-02-06,33261.6887,33551.9968,33076.0819,33271.2070,9454374
2024-02-07,33437.7739,34008.8717,33428.2556,33742.3594,7548365
2024-02-08,33880.3718,34032.6645,33723.3199,33780.4297,6259742
2024-02-13,34184.9661,34389.6095,34123.0971,34194.4844,6108254
2024-02-14,33666.2092,33856.5751,33551.9897,33728.0781,7163970
2024-02-15,34080.2606,34099.2972,33656.6964,33680.4922,6137814
2024-02-16,33951.7665,34051.7086,33770.9188,34018.3945,7035777
2024-02-19,34118.3355,34622.8052,34113.5763,34551.4180,6673013
2024-02-20,34456.2274,34475.2640,33951.7578,34146.8828,6441149
2024-02-21,34127.8559,34370.5725,33956.5265,34070.7461,6976327
2024-02-22,34389.6065,34422.9205,34118.3350,34246.8320,6463600
2024-02-23,34551.4155,34751.2997,34303.9398,34351.5312,6739000
2024-02-26,34146.8911,34227.7967,33799.4733,34075.5039,5130714
2024-02-27,34089.7769,34170.6824,33747.1182,33785.1914,5199598
2024-02-28,33870.8609,34303.9435,33785.1963,34199.2422,5641427
2024-02-29,34075.4985,34218.2729,33894.6508,34108.8125,6145314
2024-03-04,34465.7439,34779.8476,34408.6341,34599.0000,6037381
2024-03-05,34489.5467,34784.6139,34322.9766,34322.9766,5784831
2024-03-06,34151.6507,34280.1477,34042.1903,34199.2422,5517887
2024-03-07,34332.4956,34456.2334,34061.2241,34223.0352,4849264
2024-03-08,34632.3184,34851.2392,34589.4860,34722.7422,7394314
2024-03-11,34522.8613,34656.1175,34389.6052,34432.4375,6073156
2024-03-12,34541.9010,34803.6542,34370.5717,34727.5078,8134832
2024-03-13,34860.7615,35032.0909,34732.2645,34889.3164,8736002
2024-03-14,34927.3874,35236.7320,34927.3874,35203.4180,9555540
2024-03-15,34917.8633,34998.7688,34541.8906,34541.8906,6009649
2024-03-18,34651.3638,34770.3425,34465.7570,34760.8242,5967833
2024-03-19,34489.5400,34489.5400,34156.3997,34346.7656,7383566
2024-03-20,34608.5249,34970.2202,34608.5249,34951.1836,4822500
2024-03-21,35517.5259,35964.8859,35498.4893,35898.2578,9692134
2024-03-22,35893.5007,36083.8667,35646.0250,35793.5586,6003798
2024-03-25,35936.3262,36069.5824,35574.6310,35650.7773,4720635
2024-03-26,35950.6025,36369.4075,35922.0476,36002.9531,6553288
2024-03-27,35817.3488,36121.9343,35784.0348,36021.9922,5449895
2024-03-28,36007.7123,36188.5599,35912.5293,36002.9531,4745970
2024-03-29,36160.0107,36264.7120,35945.8490,36121.9375,5014519
2024-04-01,36459.8342,36497.9074,36140.9713,36145.7305,3538372
2024-04-02,36121.9379,36412.2460,36036.2732,36245.6758,6365867
2024-04-03,36026.7523,36045.7889,35684.0936,35698.3711,7079000
2024-04-04,36098.1373,36250.4300,36031.5092,36207.5977,5544692
2024-04-05,35860.1825,36079.1033,35698.3714,35836.3867,6309280
2024-04-08,35912.5294,36069.5813,35812.5873,35988.6758,5115111
2024-04-09,36169.5197,36250.4252,35712.6416,35764.9922,5176282
2024-04-11,35198.6576,35907.7706,35136.7887,35750.7188,8686248
2024-04-12,35755.4817,35803.0732,35369.9906,35403.3047,7688584
2024-04-15,35160.5814,35260.5235,34813.1637,35246.2461,8579198
2024-04-16,34803.6511,34903.5932,34261.1082,34432.4375,10000030
2024-04-17,34503.8208,34603.7629,34056.4609,34056.4609,7809241
2024-04-18,34146.8858,34717.9835,34094.5352,34651.3555,6719354
2024-04-19,34118.3342,34223.0354,33480.6083,33999.3555,17572130
2024-04-22,34289.6564,34541.8912,34151.6411,34456.2266,8495605
2024-04-23,34532.3758,34613.2813,34337.2507,34418.1562,5182915
2024-04-24,34884.5587,35160.5893,34884.5587,35051.1289,6215061
2024-04-25,34622.7994,34751.2964,34446.7109,34446.7109,2622964
2024-04-26,34808.4125,34951.1870,34608.5283,34841.7266,4275438
2024-04-29,35130.7507,35212.6406,34981.4222,35183.7383,3692589
2024-04-30,35203.0093,35516.1176,35121.1194,35308.9844,5097163
2024-05-02,35024.7724,35275.2590,35005.5042,35178.9180,3981801
2024-05-03,35549.8347,35569.1029,35135.5684,35150.0195,6246363
2024-05-07,35718.4320,36002.6380,35718.4320,35964.1016,4327481
2024-05-08,35944.8283,36123.0592,35896.6578,36089.3398,5577808
2024-05-09,36108.6035,36142.3228,35626.8985,35684.7031,4485528
2024-05-10,35993.0050,36118.2484,35790.6889,35867.7617,5938367
2024-05-13,35968.9132,36055.6201,35641.3538,35800.3164,5686980
2024-05-14,35896.6595,35925.5618,35756.9650,35872.5742,6314959
2024-05-16,36484.3368,36561.4096,36185.6797,36214.5820,6494830
2024-05-17,36142.3243,36171.2266,35785.8626,35790.6797,4716522
2024-05-20,36108.6080,36315.7412,35988.1818,36089.3398,4447271
2024-05-21,35968.9114,36050.8012,35853.3022,35901.4727,5812774
2024-05-22,35838.8510,36007.4478,35597.9985,35901.4727,6379874
2024-05-23,35853.3022,36070.0694,35626.9008,35901.4727,5226850
2024-05-24,35371.5976,35477.5727,35246.3543,35342.6953,5643266
2024-05-27,35439.0409,35911.1119,35361.9681,35834.0391,6649585
2024-05-28,35723.2457,35940.0129,35670.2581,35872.5742,4056913
2024-05-29,35742.5138,35829.2207,35275.2599,35347.5156,8392854
2024-05-30,35048.8503,35053.6674,34677.9375,34706.8398,6689431
2024-05-31,34995.8766,35077.7664,34692.4023,34692.4023,5019907
2024-06-03,34938.0702,35458.3117,34923.6190,35318.6172,4712955
2024-06-04,35097.0208,35241.5322,34986.2286,35058.4844,5221701
2024-06-05,35352.3360,35511.2987,35097.0323,35410.1406,5142891
2024-06-07,35747.3264,36026.7153,35646.1683,35877.3867,5570430
2024-06-10,35458.3100,35771.4183,35342.7008,35564.2852,3841367
2024-06-11,35636.5364,35675.0728,35414.9521,35598.0000,2917811
2024-06-12,35525.7415,35911.1055,35525.7415,35911.1055,2806005
2024-06-13,36354.2725,36590.3079,36156.7734,36156.7734,5844059
2024-06-14,36176.0529,36412.0884,36118.2483,36277.2109,6306218
2024-06-17,36098.9791,36257.9418,35997.8211,36079.7109,7201864
2024-06-18,36330.1935,36522.8756,36233.8525,36460.2539,4844002
2024-06-19,36797.4489,37023.8502,36763.7295,37004.5820,6540410
2024-06-20,36970.8629,37235.8007,36922.6924,37149.0938,4450633
2024-06-21,36860.0703,36932.3260,36633.6689,36831.1680,5744918
2024-06-24,36561.4154,36662.5734,36397.6356,36551.7812,4284623
2024-06-25,36561.4168,36744.4647,36518.0633,36657.7578,4339239
2024-06-26,36484.3386,36961.2266,36421.7169,36961.2266,6350700
2024-06-27,36580.6853,36941.9642,36498.7955,36917.8789,5404909
2024-06-28,37052.7508,37134.6406,36898.6052,37134.6406,5339707
2024-07-01,36985.3102,37230.9798,36951.5909,37206.8945,3782571
2024-07-02,37009.3957,37158.7243,36831.1649,36941.9570,5676869
2024-07-03,37096.1055,37110.5566,36782.9972,37096.1055,4825685
2024-07-04,37394.7665,37592.2656,37385.1324,37592.2656,5995175
2024-07-05,37789.7579,38425.6085,37780.1238,38285.9141,6869265
2024-07-08,38242.5696,38367.8129,38151.0456,38160.6797,4212277
2024-07-09,38401.5259,38411.1600,38069.1494,38295.5508,4884271
2024-07-10,38146.2203,38338.9023,38136.5862,38281.0977,3486449
2024-07-11,38589.3925,38719.4528,38401.5275,38517.1367,7478311
2024-07-12,38213.6592,38281.0979,37823.4781,37987.2578,5269595
2024-07-15,38199.2071,38232.9264,37881.2818,38228.1094,4369898
2024-07-16,38102.8706,38372.6255,38059.5172,38252.1992,7029476
2024-07-17,38257.0119,38276.2801,37910.1843,37934.2695,4714961
2024-07-18,37447.7496,37654.8828,37288.7870,37654.8828,5775029
2024-07-19,37240.6171,37303.2388,36946.7771,37211.7148,5641558
2024-07-22,37177.9904,37221.3438,36643.2978,36840.7969,5494148
2024-07-23,37115.3702,37264.6987,36864.8836,36946.7734,4976800
2024-07-24,36633.6707,36994.9495,36556.5979,36730.0117,5948102
2024-07-25,36200.1320,36248.3025,35920.7430,36060.4375,6100001
2024-07-26,36132.6909,36363.9093,36055.6181,36253.1172,2981453
2024-07-29,36484.3401,36826.3507,36378.3650,36686.6562,2556935
2024-07-30,36265.9115,36420.6667,36207.8783,36343.2891,5637616
2024-07-31,36343.2907,36875.2617,36270.7492,36875.2617,3964583
2024-08-01,37175.1068,37204.1234,36875.2686,36904.2852,5783088
2024-08-02,36019.2780,36091.8196,35264.8463,35419.6016,8886834
2024-08-05,34491.0664,34491.0664,31381.4540,32169.7383,26274100
2024-08-06,33451.3022,34046.1425,32721.0511,33059.5781,23712220
2024-08-07,32924.1655,34171.8792,32788.7547,33814.0078,11282630
2024-08-08,33228.8442,33789.8319,33040.2363,33562.5352,9767765
2024-08-09,34200.8966,34229.9132,33843.0253,34021.9609,8290829
2024-08-12,34268.6045,34544.2622,34196.0630,34413.6875,5631349
2024-08-13,34544.2583,34713.5218,34360.4865,34529.7500,4852824
2024-08-14,34960.1716,35052.0575,34752.2192,34853.7773,6244494
2024-08-16,35627.5490,35767.7959,35487.3021,35680.7461,8459225
2024-08-19,35787.1391,35811.3196,35221.3154,35366.3984,6736568
2024-08-20,35748.4463,35888.6932,35588.8550,35719.4297,5472924
2024-08-21,35492.1307,35748.4440,35487.2946,35671.0664,6776592
2024-08-22,35782.3027,35830.6637,35530.8255,35724.2695,5570074
2024-08-23,35506.6497,35830.6685,35492.1414,35700.0938,5766510
2024-08-26,35811.3187,35854.8436,35395.4141,35511.4805,4216064
2024-08-28,35308.3721,35395.4219,35081.0753,35395.4219,6708121
2024-08-29,34839.2666,35047.2189,34732.8724,34926.3164,6493190
2024-08-30,35119.7620,35216.4841,34974.6790,35110.0898,4963885
2024-09-02,35110.0911,35148.7800,34689.3504,35071.4023,6423898
2024-09-03,35071.4006,35226.1558,34771.5623,34776.3984,5515228
2024-09-04,33722.1263,33997.7840,33509.3379,33567.3711,7172762
2024-09-05,33731.7964,34031.6346,33330.4001,33514.1719,5346956
2024-09-06,33538.3586,33562.5391,32977.3709,33214.3398,5168464
2024-09-09,32537.2816,33117.6136,32401.8708,32991.8750,5952857
2024-09-10,33011.2202,33093.4339,32740.3986,32851.6289,5218848
2024-09-11,32779.0940,32803.2745,32261.6311,32542.1250,5017069
2024-09-12,32987.0329,33286.8711,32928.9997,33286.8711,4568052
2024-09-13,33306.2170,33509.3331,33112.7730,33359.4141,4802842
2024-09-19,33557.6961,33586.7127,32851.6255,33301.3828,6043733
2024-09-20,33664.0915,33852.6993,33383.5977,33383.5977,6874828
2024-09-23,33475.4880,33557.7017,33349.7493,33485.1602,4645629
2024-09-24,33664.0941,33886.5547,33393.2725,33886.5547,6212802
2024-09-25,34200.9024,34370.1659,33388.4375,33388.4375,7750557
2024-09-26,33973.6030,34510.4102,33959.0947,34510.4102,6994284
2024-09-27,34592.6207,34844.0979,34370.1602,34370.1602,6771255
2024-09-30,34587.7877,34655.4931,33581.8789,33581.8789,7175102
2024-10-02,33040.2320,33533.5141,32977.3627,33228.8398,6121360
2024-10-04,33146.6344,33504.5059,33020.8958,33214.3398,6396033
2024-10-07,33296.5514,33828.5225,33054.7464,33741.4727,5638671
2024-10-08,33470.6519,33586.7183,33311.0605,33485.1602,4408500
2024-10-10,33755.9797,33804.3407,33499.6663,33548.0273,6478450
2024-10-11,33751.1460,33905.9012,33533.5215,33591.5547,5585424
2024-10-14,33659.2507,34109.0079,33659.2507,33988.1055,5728670
2024-10-15,34162.2166,34186.3971,33891.3950,34109.0195,5409366
2024-10-16,33639.9087,33934.9108,33552.8589,33799.5000,6674005
2024-10-17,33901.0594,33939.7482,33702.7793,33876.8789,5635313
2024-10-18,33939.7549,33992.9520,33523.8502,33678.6055,6168840
2024-10-21,33697.9427,33934.9116,33572.2041,33775.3203,4704271
2024-10-22,33639.9144,33673.7671,33185.3210,33282.0430,7816564
2024-10-23,33315.8929,33838.1917,33190.1543,33712.4531,6679313
2024-10-24,33514.1707,33639.9093,33364.2516,33431.9570,7024836
2024-10-25,33475.4850,33755.9788,33330.4020,33456.1406,5844114
2024-10-28,33499.6631,33818.8457,33470.6465,33760.8125,3512787
2024-10-29,33707.6164,33847.8633,33519.0085,33847.8633,4158363
2024-10-31,33207.3041,33367.4445,33003.4890,33081.1328,7856335
2024-11-01,32823.9316,33052.0104,32726.8768,32848.1953,4997821
2024-11-04,32930.6994,33415.9735,32838.4973,33396.5625,6150133
2024-11-06,33343.1768,33454.7898,32853.0501,33129.6562,8834595
2024-11-07,32984.0776,33348.0331,32809.3789,33115.1016,6664655
2024-11-08,33425.6786,33542.1444,32979.2264,33076.2812,7350207
2024-11-11,32867.6082,32872.4609,32435.7143,32542.4746,7768380
2024-11-12,32382.3370,32474.5390,31824.2718,31863.0938,9429911
2024-11-13,31605.8972,31790.3013,30999.3046,31047.8320,10612090
2024-11-14,31091.5092,31300.1771,30873.1359,30916.8105,10261930
2024-11-15,30931.3673,31329.2920,30746.9632,31140.0352,8507787
2024-11-18,31484.5800,32120.2890,31465.1690,31863.0938,5891926
2024-11-19,31809.7158,32047.5001,31804.8631,31974.7090,7100086
2024-11-20,31921.3272,32110.5841,31843.6833,32037.7930,4688772
2024-11-21,31867.9493,32251.3159,31853.3911,32076.6172,7895737
2024-11-22,32227.0490,32513.3607,32168.8162,32362.9258,5007775
2024-11-25,32654.0843,32872.4576,32532.7658,32741.4336,6798558
2024-11-26,32532.7729,32668.6496,32479.3928,32639.5332,5023904
2024-11-27,32537.6264,32668.6504,32299.8421,32387.1914,5547080
2024-11-28,32294.9875,32440.5697,32222.1964,32290.1348,3664913
2024-11-29,32173.6670,32173.6670,31460.3142,31678.6875,9016177
2024-12-02,31989.2644,32037.7918,31615.6034,31736.9219,7351735
2024-12-03,31897.0625,32280.4290,31897.0625,32202.7852,5701518
2024-12-04,31635.0131,31998.9686,31518.5474,31766.0371,11354760
2024-12-05,31790.3023,31833.9769,31421.4940,31542.8125,8795714
2024-12-06,31625.3089,31766.0384,30902.2506,31382.6719,12257740
2024-12-09,30941.0707,31072.0947,30572.2625,30601.3789,10662480
2024-12-10,30902.2485,31295.3204,30887.6902,31222.5293,5652081
2024-12-11,31081.8029,31567.0770,31067.2447,31547.6660,4672310
2024-12-12,31746.6301,32096.0275,31630.1644,31998.9727,6775672
2024-12-13,31921.3286,32275.5787,31843.6848,32144.5547,7191550
2024-12-16,32362.9270,32455.1291,31965.0023,32028.0879,4979861
2024-12-17,31984.4109,32003.8219,31610.7499,31659.2773,5459570
2024-12-18,31736.9241,32202.7872,31736.9241,32105.7324,4437805
2024-12-19,31305.0273,31537.9588,31227.3834,31377.8184,5702060
2024-12-20,31246.7945,31246.7945,30693.5821,30926.5137,9703770
2024-12-23,31193.4134,31552.5161,31081.8004,31445.7559,6926535
2024-12-24,31586.4873,31620.4564,31338.9975,31470.0215,5201448
2024-12-26,31581.6344,31581.6344,31261.3535,31285.6172,3206208
2024-12-27,31232.2368,31368.1135,30936.2196,31198.2676,4849717
2024-12-30,31086.6570,31494.2872,31004.1604,31115.7734,4162622
2025-01-02,30989.5991,31149.7396,30805.1950,31047.8320,5735290
2025-01-03,31038.1281,31887.3577,31028.4226,31668.9844,8939357
2025-01-06,31766.0403,32426.0130,31717.5129,32348.3691,7620755
2025-01-07,32654.0894,32862.7573,32348.3668,32358.0723,7687264
2025-01-08,32086.3234,32843.3510,32086.3234,32668.6523,8151095
2025-01-09,32654.0941,32979.2277,32615.2722,32692.9160,8978910
2025-01-10,32673.5012,32872.4636,32493.9498,32644.3848,10497610
2025-01-13,32464.8308,32561.8856,32129.9917,32212.4883,8008114
2025-01-14,32401.7481,32426.0118,32100.8782,32353.2207,5880779
2025-01-15,32479.3940,32722.0310,32236.7569,32304.6953,7096912
2025-01-16,32746.2941,32891.8763,32654.0920,32765.7051,6733592
2025-01-17,32634.6780,32789.9657,32523.0650,32697.7637,5405536
2025-01-20,32857.9053,32872.4636,32571.5937,32644.3848,5681869
2025-01-21,32843.3420,33095.6844,32489.0920,32673.4961,7125158
2025-01-22,32906.4346,33149.0716,32741.4414,33047.1641,5013881
2025-01-23,33003.4914,33013.1969,32644.3886,32692.9160,3950876
2025-01-24,32853.5758,33028.8468,32722.1225,32887.6562,7810490
2025-01-31,32527.3771,32615.0126,32283.9451,32566.3262,7775839
2025-02-03,31870.1108,31870.1108,31431.9333,31675.3652,15606930
2025-02-04,32064.8599,32522.5120,31938.2752,32069.7285,12055350
2025-02-05,32415.4019,32605.2789,32337.5037,32449.4824,6499482
2025-02-06,32658.8362,32785.4209,32517.6457,32775.6836,5068191
2025-02-07,32795.1537,32824.3655,32527.3785,32561.4590,7857348
2025-02-10,32391.0578,32707.5193,32244.9986,32629.6211,6491519
2025-02-11,32800.0207,33043.4527,32697.7793,32887.6562,7792158
2025-02-12,32834.0999,32970.4218,32653.9602,32931.4727,7996959
2025-02-13,33043.4519,33296.6211,33014.2400,33296.6211,6598772
2025-02-14,33350.1814,33617.9566,33311.2323,33462.1602,7663353
2025-02-17,33574.1366,33749.4076,33505.9756,33705.5898,5249340
2025-02-18,33739.6744,34012.3182,33652.0389,33953.8945,4974895
2025-02-19,34080.4761,34791.2975,34080.4761,34645.2383,6247515
2025-02-20,34552.7343,34596.5521,34294.6964,34343.3828,8145518
2025-02-21,34421.2772,34421.2772,34148.6335,34382.3281,6400775
2025-02-24,34090.2189,34172.9858,33944.1597,34168.1172,6901016
2025-02-25,33749.4054,34104.8161,33720.1936,33987.9688,5857816
2025-02-26,33953.8883,34270.3498,33812.6977,34158.3711,5199986
2025-02-27,34187.5924,34207.0669,33846.7875,34022.0586,6840998
2025-02-28,33476.7601,33510.8406,32770.8075,32892.5234,19442420
2025-03-04,32726.9948,33028.8505,32561.4611,32809.7617,7227954
2025-03-05,33048.3252,33243.0708,32780.5500,33058.0625,8433469
2025-03-06,33213.8593,33486.5032,33155.4357,33384.2617,7170876
2025-03-07,33077.5370,33374.5240,32897.3974,33228.4648,4542551
2025-03-10,33033.7156,33403.7322,32994.7665,33306.3594,4776508
2025-03-11,32517.6384,33023.9768,32420.2656,32931.4727,7793370
2025-03-12,33077.5328,33535.1848,32916.8677,33452.4180,7072173
2025-03-13,33652.0411,33827.3121,33262.5499,33291.7617,8755466
2025-03-14,33330.7064,33574.1384,33272.2828,33476.7656,6932300
2025-03-17,33729.9356,34187.5877,33729.9356,34129.1641,5497062
2025-03-18,34518.6540,34645.2386,34143.7687,34211.9297,6196410
2025-03-19,34231.3992,34710.4733,34231.3992,34504.0430,4697251
2025-03-20,34757.2167,34874.0641,34567.3398,34737.7422,5627694
2025-03-21,34664.7101,34956.8285,34591.6805,34903.2734,6252137
2025-03-24,34766.9566,34990.9140,34659.8465,34781.5625,6277697
2025-03-25,34986.0425,34995.7798,34542.9963,34620.8945,6571405
2025-03-26,34766.9564,35024.9943,34645.2404,34913.0156,5126765
2025-03-27,34552.7313,34801.0319,34455.3585,34484.5703,7191086
2025-03-28,34343.3773,34343.3773,33759.1406,33929.5430,9416839
2025-03-31,33320.9742,33320.9742,32877.9280,32975.3008,10984450
2025-04-01,33223.5934,33574.1354,33048.3224,33447.5508,9143106
2025-04-02,33491.3671,33535.1848,33145.6937,33282.0156,6797136
2025-04-03,32279.0821,32897.3993,32230.3957,32868.1875,11098090
2025-04-04,32444.6093,33121.3501,32142.7536,32576.0625,20483990
2025-04-07,31120.3437,31207.9792,30575.0560,30721.1152,25201100
2025-04-08,31305.3504,31354.0368,30575.0546,30706.5078,19784950
2025-04-09,30643.2156,30735.7197,30029.7670,30195.3008,17841140
2025-04-10,31879.8462,32055.1172,31519.5669,32055.1172,11829120
2025-04-11,31524.4392,31957.7480,31412.4605,31957.7480,12284500
2025-04-14,32133.0186,32356.9760,32059.9890,32162.2305,5510556
2025-04-15,32206.0457,32566.3250,32206.0457,32478.6895,8739314
2025-04-16,32342.3721,32400.7957,31957.7496,31972.3555,7035487
2025-04-17,32059.9904,32347.2401,31991.8294,32288.8164,6814121
2025-04-18,32342.3706,32507.9043,32240.1291,32507.9043,5906332
2025-04-21,32512.7735,32702.6505,32420.2694,32551.7227,4921214
2025-04-22,32391.0563,32610.1451,32381.3190,32444.6113,5665232
2025-04-23,32985.0338,33072.6693,32819.5001,33028.8516,6686259
2025-04-24,33033.7181,33077.5358,32761.0743,32970.4258,6733860
2025-04-25,33330.7074,33432.9488,33165.1736,33277.1523,5791540
2025-04-28,33335.5727,33452.4200,33243.0685,33301.4922,2920421
2025-04-29,33399.1190,33709.7397,33285.7178,33532.2422,7061405
2025-04-30,33497.7283,33660.4343,33320.2307,33463.2148,6329504
2025-05-02,33438.5615,33640.7115,33221.6201,33492.7969,5644954
2025-05-07,33852.7190,33921.7458,33566.7508,33778.7617,6838613
2025-05-08,33832.9986,33990.7741,33778.7632,33793.5547,6263717
2025-05-09,33857.6518,33936.5396,33685.0848,33788.6250,6422377
2025-05-12,34020.3585,34266.8828,33951.3317,34266.8828,6345461
2025-05-13,34414.7963,34557.7805,34266.8817,34345.7695,8491033
2025-05-14,34656.3901,34962.0803,34577.5023,34804.3047,9598145
2025-05-15,34710.6240,34883.1910,34503.5436,34547.9180,6696380
2025-05-16,34676.1094,34784.5801,34582.4301,34676.1094,6437268
2025-05-19,34508.4774,34542.9908,34163.3433,34286.6055,7732398
2025-05-20,34552.8523,34636.6706,34316.1889,34355.6328,6059352
2025-05-21,34518.3350,34761.9010,34508.4740,34572.5703,6282240
2025-05-22,34380.2829,34414.7963,34045.0099,34128.8281,4417566
2025-05-23,34222.5065,34301.3943,34128.8272,34158.4102,5583567
2025-05-26,34242.2304,34735.2790,34217.5779,34700.7656,5660635
2025-05-27,34607.0883,34838.8212,34572.5749,34809.2383,6195383
2025-05-28,34922.6370,35607.9746,34868.4016,35282.5625,11074770
2025-05-29,35681.9317,36007.3438,35538.9476,35982.6914,13905920
2025-05-30,35849.5656,35953.1058,35578.3889,35637.5547,7705176
2025-06-02,35538.9435,35972.8262,35450.1947,35622.7617,7397312
2025-06-04,36105.9551,36653.2392,36101.0246,36623.6562,10197240
2025-06-05,36909.6222,37649.1951,36880.0392,37264.6172,12933070
2025-06-09,37846.4154,38157.0361,37757.6666,37910.5117,12580880
2025-06-10,38166.8962,38349.3242,37802.0402,38132.3828,9797525
2025-06-11,38324.6733,38645.1549,38255.6465,38581.0586,6636335
2025-06-12,38605.7077,38921.2588,38576.1247,38650.0820,10534350
2025-06-13,38797.9986,38837.4425,38122.5219,38324.6719,8973193
2025-06-16,38457.7948,39064.2447,38206.3400,39024.8008,10145210
2025-06-17,39167.7837,39853.1213,38871.9546,39128.3398,13232190
2025-06-18,38857.1681,39616.4631,38832.5157,39458.6875,12608820
2025-06-19,39715.0702,39833.4019,39202.2996,39522.7812,11440480
2025-06-20,39685.4838,40099.6446,39483.3338,40074.9922,11672070
2025-06-23,39700.2738,40094.7127,39330.4874,40035.5469,12359660
2025-06-24,40651.8584,41386.5009,40651.8584,41356.9180,13522360
2025-06-25,41637.9584,41790.8034,41125.1878,41485.1133,14993820
2025-06-26,41485.1115,41588.6517,40577.9020,41110.3945,13922730
2025-06-27,41115.3267,41366.7815,40720.8878,40858.9414,10455560
2025-06-30,41110.4007,41361.8556,40962.4861,41120.2617,9792586
2025-07-01,41307.6127,41963.3674,41238.5859,41238.5859,10688570
2025-07-02,41144.9088,41307.6149,40572.9724,41080.8125,12092460
2025-07-03,41366.7870,41721.7820,41223.8029,41716.8516,12124430
2025-07-04,41884.4856,41899.2771,40908.2492,40913.1797,13216540
2025-07-07,40706.0967,41135.0490,40533.5297,40977.2734,11472290
2025-07-08,41105.4642,41800.6627,41070.9508,41736.5664,12388990
2025-07-09,41751.3652,41948.5847,41549.2152,41859.8359,10021590
2025-07-10,41978.1618,42436.6970,41795.7338,42402.1836,12995120
2025-07-11,42486.0057,43038.2202,42357.8130,42426.8398,13469700
2025-07-14,42387.3906,42890.3002,42333.1553,42821.2734,9855981
2025-07-15,42707.8736,43107.2430,42545.1675,43102.3125,12530720
2025-07-16,43008.6363,43013.5668,42550.1010,42698.0156,10089300
2025-07-17,42840.9979,42880.4418,42214.8261,42781.8320,10528810
2025-07-18,42865.6497,43023.4252,42505.7242,42737.4570,9757191
2025-07-21,42712.8034,43151.6167,42707.8729,43082.5898,8552783
2025-07-22,43053.0091,43210.7846,42293.7141,42490.9336,12362870
2025-07-23,42786.7615,42880.4407,42106.3543,42643.7773,10985820
2025-07-24,42895.2355,43373.4927,42564.8928,42599.4062,13290710
2025-07-25,42505.7250,42885.3725,42481.0726,42707.8750,9565750
2025-07-28,43102.3092,43220.6409,42485.9984,42929.7422,7342844
2025-07-29,42752.2483,43284.7409,42367.6704,43220.6445,6718539
2025-07-30,43211.7321,43865.1802,43186.9803,43592.9102,9812193
2025-07-31,43934.4859,44087.9472,43300.8393,43488.9531,13790810
2025-08-01,42860.2557,42954.3126,41682.0690,41721.6719,17550630
2025-08-04,41711.7771,42325.6224,41523.6632,42201.8633,11482490
2025-08-05,42677.0982,43033.5245,42459.2821,42776.1055,11202260
2025-08-06,42479.0815,42771.1530,42394.9253,42751.3516,7972658
2025-08-07,43063.2218,43122.6261,42716.6962,43117.6758,9515224
2025-08-08,43157.2793,43285.9888,42880.0589,43013.7188,11031420
2025-08-11,43073.1247,43172.1320,42885.0109,43023.6211,7679003
2025-08-12,43068.1713,43583.0092,42845.4049,42885.0078,9060486
2025-08-13,43300.8419,43365.1967,42889.9616,43325.5938,10331610
2025-08-14,43434.4992,43558.2583,43122.6262,43285.9883,8615857
2025-08-18,43063.2247,43063.2247,42632.5430,42632.5430,7647067
2025-08-19,42746.3970,42800.8510,42216.7080,42330.5664,8157192
2025-08-20,41949.3882,42107.7998,41419.6992,42078.0977,12481030
2025-08-21,42177.1043,42523.6298,42107.7992,42182.0547,6174316
2025-08-22,42454.3293,42746.4008,42394.9249,42533.5352,9010296
2025-08-25,42904.8133,43053.3242,42706.7987,43053.3242,7659332
2025-08-26,42919.6607,42969.1643,42558.2841,42647.3906,9098615
2025-08-27,42691.9474,42736.5007,42394.9255,42716.6992,8221425
2025-08-28,42503.8339,43127.5799,42355.3229,42934.5156,7090464
2025-08-29,43063.2199,43152.3265,42731.5455,42771.1484,10134290
2025-09-01,42385.0221,42558.2849,41949.3900,42053.3477,6651031
2025-09-02,42152.3573,42560.2673,42152.3573,42498.8828,8514530
2025-09-03,42508.7773,42781.0473,42439.4722,42711.7422,7579492
2025-09-04,42691.9431,43043.4190,42686.9928,42870.1562,7637405
2025-09-05,43003.8190,43177.0817,42880.0598,43043.4219,8861335
2025-09-08,43142.4254,43236.4823,43008.7655,43211.7305,7216048
2025-09-09,43335.4977,43850.3357,43216.6889,43800.8320,11791440
2025-09-10,43959.2376,44795.8492,43959.2376,44721.5938,14970760
2025-09-11,44988.9122,45162.1750,44647.3371,45013.6641,10367430
2025-09-12,45528.5021,45988.8860,45414.6437,45924.5312,11640430
2025-09-15,46261.1633,46449.2772,45954.2407,46196.8086,11063350
2025-09-16,46290.8632,47023.5172,46241.3595,46949.2617,9849943
2025-09-17,46672.0414,46672.0414,46246.3100,46375.0195,11708390
2025-09-18,46701.7431,47221.5315,46498.7782,47186.8789,11716730
2025-09-19,47266.0819,47389.8410,46889.8542,47013.6133,10653730
2025-09-22,47290.8326,47741.3158,47271.0311,47473.9961,12238680
2025-09-23,47830.4240,47983.8853,47523.5013,47855.1758,10932890
2025-09-24,47904.6786,48043.2889,47271.0320,47706.6641,12615780
2025-09-25,47434.3945,47835.3740,47370.0397,47721.5156,11171540
2025-09-26,47226.4782,47251.2301,46216.6039,46577.9805,14027410
2025-09-29,46889.8525,47381.9187,46889.8525,47290.8320,8495289
2025-09-30,47271.0330,47424.4943,47077.9688,47162.1250,6890501
2025-10-01,47370.0429,47731.4195,47370.0429,47657.1641,6035418
2025-10-02,48815.5486,49572.9545,48642.2859,49077.9180,19649690
2025-10-10,49998.6861,50553.1269,49676.9123,50325.4102,15955270
2025-10-13,49285.8308,49865.0234,48904.6527,49865.0234,12559930
2025-10-14,50112.5414,50835.2946,48973.9575,49360.0859,18269210
2025-10-15,49602.6566,50770.9428,49558.1034,50731.3398,14711160
2025-10-16,50810.5421,52062.9844,50810.5421,52062.9844,17545460
2025-10-17,51840.2226,52919.4022,51731.3146,52211.5000,15731150
2025-10-20,52661.9808,53186.7194,51845.1706,53166.9180,13813030
2025-10-21,53647.1004,54404.5062,53132.2625,53280.7734,16921630
2025-10-22,53112.4657,53889.6730,52607.5285,53884.7227,15606950
2025-10-23,53087.7129,54206.4954,52919.4005,53315.4297,13504910
2025-10-24,54013.4294,54815.3885,53855.0177,54706.4805,15936020
2025-10-27,55597.5454,56226.2417,55528.2403,56211.3906,18654850
2025-10-28,55780.7095,55820.3124,55087.6584,55652.0000,13162980
2025-10-29,56335.1506,56845.0381,55592.5959,56815.3359,14601940
2025-10-30,57395.9462,57926.9307,56817.3221,57013.8359,23644890
2025-10-31,57167.6726,57743.3193,56726.0127,57708.5820,18545470
2025-11-03,57847.5343,59480.1875,57683.7727,59480.1875,19716760
2025-11-04,59470.2570,59559.5815,57807.8291,57842.5664,23332290
2025-11-05,56745.8635,56850.0754,54061.1663,56239.6914,33965750
2025-11-06,57594.4448,57785.0037,55832.7674,56547.3633,17605590
2025-11-07,55525.0977,56706.1660,54562.3781,55525.0977,22145410
2025-11-10,56085.8519,57564.6683,55932.0152,57222.2578,13611870
2025-11-11,58011.2970,59083.1909,57227.2264,57758.2109,18535780
2025-11-12,57708.5803,58507.5382,57415.7945,58358.6641,12427000
2025-11-13,57951.7445,58914.4640,57917.0072,58626.6406,12559270
2025-11-14,56884.8134,57266.9237,56085.8555,56085.8555,17102390
2025-11-17,56969.1729,57361.2081,56646.6122,57281.8086,11984460
2025-11-18,56552.3269,57058.4990,55311.7090,55381.1836,15573970
2025-11-19,55505.2439,55537.0038,53922.2155,54994.1094,18569590
2025-11-20,56601.9523,57058.4997,56075.9303,56175.1797,16962610
2025-11-21,53778.3041,54234.8515,53520.2556,53818.0039,20274930
2025-11-24,54785.6866,54949.4481,53718.7552,53803.1172,15174650
2025-11-25,55326.5959,55500.2824,53827.9294,54195.1523,13967140
2025-11-26,54666.5839,55659.0781,54309.2859,55659.0781,14646050
2025-11-27,56165.2540,56721.0509,55793.0687,56051.1172,12038700
2025-11-28,56314.1274,56314.1274,55138.0216,55232.3086,11190210
2025-12-01,55788.1050,56001.4913,54661.6239,55157.8711,9238373
2025-12-02,55505.2426,56378.6375,55410.9556,56249.6133,10143200
2025-12-03,56467.9671,57177.6006,56170.2188,56864.9648,14608630
2025-12-04,56577.1391,56721.0508,56016.3798,56721.0508,11107430
2025-12-05,56587.0655,57802.8711,56338.9419,57802.8711,14185180
2025-12-08,58016.2563,58581.9781,57480.3094,58577.0156,12087290
2025-12-09,58328.8910,58606.7894,58026.1803,58264.3789,7769893
2025-12-10,58408.2865,58864.8339,58095.6508,58239.5625,7974892
2025-12-11,58586.9382,58864.8366,57743.3181,57763.1680,8650999
2025-12-12,58050.9974,58641.5315,57807.8362,58552.2070,9123588
2025-12-15,57132.9333,57688.7301,56914.5846,57222.2578,11192490
2025-12-16,57142.8605,57336.3969,55936.9799,55976.6797,12221020
2025-12-17,56204.9510,57078.3460,55907.2027,57058.4961,10160810
2025-12-18,56150.3662,56810.3750,55936.9800,56393.5273,14319120
2025-12-19,57222.2618,57291.7364,56413.3789,56691.2773,9591822
2025-12-22,57902.1185,58041.0677,57653.9949,57986.4805,10268720
2025-12-23,58274.3064,58641.5293,58100.6198,58155.2070,10148620
2025-12-24,58477.7670,58537.3167,58155.2063,58170.0938,9325111
2025-12-26,58408.2913,58969.0506,58373.5540,58666.3398,8018196
2025-12-29,59192.3639,60294.0326,59182.4390,60264.2578,12193580
2025-12-30,60001.2478,60676.1440,59877.1860,60437.9453,10982220
2026-01-02,60457.7889,62288.9408,60457.7889,62189.6914,10756090
2026-01-05,63370.7599,64631.2277,63370.7599,64551.8281,14492680
2026-01-06,64358.2922,65727.9343,63594.0716,65713.0469,17793210
2026-01-07,66516.9749,67315.9329,65261.4695,66219.2266,17669660
2026-01-08,65772.5958,67499.5358,65737.8585,66119.9688,12739580
2026-01-09,65837.1080,66889.1519,65316.0485,66675.7656,13826150
2026-01-12,67524.3491,67683.1482,66308.5436,67102.5391,13454910
2026-01-13,67638.4815,68010.6668,67176.9717,67951.1172,13474250
2026-01-14,67812.1779,68387.8246,67668.2662,68323.3125,11019340
2026-01-15,68085.1050,69489.4844,68020.5929,69489.4844,10321910
2026-01-16,69717.7576,70566.3402,69489.4840,70223.9297,16458710
2026-01-19,70040.3241,71524.1031,69970.8495,71241.2422,12430230
2026-01-20,71092.3694,71538.9918,69871.6013,70655.6719,16270500
2026-01-21,69375.3527,71395.0787,69315.8031,71216.4297,16073530
2026-01-22,72586.0684,73166.6776,71732.5233,71985.6094,17632700
2026-01-23,72457.0486,73047.5827,71568.7661,72476.8984,14908170
2026-01-26,72591.0375,73052.5474,71697.7926,71762.3047,14355830
2026-01-27,71529.0684,74268.3528,70883.9471,74213.7656,13660430
2026-01-28,75082.1983,75925.8185,74764.6001,75603.2578,13993660
2026-01-29,76696.1457,77083.6254,74103.0122,76537.1797,21702200
2026-01-30,75990.7365,78231.1642,75965.8981,76805.4375,16021980
2026-02-02,75190.9378,76209.3141,72120.9062,72230.1953,27331580
2026-02-03,74962.4306,77784.0781,74793.5292,77784.0781,15709260
2026-02-04,77133.3088,79035.9337,76765.6998,78872.0000,19180980
2026-02-05,76651.4377,77664.8462,75136.2927,75518.8047,23642880
2026-02-06,73174.0545,75166.0977,71639.0387,74709.0703,23275180
2026-02-09,77858.5884,78429.8727,77495.9472,77833.7500,17295870
2026-02-10,78787.5430,79021.0243,77848.6498,77928.1328,14716930
2026-02-11,77719.4936,79070.7049,77123.3709,78603.7422,12643100
2026-02-12,79746.3159,81455.2010,79413.4807,81445.2656,19692360
2026-02-13,81256.4847,82582.8576,80824.2957,81331.0000,18091480
2026-02-19,83367.7503,83983.7437,82872.9685,83844.6484,19298740
2026-02-20,84028.4598,85871.4724,83869.4937,85742.3125,16572300
2026-02-23,87456.1603,87903.2523,85603.2124,86378.1719,20224730
2026-02-24,86462.6247,88573.8925,85349.8624,88509.3125,19422600
2026-02-25,89279.3045,91256.4447,88698.0849,90302.6484,26181980
2026-02-26,90963.3460,94480.4695,90734.8323,94410.9219,24723190
2026-02-27,92389.0758,95101.4338,91882.3715,93511.7734,32570370
2026-03-03,91440.2518,92190.3729,86144.6953,86144.6953,39338160
2026-03-04,82741.8328,84550.0717,75245.5897,75409.5234,70124750
2026-03-05,83472.0696,86139.7183,81643.9602,83029.9453,43909100
2026-03-06,81226.6800,83258.4647,79731.4056,83020.0156,25625900
2026-03-09,77123.3706,78444.7758,75106.4889,77724.4609,32610060
2026-03-10,82165.5737,83447.2374,80501.3979,82364.2812,22322810
2026-03-11,84401.0347,85528.7001,82508.3452,83283.3047,20831090
2026-03-12,82528.2161,83548.5795,81847.6428,82662.3438,12702610
2026-03-13,79572.4405,81981.7696,79408.5068,81013.0703,18409990
2026-03-16,81430.3581,82617.6358,80710.0432,82448.7344,17076990
2026-03-17,85146.1881,85369.7341,83973.8135,84088.0703,17037810
2026-03-18,86080.1107,89001.1117,86050.3046,88792.4688,20662540
2026-03-19,85717.4758,87823.7760,85672.7666,86189.4062,19623200
2026-03-20,86765.6547,87182.9406,85945.9860,86099.9844,14345890
2026-03-23,82627.5693,82821.3091,80133.7895,80501.3984,31562960
2026-03-24,84187.4186,84271.8693,80367.2661,82965.3672,25572400
2026-03-25,84748.7698,85896.3059,83755.2321,83963.8750,16581770
2026-03-26,83059.7552,83223.6889,80695.1353,81072.6797,17119970
2026-03-27,78375.2309,81018.0415,77237.6301,80700.1094,16138200
2026-03-30,76825.3110,78638.5175,76209.3175,78171.5547,17986750
2026-03-31,75792.0295,77570.4621,74624.6226,74942.5547,23751280
2026-04-01,79418.4430,82274.8642,78375.2284,81639.0000,22033480
2026-04-02,82677.2461,83213.7565,76522.2796,77684.7188,34620270
2026-04-03,79691.6634,80675.2658,79090.5731,80054.3047,14703480
2026-04-06,80883.9081,82319.5701,80682.2199,81221.7109,13066640
2026-04-07,83015.0522,83839.6886,81157.1365,82235.1250,19650420
2026-04-08,87282.2910,89487.9448,86835.1990,88424.8594,29329010
2026-04-09,87739.3219,88161.5755,86507.3351,86686.1719,20553040
2026-04-10,88221.1890,89224.6622,87947.9661,88082.0938,12112240
2026-04-13,85906.2456,87520.7445,85851.6010,87312.1016,13658530
2026-04-14,89661.8127,91008.0563,89373.6868,89845.6172,17031930
2026-04-15,92801.3898,93571.3815,91609.1445,92066.1719,22556410
2026-04-16,92856.0387,94142.6701,92433.7852,94097.9609,16849470
2026-04-17,93943.9631,94073.1230,93024.9407,93442.2266,13116520
2026-04-20,93874.4172,94818.2781,93149.1347,93889.3203,14275540
2026-04-21,95061.6929,96383.0981,95007.0483,96293.6797,18194780
2026-04-22,96358.2622,96770.5803,95220.6614,96671.2266,18496010
2026-04-23,97798.8971,99209.7208,95056.7327,97719.4141,23967300
2026-04-24,98057.2119,98390.0470,96283.7469,97366.7031,16267000
2026-04-27,98345.3367,100511.2490,98265.8536,99592.2266,15757180
2026-04-28,100203.2483,101395.4936,99771.0594,100049.2500,14306460
2026-04-29,99546.2776,101093.1120,99316.7474,100838.6328,12365720
2026-04-30,101547.1826,102021.2125,99641.0835,99700.9609,16456250
2026-05-04,102320.6002,105084.9429,101656.9583,105079.9531,18089450
2026-05-06,111232.3684,114086.5275,110274.3290,113038.6719,29550190
2026-05-07,115069.5105,115942.7235,111407.0058,115383.8672,26974170
2026-05-08,112769.2232,115633.3618,112429.9175,115573.4844,21327490
2026-05-11,120383.6418,123053.1788,119655.1327,121556.2422,27029560
2026-05-12,123811.6258,124545.1247,115408.8217,118856.7656,32050390
2026-05-13,116247.1011,122544.2141,114670.3279,122404.5000,23232590
2026-05-14,122539.2252,125155.8702,122354.6030,124600.0078,23542840
2026-05-15,124280.6602,125882.3823,114859.9397,116960.6406,30488390
2026-05-18,115822.9712,119655.1288,111317.1922,117599.3359,26713440
2026-05-19,115867.8834,116242.1176,111526.7672,114081.5391,22841550
2026-05-20,114560.5519,114884.8881,110259.3543,113108.5234,22359550
2026-05-21,117454.6289,123068.1409,117284.9761,122808.6719,19375730
2026-05-22,123851.5440,123886.4725,121870.5979,123098.0859,18073090
2026-05-26,126121.8987,127988.0796,125592.9811,126496.1328,17406510
2026-05-27,129480.0196,134579.5834,129380.2238,130333.2734,28161690
2026-05-28,129270.4527,131031.8480,124001.2359,129724.5234,23583700
2026-05-29,133257.2962,134674.3962,131730.4209,134539.6719,18852380
2026-06-01,134724.2946,142019.3657,134539.6725,141106.2344,25511960
2026-06-02,142408.5618,143351.6318,136151.3671,141285.8594,25782080
2026-06-04,138092.3969,140682.0971,137179.2656,138446.6719,17958590
2026-06-05,133172.4663,134285.1891,128222.5961,130762.3984,24790440
2026-06-08,118771.9334,125408.3520,117689.1493,119315.8203,28098581
2026-06-09,124525.1607,130178.5910,121162.0433,129864.2344,18130146
2026-06-10,125657.8422,127763.5329,120114.1872,123542.1719,17940670
2026-06-11,118901.6715,124619.9692,117599.3367,123597.0625,13788820
2026-06-12,131236.4277,135083.5546,128996.0126,129005.9922,23629780
2026-06-15,136041.5950,137708.1844,135442.8204,136011.6562,21585190
2026-06-16,139215.1021,140138.2130,136370.9226,139265.0000,16326020
2026-06-17,137438.7286,142059.2725,137328.9532,141764.8750,16301200
2026-06-18,142014.3670,146879.4107,141889.6223,146644.8906,20153820
2026-06-19,148695.7004,152143.6443,142807.7498,146609.9688,26620200
2026-06-22,144394.5006,150427.1550,144050.2052,148052.0156,19335392
2026-06-23,148007.1157,148895.2981,132229.4035,132548.7500,32931869
2026-06-24,134370.0228,139210.1180,130587.7629,137862.8750,32994512
2026-06-25,145681.8655,147817.4950,142827.7065,145532.1719,17200294
2026-06-26,143695.9383,144554.1820,132324.2096,137099.4375,29479487
2026-06-29,136216.2429,138426.7193,131650.5862,136136.4062,22249173
2026-06-30,136126.4263,141001.4499,133032.7573,138296.9844,17098232
2026-07-01,139384.7582,140267.9508,131346.2086,134250.2656,16469581
2026-07-02,127304.4782,130957.0035,121700.9455,123277.7188,24238689
2026-07-03,124130.9678,131495.8956,118407.6804,130742.4375,25609740
2026-07-06,132488.8686,134444.8658,125742.6744,129859.2500,20416755
2026-07-07,127089.9177,128432.1709,118627.2361,123457.3516,23459803
2026-07-08,119729.9766,125637.8863,115323.9933,116626.3281,28898857
2026-07-09,121067.2422,121830.6799,113527.6715,117459.6250,25543395
2026-07-10,122000.3279,124140.9472,119385.6787,120358.6875,21935200
2026-07-13,119385.6806,121057.2598,107879.2283,108597.7578,28358089
2026-07-14,108597.7599,111651.5106,102575.0850,109495.9219,33989327
2026-07-15,116346.9001,119226.0081,115314.0139,116496.5938,21886708
2026-07-16,110893.0610,111506.8050,106926.1791,108777.3906,20103895
2026-07-20,104037.0897,108727.4909,102809.6017,103882.4062,24229515
2026-07-21,103593.0017,109470.9727,102245.7588,107919.1484,20630435
2026-07-22,113338.0568,114765.1363,108093.7891,108093.7891,18621312
2026-07-23,110992.8550,113367.9943,109925.0403,112998.7500,13470411
2026-07-24,111302.2251,111456.9085,105229.6523,106147.7734,16981074
2026-07-27,108577.7991,108577.7991,103777.6225,107509.9844,15613649
2026-07-28,101347.5928,101691.8882,94616.3682,95479.6016,21909756
2026-07-29,96417.6835,98707.9964,82541.0816,89422.0000,38902565
2026-07-30,89325.0000,94300.0000,86785.0000,87635.0000,40431123
2026-07-31,97905.0000,110000.0000,97475.0000,108820.0000,34727609
2026-08-03,101980.0000,102000.0000,98355.0000,99105.0000,27169695
2026-08-04,100720.0000,101110.0000,95720.0000,100330.0000,21430764
2026-08-05,105050.0000,105660.0000,103300.0000,104300.0000,18191398
2026-08-06,102060.0000,103220.0000,98030.0000,98900.0000,14845527
2026-08-07,99800.0000,100880.0000,96515.0000,98090.0000,14130664
2026-08-10,98835.0000,100345.0000,97260.0000,98265.0000,13128894
2026-08-11,97570.0000,100350.0000,96650.0000,99265.0000,14065397
2026-08-12,100550.0000,104990.0000,100240.0000,103250.0000,15084783
2026-08-13,107030.0000,108930.0000,106620.0000,108010.0000,8141637
